"DATASET SUELO INTELIGENTE + NASA POWER — SOCONUSCO, CHIAPAS  |  3,000 lecturas  |  25 parcelas  |  2015-2024",,,,,,,,,,,,,,,,,,,,,,,,,
"ID
Parcela",Cultivo,Municipio,Año,Mes,"Num
Mes","T
Total",pH,"Humedad
%","N
ppm","P
ppm","K
ppm","CE
dS/m","Temp
°C","Aplic.
N","Aplic.
P","Aplic.
K",Encal.,Estado,"NASA
T2M °C","NASA
RH2M %","NASA
Prec
mm/día","NASA
GWET
suelo",Lat,Lon,
P001,Cacao,Tapachula,2015,Ene,1,0,6.17,40.7,31.7,18.4,168.6,1.17,26.5,0,0,0,0,Óptimo,27,73,0,0.407,14.9,-92.27,97
P001,Cacao,Tapachula,2015,Feb,2,1,6.16,33.1,33.3,16.6,158.9,1.16,26.7,0,0,0,0,Precaución,27.5,71.5,0.04,0.331,14.9,-92.27,97
P001,Cacao,Tapachula,2015,Mar,3,2,6.16,43.7,30.5,18.9,156.9,1.24,28.2,0,0,0,0,Óptimo,28.4,70,0.36,0.437,14.9,-92.27,97
P001,Cacao,Tapachula,2015,Abr,4,3,6.11,44.6,28.9,19.1,158,1.22,28.9,0,0,0,0,Óptimo,28.9,72,1.7,0.446,14.9,-92.27,97
P001,Cacao,Tapachula,2015,May,5,4,6.22,69.8,31.3,18.7,160.2,1.19,28.5,0,0,0,0,Óptimo,28.5,75.3,4.37,0.698,14.9,-92.27,97
P001,Cacao,Tapachula,2015,Jun,6,5,6.13,87.6,31.9,17.2,164.9,1.24,27,0,0,0,0,Óptimo,27.2,85.2,7.97,0.876,14.9,-92.27,97
P001,Cacao,Tapachula,2015,Jul,7,6,6.17,79.3,39,18.2,167.9,1.23,26.4,8,0,6,0,Óptimo,26.6,87.8,7.02,0.793,14.9,-92.27,97
P001,Cacao,Tapachula,2015,Ago,8,7,6.19,79.1,30.2,18.1,157.7,1.26,26.4,0,0,0,0,Óptimo,26.8,86.7,8.46,0.791,14.9,-92.27,97
P001,Cacao,Tapachula,2015,Sep,9,8,6.19,91.5,29.6,17.2,161.9,1.3,26.2,0,0,0,0,Precaución,26.6,86.5,9.18,0.915,14.9,-92.27,97
P001,Cacao,Tapachula,2015,Oct,10,9,6.14,84.5,32.2,17.5,157.1,1.28,26,0,0,0,0,Óptimo,26.9,88.8,7.08,0.845,14.9,-92.27,97
P001,Cacao,Tapachula,2015,Nov,11,10,6.14,63.5,32.5,18.6,162,1.27,26,0,0,0,0,Óptimo,26,82.7,3.01,0.635,14.9,-92.27,97
P001,Cacao,Tapachula,2015,Dic,12,11,6.06,46.7,30,17.7,168.1,1.19,26.4,0,0,0,0,Óptimo,26.4,71.6,0.78,0.467,14.9,-92.27,97
P001,Cacao,Tapachula,2016,Ene,1,12,6.21,38.7,38.4,21.1,167.3,1.28,26.1,8,4,6,0,Óptimo,26.9,72.8,0.14,0.387,14.9,-92.27,97
P001,Cacao,Tapachula,2016,Feb,2,13,6.13,37.9,29.8,17,155.3,1.25,27.1,0,0,0,0,Óptimo,27,70.5,0,0.379,14.9,-92.27,97
P001,Cacao,Tapachula,2016,Mar,3,14,6.17,37.9,31.4,18.4,159.8,1.22,27.9,0,0,0,0,Óptimo,27.6,70.5,1.29,0.379,14.9,-92.27,97
P001,Cacao,Tapachula,2016,Abr,4,15,6.13,41.1,28.5,16.8,160.8,1.22,28.5,0,0,0,0,Óptimo,28.4,72.7,1.37,0.411,14.9,-92.27,97
P001,Cacao,Tapachula,2016,May,5,16,6.15,69.3,31,15.9,154.8,1.23,28.3,0,0,0,0,Óptimo,28.2,79.3,3.39,0.693,14.9,-92.27,97
P001,Cacao,Tapachula,2016,Jun,6,17,6.12,84.7,26.6,17.9,155.9,1.29,26.8,0,0,0,0,Óptimo,27.4,80.4,7.77,0.847,14.9,-92.27,97
P001,Cacao,Tapachula,2016,Jul,7,18,6.1,85.9,37.1,18.2,165,1.27,26,8,0,6,0,Óptimo,27.1,86.7,7.78,0.859,14.9,-92.27,97
P001,Cacao,Tapachula,2016,Ago,8,19,6.15,88.8,29.8,19,154.5,1.25,26,0,0,0,0,Precaución,26.9,82.2,7.44,0.888,14.9,-92.27,97
P001,Cacao,Tapachula,2016,Sep,9,20,6.08,89.3,31.5,17,165.3,1.23,26.1,0,0,0,0,Precaución,26.5,88.3,9.49,0.893,14.9,-92.27,97
P001,Cacao,Tapachula,2016,Oct,10,21,6.08,84,30,18.3,160.5,1.29,26.1,0,0,0,0,Óptimo,26.4,84.2,7.01,0.84,14.9,-92.27,97
P001,Cacao,Tapachula,2016,Nov,11,22,6.09,63,29.6,17.9,162.5,1.25,26.1,0,0,0,0,Óptimo,27,83.2,2.58,0.63,14.9,-92.27,97
P001,Cacao,Tapachula,2016,Dic,12,23,6.09,46.5,29.7,17,153.8,1.3,26,0,0,0,0,Óptimo,26.8,76.8,1.42,0.465,14.9,-92.27,97
P001,Cacao,Tapachula,2017,Ene,1,24,6.27,41.2,36.8,20.6,161.1,1.27,26.2,8,4,6,0.15,Óptimo,26.5,76.9,0.84,0.412,14.9,-92.27,97
P001,Cacao,Tapachula,2017,Feb,2,25,6.08,37.2,30.6,15.5,159.8,1.3,26.8,0,0,0,0,Óptimo,27.1,73.7,0.45,0.372,14.9,-92.27,97
P001,Cacao,Tapachula,2017,Mar,3,26,6.07,38.6,31.4,18,151.7,1.37,28.4,0,0,0,0,Óptimo,28.3,67.8,0.83,0.386,14.9,-92.27,97
P001,Cacao,Tapachula,2017,Abr,4,27,6.05,37.7,30.4,17,161.6,1.36,28.7,0,0,0,0,Óptimo,29.3,73.7,0,0.377,14.9,-92.27,97
P001,Cacao,Tapachula,2017,May,5,28,6.04,70.5,30.2,16.8,163.8,1.3,28.2,0,0,0,0,Óptimo,29.3,81.7,3.64,0.705,14.9,-92.27,97
P001,Cacao,Tapachula,2017,Jun,6,29,6.01,87.5,29,17.4,158.7,1.34,27.4,0,0,0,0,Óptimo,27.6,83.3,9.05,0.875,14.9,-92.27,97
P001,Cacao,Tapachula,2017,Jul,7,30,5.92,83,37.4,17.7,171.1,1.35,26.6,8,0,6,0,Precaución,26.6,84.1,7.97,0.83,14.9,-92.27,97
P001,Cacao,Tapachula,2017,Ago,8,31,6.05,85.6,29.5,16.7,170.8,1.32,26.5,0,0,0,0,Óptimo,27.1,83.6,8.17,0.856,14.9,-92.27,97
P001,Cacao,Tapachula,2017,Sep,9,32,6.13,86.5,28.6,18.4,161.8,1.32,26,0,0,0,0,Óptimo,26.9,86.9,9.35,0.865,14.9,-92.27,97
P001,Cacao,Tapachula,2017,Oct,10,33,6,83.2,29.5,17.9,156,1.35,26.1,0,0,0,0,Óptimo,26.7,86.8,7.4,0.832,14.9,-92.27,97
P001,Cacao,Tapachula,2017,Nov,11,34,6.01,71.7,31.6,16.9,155.2,1.37,26.2,0,0,0,0,Óptimo,27.1,84.2,2.74,0.717,14.9,-92.27,97
P001,Cacao,Tapachula,2017,Dic,12,35,5.99,47.8,29.7,17.4,166.1,1.33,26.1,0,0,0,0,Precaución,26.2,76.2,1.42,0.478,14.9,-92.27,97
P001,Cacao,Tapachula,2018,Ene,1,36,6.01,42.9,38.1,21.2,168.3,1.37,26.4,8,4,6,0,Óptimo,26.9,74.1,0.29,0.429,14.9,-92.27,97
P001,Cacao,Tapachula,2018,Feb,2,37,5.98,37.1,30.3,17.1,162.2,1.26,27,0,0,0,0,Precaución,27.2,70.5,0.11,0.371,14.9,-92.27,97
P001,Cacao,Tapachula,2018,Mar,3,38,5.96,31.9,30.5,17,162.8,1.28,27.7,0,0,0,0,Precaución,28.6,71.4,0.37,0.319,14.9,-92.27,97
P001,Cacao,Tapachula,2018,Abr,4,39,5.99,44.6,29.2,17.7,159.2,1.3,28.7,0,0,0,0,Precaución,28.9,72.2,0.65,0.446,14.9,-92.27,97
P001,Cacao,Tapachula,2018,May,5,40,5.99,71.7,27,17.2,165.5,1.37,27.8,0,0,0,0,Precaución,28.8,80.9,4.17,0.717,14.9,-92.27,97
P001,Cacao,Tapachula,2018,Jun,6,41,6.04,88.7,31.1,16.8,157.1,1.32,27,0,0,0,0,Precaución,27,85.2,9.36,0.887,14.9,-92.27,97
P001,Cacao,Tapachula,2018,Jul,7,42,5.96,85.4,36.6,17.4,156.6,1.36,26.7,8,0,6,0,Precaución,26.9,89.3,7.68,0.854,14.9,-92.27,97
P001,Cacao,Tapachula,2018,Ago,8,43,5.88,84.9,29,17.7,161.2,1.37,26.7,0,0,0,0,Precaución,26.4,87.6,7.7,0.849,14.9,-92.27,97
P001,Cacao,Tapachula,2018,Sep,9,44,5.96,89.6,29.6,16.2,156.9,1.39,25.4,0,0,0,0,Precaución,26.4,89,9.05,0.896,14.9,-92.27,97
P001,Cacao,Tapachula,2018,Oct,10,45,5.96,82.6,28.7,15.9,148.1,1.42,26.2,0,0,0,0,Precaución,26.4,88.2,6.99,0.826,14.9,-92.27,97
P001,Cacao,Tapachula,2018,Nov,11,46,5.89,60.9,25.4,17.1,157.3,1.42,26.4,0,0,0,0,Precaución,26.5,83.5,1.97,0.609,14.9,-92.27,97
P001,Cacao,Tapachula,2018,Dic,12,47,5.94,54.1,32.9,17.5,161.7,1.43,26.2,0,0,0,0,Precaución,26,75.3,0.96,0.541,14.9,-92.27,97
P001,Cacao,Tapachula,2019,Ene,1,48,6.06,46.3,36.9,22.5,164.9,1.38,25.9,8,4,6,0.15,Óptimo,27.1,74.7,0.07,0.463,14.9,-92.27,97
P001,Cacao,Tapachula,2019,Feb,2,49,5.92,38.7,29.9,16,158.9,1.38,26.9,0,0,0,0,Precaución,27.7,69.2,0.3,0.387,14.9,-92.27,97
P001,Cacao,Tapachula,2019,Mar,3,50,5.93,34.1,28.1,17.1,158.4,1.44,27.9,0,0,0,0,Precaución,28.3,66.7,0,0.341,14.9,-92.27,97
P001,Cacao,Tapachula,2019,Abr,4,51,5.91,38.2,29.8,16.9,152.7,1.43,29.1,0,0,0,0,Precaución,29.2,72.1,0.77,0.382,14.9,-92.27,97
P001,Cacao,Tapachula,2019,May,5,52,5.92,68.9,28.4,16.9,159.9,1.39,28.3,0,0,0,0,Precaución,29,78.5,4.06,0.689,14.9,-92.27,97
P001,Cacao,Tapachula,2019,Jun,6,53,5.86,86.2,31.6,18.7,155.8,1.45,27,0,0,0,0,Precaución,27.1,83.2,8.02,0.862,14.9,-92.27,97
P001,Cacao,Tapachula,2019,Jul,7,54,5.85,75.9,36.3,16.8,157.2,1.41,26.4,8,0,6,0,Precaución,26.3,84.1,7.04,0.759,14.9,-92.27,97
P001,Cacao,Tapachula,2019,Ago,8,55,5.79,85,28.5,15.6,156.1,1.44,26.5,0,0,0,0,Precaución,26.7,84.6,7.55,0.85,14.9,-92.27,97
P001,Cacao,Tapachula,2019,Sep,9,56,5.87,85.8,28.2,17.1,161,1.43,26.2,0,0,0,0,Precaución,26.8,89.9,9.02,0.858,14.9,-92.27,97
P001,Cacao,Tapachula,2019,Oct,10,57,5.82,81.4,27,16.9,167.7,1.46,26.1,0,0,0,0,Precaución,26.8,82.9,8.05,0.814,14.9,-92.27,97
P001,Cacao,Tapachula,2019,Nov,11,58,5.86,63.7,29.9,17.8,162.9,1.41,26.4,0,0,0,0,Precaución,26.5,84.8,2.4,0.637,14.9,-92.27,97
P001,Cacao,Tapachula,2019,Dic,12,59,5.94,42.7,31.3,16.2,153,1.48,25.9,0,0,0,0,Precaución,27.3,75.1,0.94,0.427,14.9,-92.27,97
P001,Cacao,Tapachula,2020,Ene,1,60,5.86,44,38.3,19.8,169.8,1.39,26,8,4,6,0,Precaución,26.6,72.9,0.34,0.44,14.9,-92.27,97
P001,Cacao,Tapachula,2020,Feb,2,61,5.88,38,25.4,17.9,163.9,1.48,26.8,0,0,0,0,Precaución,28,72.4,1.02,0.38,14.9,-92.27,97
P001,Cacao,Tapachula,2020,Mar,3,62,5.84,33.7,25.6,18.3,161.7,1.43,28.3,0,0,0,0,Precaución,28.6,75,0,0.337,14.9,-92.27,97
P001,Cacao,Tapachula,2020,Abr,4,63,5.84,36.4,28.1,17.4,159.4,1.49,28.7,0,0,0,0,Precaución,28.2,68.3,0.82,0.364,14.9,-92.27,97
P001,Cacao,Tapachula,2020,May,5,64,5.82,65.9,30.5,17,152.3,1.47,28.6,0,0,0,0,Precaución,28.6,83,3.33,0.659,14.9,-92.27,97
P001,Cacao,Tapachula,2020,Jun,6,65,5.83,86.5,26.8,16.7,162.2,1.51,26.8,0,0,0,0,Precaución,27.4,86.5,8.15,0.865,14.9,-92.27,97
P001,Cacao,Tapachula,2020,Jul,7,66,5.84,79.3,38,16.6,162.4,1.46,26.7,8,0,6,0,Precaución,26.5,87.8,7.55,0.793,14.9,-92.27,97
P001,Cacao,Tapachula,2020,Ago,8,67,5.82,83.1,28.8,17.8,168.2,1.46,27.1,0,0,0,0,Precaución,27.4,84.4,8.09,0.831,14.9,-92.27,97
P001,Cacao,Tapachula,2020,Sep,9,68,5.78,86.9,28.6,16.7,162.5,1.4,26.2,0,0,0,0,Precaución,26.3,90.4,8.56,0.869,14.9,-92.27,97
P001,Cacao,Tapachula,2020,Oct,10,69,5.79,84.2,31,15.9,153.8,1.5,26.5,0,0,0,0,Precaución,27.1,85.2,7.56,0.842,14.9,-92.27,97
P001,Cacao,Tapachula,2020,Nov,11,70,5.86,67.2,31.2,16.8,160.4,1.44,25.9,0,0,0,0,Precaución,27,81.8,1.94,0.672,14.9,-92.27,97
P001,Cacao,Tapachula,2020,Dic,12,71,5.82,51.4,29,16.3,156.3,1.51,26.2,0,0,0,0,Precaución,25.6,76.4,0.18,0.514,14.9,-92.27,97
P001,Cacao,Tapachula,2021,Ene,1,72,5.96,40.8,38.4,21.5,166.8,1.51,26.6,8,4,6,0.15,Precaución,26.8,74.1,0.91,0.408,14.9,-92.27,97
P001,Cacao,Tapachula,2021,Feb,2,73,5.82,36.5,28.5,17.3,155.4,1.47,27.4,0,0,0,0,Precaución,28.3,69.8,0.52,0.365,14.9,-92.27,97
P001,Cacao,Tapachula,2021,Mar,3,74,5.81,32.7,29.6,16.2,159.3,1.48,27.8,0,0,0,0,Precaución,29.4,69.2,0.1,0.327,14.9,-92.27,97
P001,Cacao,Tapachula,2021,Abr,4,75,5.67,36.1,28.8,17.4,155.8,1.53,28.4,0,0,0,0,Precaución,28.7,69,0.24,0.361,14.9,-92.27,97
P001,Cacao,Tapachula,2021,May,5,76,5.79,68.2,30.8,17.9,164.4,1.46,28.3,0,0,0,0,Precaución,29,75.9,4.87,0.682,14.9,-92.27,97
P001,Cacao,Tapachula,2021,Jun,6,77,5.79,86.6,31.2,16.7,155.3,1.45,27.3,0,0,0,0,Precaución,27.6,85.1,7,0.866,14.9,-92.27,97
P001,Cacao,Tapachula,2021,Jul,7,78,5.73,82.5,35.9,16.5,164.3,1.47,26.7,8,0,6,0,Precaución,27.7,89.3,7.19,0.825,14.9,-92.27,97
P001,Cacao,Tapachula,2021,Ago,8,79,5.79,81.6,28.5,17.6,166.9,1.56,26.6,0,0,0,0,Precaución,26.9,86.9,7.3,0.816,14.9,-92.27,97
P001,Cacao,Tapachula,2021,Sep,9,80,5.75,85.6,27.3,17,163.8,1.5,26.4,0,0,0,0,Precaución,25.8,87.9,10.07,0.856,14.9,-92.27,97
P001,Cacao,Tapachula,2021,Oct,10,81,5.72,81,28.2,18,164.1,1.58,26.4,0,0,0,0,Precaución,26.9,84.2,6.73,0.81,14.9,-92.27,97
P001,Cacao,Tapachula,2021,Nov,11,82,5.7,64,29.1,16.2,160.9,1.5,26.3,0,0,0,0,Precaución,26.4,84.7,1.72,0.64,14.9,-92.27,97
P001,Cacao,Tapachula,2021,Dic,12,83,5.73,51.9,29.3,17.3,155.6,1.57,26,0,0,0,0,Precaución,27.1,80.3,0.44,0.519,14.9,-92.27,97
P001,Cacao,Tapachula,2022,Ene,1,84,5.7,43.3,37,20.5,171.8,1.47,26.5,8,4,6,0,Precaución,27,74.7,0,0.433,14.9,-92.27,97
P001,Cacao,Tapachula,2022,Feb,2,85,5.72,37.6,29.1,16.4,155.7,1.58,27.3,0,0,0,0,Precaución,27.2,68.9,0.88,0.376,14.9,-92.27,97
P001,Cacao,Tapachula,2022,Mar,3,86,5.75,34.8,28.1,17.1,159.3,1.52,28.2,0,0,0,0,Atención,28.2,70.3,0.22,0.348,14.9,-92.27,97
P001,Cacao,Tapachula,2022,Abr,4,87,5.74,42.6,29.2,16.6,155.8,1.51,28.8,0,0,0,0,Precaución,29.3,70.4,0.93,0.426,14.9,-92.27,97
P001,Cacao,Tapachula,2022,May,5,88,5.76,70.2,27.8,16.6,162.2,1.52,28.6,0,0,0,0,Precaución,28.3,78.2,4.59,0.702,14.9,-92.27,97
P001,Cacao,Tapachula,2022,Jun,6,89,5.69,84.4,26.6,16,150.1,1.62,26.9,0,0,0,0,Precaución,27.4,89,7.74,0.844,14.9,-92.27,97
P001,Cacao,Tapachula,2022,Jul,7,90,5.71,79.9,36,16.4,163.5,1.57,26.5,8,0,6,0,Precaución,26.8,86.7,8,0.799,14.9,-92.27,97
P001,Cacao,Tapachula,2022,Ago,8,91,5.74,85,27,16.9,151.7,1.58,26.8,0,0,0,0,Precaución,26.8,86.7,7.79,0.85,14.9,-92.27,97
P001,Cacao,Tapachula,2022,Sep,9,92,5.7,89.8,27.5,15.9,152.5,1.56,26.4,0,0,0,0,Atención,26.9,88.2,9.15,0.898,14.9,-92.27,97
P001,Cacao,Tapachula,2022,Oct,10,93,5.63,80.5,26.6,17.5,163,1.55,26.2,0,0,0,0,Precaución,26.8,86.3,7.62,0.805,14.9,-92.27,97
P001,Cacao,Tapachula,2022,Nov,11,94,5.66,67.5,28.6,16,158.7,1.64,26.6,0,0,0,0,Precaución,26.7,84.2,2.19,0.675,14.9,-92.27,97
P001,Cacao,Tapachula,2022,Dic,12,95,5.59,44.8,27.5,15.3,159.9,1.53,26.5,0,0,0,0,Precaución,26.2,77.3,0.97,0.448,14.9,-92.27,97
P001,Cacao,Tapachula,2023,Ene,1,96,5.84,45.2,35.6,21.5,161.2,1.58,26.7,8,4,6,0.15,Precaución,26.4,76.4,0.29,0.452,14.9,-92.27,97
P001,Cacao,Tapachula,2023,Feb,2,97,5.62,42,27.2,16.4,166,1.63,27.4,0,0,0,0,Precaución,26.8,71.3,0.15,0.42,14.9,-92.27,97
P001,Cacao,Tapachula,2023,Mar,3,98,5.59,34.8,25.6,16,157,1.61,28.4,0,0,0,0,Atención,28.9,70.1,0,0.348,14.9,-92.27,97
P001,Cacao,Tapachula,2023,Abr,4,99,5.58,43.8,29.7,16.9,156.8,1.58,29,0,0,0,0,Precaución,29.5,71,0.86,0.438,14.9,-92.27,97
P001,Cacao,Tapachula,2023,May,5,100,5.64,67.1,26,16.6,160.1,1.6,28.3,0,0,0,0,Precaución,28.5,78.8,4.49,0.671,14.9,-92.27,97
P001,Cacao,Tapachula,2023,Jun,6,101,5.58,80.4,27.6,16.2,157.2,1.67,26.8,0,0,0,0,Precaución,28.3,86.1,7.79,0.804,14.9,-92.27,97
P001,Cacao,Tapachula,2023,Jul,7,102,5.56,83.6,35.5,16.5,167.3,1.61,26.8,8,0,6,0,Precaución,26.7,84.9,7.13,0.836,14.9,-92.27,97
P001,Cacao,Tapachula,2023,Ago,8,103,5.55,81,25.2,15.3,160.9,1.57,26.3,0,0,0,0,Precaución,26.9,83.7,7.67,0.81,14.9,-92.27,97
P001,Cacao,Tapachula,2023,Sep,9,104,5.57,85.1,28.4,17.1,161.3,1.6,26,0,0,0,0,Precaución,26.6,87.8,9.1,0.851,14.9,-92.27,97
P001,Cacao,Tapachula,2023,Oct,10,105,5.6,84.9,26.1,16.3,154.4,1.58,26.3,0,0,0,0,Precaución,26.6,86.8,7.64,0.849,14.9,-92.27,97
P001,Cacao,Tapachula,2023,Nov,11,106,5.57,62.5,27.3,16.4,161.6,1.6,26.3,0,0,0,0,Precaución,27,84.3,1.14,0.625,14.9,-92.27,97
P001,Cacao,Tapachula,2023,Dic,12,107,5.61,53.4,25.7,17,163.5,1.64,26.7,0,0,0,0,Precaución,26.5,74.5,0.98,0.534,14.9,-92.27,97
P001,Cacao,Tapachula,2024,Ene,1,108,5.57,45.3,33.9,20.9,160.3,1.63,26.5,8,4,6,0,Precaución,26.8,74,0.81,0.453,14.9,-92.27,97
P001,Cacao,Tapachula,2024,Feb,2,109,5.54,38.2,28.3,16.9,159.8,1.65,26.9,0,0,0,0,Precaución,27.1,72,0.02,0.382,14.9,-92.27,97
P001,Cacao,Tapachula,2024,Mar,3,110,5.52,32.2,24.9,14.5,160.4,1.63,28.4,0,0,0,0,Atención,29,67.9,0.18,0.322,14.9,-92.27,97
P001,Cacao,Tapachula,2024,Abr,4,111,5.53,38.3,26.5,15,150.5,1.61,28.7,0,0,0,0,Precaución,29.2,71.2,0.97,0.383,14.9,-92.27,97
P001,Cacao,Tapachula,2024,May,5,112,5.51,68.2,28,16.4,151.3,1.68,28,0,0,0,0,Precaución,28.3,76.8,3.84,0.682,14.9,-92.27,97
P001,Cacao,Tapachula,2024,Jun,6,113,5.49,86.9,27.7,14.9,162,1.65,27.3,0,0,0,0,Atención,27.5,84.3,8.41,0.869,14.9,-92.27,97
P001,Cacao,Tapachula,2024,Jul,7,114,5.45,81.9,34.9,15.3,170.2,1.58,26.9,8,0,6,0,Atención,26.1,89.7,7.63,0.819,14.9,-92.27,97
P001,Cacao,Tapachula,2024,Ago,8,115,5.51,85.7,26.5,16.1,160.4,1.61,26.6,0,0,0,0,Precaución,27,85.8,7.21,0.857,14.9,-92.27,97
P001,Cacao,Tapachula,2024,Sep,9,116,5.5,87,27.1,15.7,153,1.7,26.2,0,0,0,0,Precaución,26.7,86.9,9.04,0.87,14.9,-92.27,97
P001,Cacao,Tapachula,2024,Oct,10,117,5.53,75.3,27.1,15.1,156.7,1.68,27.2,0,0,0,0,Precaución,27,83,7.62,0.753,14.9,-92.27,97
P001,Cacao,Tapachula,2024,Nov,11,118,5.47,66.7,28.9,15.1,160.9,1.68,26.4,0,0,0,0,Atención,26.4,82.9,1.96,0.667,14.9,-92.27,97
P001,Cacao,Tapachula,2024,Dic,12,119,5.47,49,28.4,15.9,157.8,1.68,26.3,0,0,0,0,Atención,26.5,73.2,0.8,0.49,14.9,-92.27,97
P002,Café,Tapachula,2015,Ene,1,0,5.97,45.6,25.5,17.4,128.4,0.94,25.9,0,0,0,0,Precaución,26.5,70.2,0.99,0.456,14.9,-92.27,97
P002,Café,Tapachula,2015,Feb,2,1,5.93,39.3,25.6,16.4,126.7,1.06,27.4,0,0,0,0,Precaución,26.9,71.4,0,0.393,14.9,-92.27,97
P002,Café,Tapachula,2015,Mar,3,2,5.91,37.8,24.4,16.2,133.8,1.01,28.2,0,0,0,0,Precaución,28,68.6,0.77,0.378,14.9,-92.27,97
P002,Café,Tapachula,2015,Abr,4,3,6.01,41.4,22.9,15.4,130,1.08,28.4,0,0,0,0,Óptimo,28.7,73.1,1,0.414,14.9,-92.27,97
P002,Café,Tapachula,2015,May,5,4,5.89,65.4,24.2,16,130.4,1,28.2,0,0,0,0,Precaución,28.3,78.6,4.79,0.654,14.9,-92.27,97
P002,Café,Tapachula,2015,Jun,6,5,5.95,82.9,24.5,16.9,125.2,1.09,26.7,0,0,0,0,Precaución,27,85.5,7.43,0.829,14.9,-92.27,97
P002,Café,Tapachula,2015,Jul,7,6,5.95,83.3,29.8,16.1,133.6,1.04,26.3,6,0,5,0,Precaución,26.7,85.9,7.15,0.833,14.9,-92.27,97
P002,Café,Tapachula,2015,Ago,8,7,5.97,86.4,24.7,15.6,122.2,1,26.7,0,0,0,0,Precaución,26.3,90,7.33,0.864,14.9,-92.27,97
P002,Café,Tapachula,2015,Sep,9,8,5.94,86,24.1,15.2,129.4,1.01,26.2,0,0,0,0,Precaución,26.5,87,8.9,0.86,14.9,-92.27,97
P002,Café,Tapachula,2015,Oct,10,9,5.9,83.8,22.6,15.1,132.8,1.01,26.6,0,0,0,0,Precaución,26.2,82.4,8.41,0.838,14.9,-92.27,97
P002,Café,Tapachula,2015,Nov,11,10,5.87,65,22.4,16.1,130.5,1.07,26,0,0,0,0,Precaución,26.6,84.3,3.02,0.65,14.9,-92.27,97
P002,Café,Tapachula,2015,Dic,12,11,5.9,43.2,22.7,15.2,126.9,0.98,25.9,0,0,0,0,Precaución,26.1,76.6,0.86,0.432,14.9,-92.27,97
P002,Café,Tapachula,2016,Ene,1,12,5.92,38.5,29.7,19.7,131.6,1.08,26,6,3,5,0,Precaución,26.3,73.4,0,0.385,14.9,-92.27,97
P002,Café,Tapachula,2016,Feb,2,13,5.87,42.7,24.2,16.5,128.7,1.04,27,0,0,0,0,Precaución,27.3,73.2,0.43,0.427,14.9,-92.27,97
P002,Café,Tapachula,2016,Mar,3,14,5.9,39,22.2,15.1,126.8,1.05,28.1,0,0,0,0,Precaución,28.4,70.8,0,0.39,14.9,-92.27,97
P002,Café,Tapachula,2016,Abr,4,15,5.82,38.6,22.6,17,129,1.07,28.9,0,0,0,0,Precaución,29.3,71.8,0.66,0.386,14.9,-92.27,97
P002,Café,Tapachula,2016,May,5,16,5.87,72.6,24.6,14.9,126.7,1.03,28.1,0,0,0,0,Precaución,28.9,82.7,3.56,0.726,14.9,-92.27,97
P002,Café,Tapachula,2016,Jun,6,17,5.88,85.2,24.1,16.4,125.1,1.15,26.9,0,0,0,0,Precaución,27.1,88.6,8.21,0.852,14.9,-92.27,97
P002,Café,Tapachula,2016,Jul,7,18,5.85,85,29.2,15.8,129,1.04,26.7,6,0,5,0,Precaución,27.1,84.2,7.37,0.85,14.9,-92.27,97
P002,Café,Tapachula,2016,Ago,8,19,5.84,88.2,24.3,15.8,124,1.08,26.5,0,0,0,0,Precaución,26.5,85.7,7.7,0.882,14.9,-92.27,97
P002,Café,Tapachula,2016,Sep,9,20,5.93,88.7,20.5,14.4,118.6,1.08,26.3,0,0,0,0,Atención,25.8,84.1,8.71,0.887,14.9,-92.27,97
P002,Café,Tapachula,2016,Oct,10,21,5.82,81,24,15.6,131.7,1.08,26.2,0,0,0,0,Precaución,26.9,89.7,7.26,0.81,14.9,-92.27,97
P002,Café,Tapachula,2016,Nov,11,22,5.81,63.7,24.5,16.2,130.5,1.03,26,0,0,0,0,Precaución,26.7,79.6,1.99,0.637,14.9,-92.27,97
P002,Café,Tapachula,2016,Dic,12,23,5.84,52.5,23.2,15.7,129.1,1.17,27.1,0,0,0,0,Precaución,26.5,75.9,0.69,0.525,14.9,-92.27,97
P002,Café,Tapachula,2017,Ene,1,24,5.85,44.3,30.6,18.6,130.6,1.05,25.8,6,3,5,0,Precaución,26.3,71.7,0.39,0.443,14.9,-92.27,97
P002,Café,Tapachula,2017,Feb,2,25,5.81,35.4,24.4,16,129.6,1.03,27.1,0,0,0,0,Precaución,26.3,67.7,0,0.354,14.9,-92.27,97
P002,Café,Tapachula,2017,Mar,3,26,5.82,38.3,23.1,15.9,127.4,1.15,27.9,0,0,0,0,Precaución,28.9,67,0.6,0.383,14.9,-92.27,97
P002,Café,Tapachula,2017,Abr,4,27,5.81,39.2,22.4,15.4,126.9,1.09,28.1,0,0,0,0,Precaución,29,70.3,0.91,0.392,14.9,-92.27,97
P002,Café,Tapachula,2017,May,5,28,5.82,70.5,22.3,14.4,133.1,1.08,28.7,0,0,0,0,Precaución,28.9,79.5,4.07,0.705,14.9,-92.27,97
P002,Café,Tapachula,2017,Jun,6,29,5.81,90.1,21.7,16.1,132.4,1.11,26.7,0,0,0,0,Precaución,27.4,86.5,8.19,0.901,14.9,-92.27,97
P002,Café,Tapachula,2017,Jul,7,30,5.83,86.4,28,16,135.4,1.12,26.6,6,0,5,0,Precaución,27.2,84.8,7.36,0.864,14.9,-92.27,97
P002,Café,Tapachula,2017,Ago,8,31,5.83,85.5,21.2,14.3,130.7,1.08,26.8,0,0,0,0,Precaución,26.8,85.2,8.05,0.855,14.9,-92.27,97
P002,Café,Tapachula,2017,Sep,9,32,5.8,93.5,24.3,15.6,124.5,1.17,26.5,0,0,0,0,Precaución,26.1,86.9,9.06,0.935,14.9,-92.27,97
P002,Café,Tapachula,2017,Oct,10,33,5.76,82.1,25.8,16.6,131.4,1.09,26.3,0,0,0,0,Precaución,26.7,88,7.35,0.821,14.9,-92.27,97
P002,Café,Tapachula,2017,Nov,11,34,5.8,66.1,25.2,14.5,128.8,1.06,26.2,0,0,0,0,Precaución,26.5,84.1,1.25,0.661,14.9,-92.27,97
P002,Café,Tapachula,2017,Dic,12,35,5.79,52.6,23.1,16.5,134.6,1.13,25.8,0,0,0,0,Precaución,25.9,76.2,1.53,0.526,14.9,-92.27,97
P002,Café,Tapachula,2018,Ene,1,36,5.9,40.7,28.6,18.4,131.1,1.07,26.7,6,3,5,0.12,Precaución,26.9,73,0.43,0.407,14.9,-92.27,97
P002,Café,Tapachula,2018,Feb,2,37,5.8,36.2,23.8,15.6,124.2,1.18,26.8,0,0,0,0,Precaución,26.6,73.7,0.49,0.362,14.9,-92.27,97
P002,Café,Tapachula,2018,Mar,3,38,5.77,32.7,22.9,16.3,128.1,1.14,27.6,0,0,0,0,Precaución,28.2,70.5,0,0.327,14.9,-92.27,97
P002,Café,Tapachula,2018,Abr,4,39,5.72,40.7,23.5,15.2,131.4,1.15,28.4,0,0,0,0,Precaución,28.9,70,0.4,0.407,14.9,-92.27,97
P002,Café,Tapachula,2018,May,5,40,5.77,66.2,23.9,13.8,129.4,1.19,28.3,0,0,0,0,Precaución,28.6,79.6,3.21,0.662,14.9,-92.27,97
P002,Café,Tapachula,2018,Jun,6,41,5.79,86.8,21.2,15.7,121.3,1.11,27.2,0,0,0,0,Precaución,27.2,83.6,9.02,0.868,14.9,-92.27,97
P002,Café,Tapachula,2018,Jul,7,42,5.76,81.8,28.2,16.7,131.2,1.15,26.6,6,0,5,0,Precaución,27.3,85.2,9.02,0.818,14.9,-92.27,97
P002,Café,Tapachula,2018,Ago,8,43,5.65,87.1,22.1,14.7,128.8,1.16,26.4,0,0,0,0,Precaución,26.5,86.6,7.82,0.871,14.9,-92.27,97
P002,Café,Tapachula,2018,Sep,9,44,5.72,94.6,21.9,15.1,120.8,1.16,26.4,0,0,0,0,Precaución,26.4,86.5,8.33,0.946,14.9,-92.27,97
P002,Café,Tapachula,2018,Oct,10,45,5.7,84.3,23.7,15.7,126.1,1.16,26.1,0,0,0,0,Precaución,27.1,89.6,7.47,0.843,14.9,-92.27,97
P002,Café,Tapachula,2018,Nov,11,46,5.69,63.3,21.3,15.6,127.4,1.12,26.2,0,0,0,0,Precaución,26.9,78.4,2.52,0.633,14.9,-92.27,97
P002,Café,Tapachula,2018,Dic,12,47,5.72,53.1,23.3,15.7,122.2,1.16,25.6,0,0,0,0,Precaución,25.8,74.9,0.42,0.531,14.9,-92.27,97
P002,Café,Tapachula,2019,Ene,1,48,5.74,48.2,28.2,19.1,135,1.21,26.1,6,3,5,0,Precaución,26,71.3,0.01,0.482,14.9,-92.27,97
P002,Café,Tapachula,2019,Feb,2,49,5.78,37.9,23.1,15.1,129.3,1.09,26.7,0,0,0,0,Precaución,27.4,75,0.44,0.379,14.9,-92.27,97
P002,Café,Tapachula,2019,Mar,3,50,5.64,33.6,23,15.3,132.2,1.21,28.3,0,0,0,0,Precaución,28.6,67.7,0.59,0.336,14.9,-92.27,97
P002,Café,Tapachula,2019,Abr,4,51,5.74,44.6,25,15,127.6,1.2,28.7,0,0,0,0,Precaución,29.2,71.1,0.74,0.446,14.9,-92.27,97
P002,Café,Tapachula,2019,May,5,52,5.74,70.5,20.7,13.5,129.7,1.13,28.5,0,0,0,0,Precaución,29,82.4,4.12,0.705,14.9,-92.27,97
P002,Café,Tapachula,2019,Jun,6,53,5.64,87.1,24.3,14.3,124.5,1.21,26.9,0,0,0,0,Precaución,27.3,84.6,8.24,0.871,14.9,-92.27,97
P002,Café,Tapachula,2019,Jul,7,54,5.72,88.1,29.3,16,129.8,1.14,26.5,6,0,5,0,Precaución,26.8,84.7,8.78,0.881,14.9,-92.27,97
P002,Café,Tapachula,2019,Ago,8,55,5.73,85.1,21.2,14.4,127.7,1.27,26.4,0,0,0,0,Precaución,26.6,88.5,7.8,0.851,14.9,-92.27,97
P002,Café,Tapachula,2019,Sep,9,56,5.68,84.8,21.9,15.9,126.1,1.3,26.7,0,0,0,0,Precaución,26.4,86.4,9.57,0.848,14.9,-92.27,97
P002,Café,Tapachula,2019,Oct,10,57,5.64,83.8,21.6,14.5,122.7,1.19,26.5,0,0,0,0,Precaución,26.1,85.1,7.41,0.838,14.9,-92.27,97
P002,Café,Tapachula,2019,Nov,11,58,5.64,60.8,21.7,15,133.2,1.13,26.3,0,0,0,0,Precaución,26.6,81.9,2.36,0.608,14.9,-92.27,97
P002,Café,Tapachula,2019,Dic,12,59,5.65,51.9,23.9,16.2,131.5,1.17,25.9,0,0,0,0,Precaución,27.3,74.8,1.32,0.519,14.9,-92.27,97
P002,Café,Tapachula,2020,Ene,1,60,5.67,43.4,28,18.1,136.8,1.21,26.1,6,3,5,0,Precaución,26.3,73.2,0.2,0.434,14.9,-92.27,97
P002,Café,Tapachula,2020,Feb,2,61,5.66,34.3,23.1,15,123.8,1.18,26.7,0,0,0,0,Precaución,27.7,71.3,0.47,0.343,14.9,-92.27,97
P002,Café,Tapachula,2020,Mar,3,62,5.65,34.6,22,14.5,128.5,1.22,28.3,0,0,0,0,Atención,28,68.2,0.12,0.346,14.9,-92.27,97
P002,Café,Tapachula,2020,Abr,4,63,5.72,36.7,23,14.6,129.6,1.23,28.6,0,0,0,0,Precaución,28.4,69,0.93,0.367,14.9,-92.27,97
P002,Café,Tapachula,2020,May,5,64,5.64,67.3,22.3,15.1,128.7,1.25,28.3,0,0,0,0,Precaución,28.7,77,4.18,0.673,14.9,-92.27,97
P002,Café,Tapachula,2020,Jun,6,65,5.66,85.9,22.7,14.5,130.9,1.19,27,0,0,0,0,Precaución,26.8,88.1,7.75,0.859,14.9,-92.27,97
P002,Café,Tapachula,2020,Jul,7,66,5.7,81.4,26.2,14.6,135.8,1.2,27.2,6,0,5,0,Precaución,27.1,87.9,7.36,0.814,14.9,-92.27,97
P002,Café,Tapachula,2020,Ago,8,67,5.61,82.2,21.5,14.9,123.7,1.31,26.8,0,0,0,0,Precaución,27,85.5,8.27,0.822,14.9,-92.27,97
P002,Café,Tapachula,2020,Sep,9,68,5.56,87.5,21.3,15,129.4,1.21,26.4,0,0,0,0,Precaución,27.1,86.4,9.32,0.875,14.9,-92.27,97
P002,Café,Tapachula,2020,Oct,10,69,5.66,84.3,23.5,14.6,124.7,1.17,26.1,0,0,0,0,Precaución,26.5,86.5,7.99,0.843,14.9,-92.27,97
P002,Café,Tapachula,2020,Nov,11,70,5.61,65.9,23.5,15.6,133.2,1.29,26.3,0,0,0,0,Precaución,26.8,77.7,2.42,0.659,14.9,-92.27,97
P002,Café,Tapachula,2020,Dic,12,71,5.69,45.9,21.2,13.9,128,1.25,26.3,0,0,0,0,Precaución,26.4,78.6,1.4,0.459,14.9,-92.27,97
P002,Café,Tapachula,2021,Ene,1,72,5.66,39.5,28.6,16.6,131.8,1.26,26.2,6,3,5,0.12,Precaución,26.9,71.5,0.41,0.395,14.9,-92.27,97
P002,Café,Tapachula,2021,Feb,2,73,5.58,38.5,21.5,13.5,129.5,1.24,27,0,0,0,0,Precaución,26.6,71.3,0,0.385,14.9,-92.27,97
P002,Café,Tapachula,2021,Mar,3,74,5.66,36.5,18.9,15.5,128.2,1.24,27.9,0,0,0,0,Precaución,28.8,66.7,0.55,0.365,14.9,-92.27,97
P002,Café,Tapachula,2021,Abr,4,75,5.58,37,23.3,14.5,126.3,1.29,28.7,0,0,0,0,Precaución,28.4,72.3,0.21,0.37,14.9,-92.27,97
P002,Café,Tapachula,2021,May,5,76,5.61,66.6,22.4,14.5,121.3,1.25,28.5,0,0,0,0,Precaución,28,80.4,5.15,0.666,14.9,-92.27,97
P002,Café,Tapachula,2021,Jun,6,77,5.55,83.6,23.9,14.5,121.4,1.23,26.7,0,0,0,0,Precaución,27.2,84.7,7.86,0.836,14.9,-92.27,97
P002,Café,Tapachula,2021,Jul,7,78,5.56,82.3,29,13.4,136.3,1.27,26.6,6,0,5,0,Precaución,26.7,87.7,6.58,0.823,14.9,-92.27,97
P002,Café,Tapachula,2021,Ago,8,79,5.69,80.6,21.6,14.2,125.8,1.24,26.2,0,0,0,0,Precaución,26.5,87.3,7.54,0.806,14.9,-92.27,97
P002,Café,Tapachula,2021,Sep,9,80,5.53,87.8,22,13.9,125.3,1.24,26.4,0,0,0,0,Precaución,26.4,87.8,9.72,0.878,14.9,-92.27,97
P002,Café,Tapachula,2021,Oct,10,81,5.47,80,21.4,13.5,120.8,1.31,26.5,0,0,0,0,Atención,26.3,87.9,7.59,0.8,14.9,-92.27,97
P002,Café,Tapachula,2021,Nov,11,82,5.57,62.4,21.5,13.1,125.6,1.28,26.5,0,0,0,0,Precaución,26.4,83.4,2.26,0.624,14.9,-92.27,97
P002,Café,Tapachula,2021,Dic,12,83,5.58,40.6,20.9,13.5,125.4,1.2,26.2,0,0,0,0,Precaución,26.8,75.9,0.6,0.406,14.9,-92.27,97
P002,Café,Tapachula,2022,Ene,1,84,5.55,40.3,27.9,17.9,134.6,1.29,26.3,6,3,5,0,Precaución,26.3,70.8,0.44,0.403,14.9,-92.27,97
P002,Café,Tapachula,2022,Feb,2,85,5.5,33.9,21.7,14.7,129.8,1.28,27.2,0,0,0,0,Atención,27.8,71.8,1.26,0.339,14.9,-92.27,97
P002,Café,Tapachula,2022,Mar,3,86,5.5,33.8,21.9,15,130.1,1.27,28.2,0,0,0,0,Precaución,28.5,69.9,0.18,0.338,14.9,-92.27,97
P002,Café,Tapachula,2022,Abr,4,87,5.49,41.9,21.1,15.7,128.4,1.34,28.6,0,0,0,0,Precaución,29,70.2,1.66,0.419,14.9,-92.27,97
P002,Café,Tapachula,2022,May,5,88,5.5,66.5,22.8,14.7,131,1.37,28.4,0,0,0,0,Precaución,28.9,78.3,3.37,0.665,14.9,-92.27,97
P002,Café,Tapachula,2022,Jun,6,89,5.46,86.4,21,14.4,135.1,1.37,27.3,0,0,0,0,Atención,26.5,82.5,7.95,0.864,14.9,-92.27,97
P002,Café,Tapachula,2022,Jul,7,90,5.43,78.4,29.5,15.1,128.7,1.26,26.3,6,0,5,0,Precaución,27,89.1,7.14,0.784,14.9,-92.27,97
P002,Café,Tapachula,2022,Ago,8,91,5.53,82.2,23.4,14.7,119.4,1.28,26.4,0,0,0,0,Precaución,26.2,87,8.81,0.822,14.9,-92.27,97
P002,Café,Tapachula,2022,Sep,9,92,5.54,85.4,22.5,15.7,136.6,1.32,26.3,0,0,0,0,Precaución,26.6,85.9,8.55,0.854,14.9,-92.27,97
P002,Café,Tapachula,2022,Oct,10,93,5.48,76.2,23.7,13.6,121.7,1.31,26.1,0,0,0,0,Atención,26.4,83.3,7.34,0.762,14.9,-92.27,97
P002,Café,Tapachula,2022,Nov,11,94,5.54,65,21,14.6,126.3,1.33,26.4,0,0,0,0,Precaución,26.8,85.2,1.61,0.65,14.9,-92.27,97
P002,Café,Tapachula,2022,Dic,12,95,5.47,50.3,22.5,14.4,115.2,1.26,26.4,0,0,0,0,Atención,25.7,72.5,0.22,0.503,14.9,-92.27,97
P002,Café,Tapachula,2023,Ene,1,96,5.41,46.8,25.2,17.1,130.7,1.28,26.3,6,3,5,0,Precaución,26.7,73.1,0.93,0.468,14.9,-92.27,97
P002,Café,Tapachula,2023,Feb,2,97,5.44,39.4,20.7,13.3,122.2,1.36,27,0,0,0,0,Atención,27.7,72.8,0.41,0.394,14.9,-92.27,97
P002,Café,Tapachula,2023,Mar,3,98,5.43,35.8,22.6,14.8,124.2,1.26,27.8,0,0,0,0,Atención,28.1,69.7,0.75,0.358,14.9,-92.27,97
P002,Café,Tapachula,2023,Abr,4,99,5.45,38.5,23,14.6,119.5,1.37,28.2,0,0,0,0,Atención,29.6,73.9,0.97,0.385,14.9,-92.27,97
P002,Café,Tapachula,2023,May,5,100,5.42,65.6,23.2,14.4,137.5,1.27,28.6,0,0,0,0,Atención,29.2,80,3.05,0.656,14.9,-92.27,97
P002,Café,Tapachula,2023,Jun,6,101,5.46,84,24.3,13,126.5,1.32,27.3,0,0,0,0,Atención,27.5,84.7,7.33,0.84,14.9,-92.27,97
P002,Café,Tapachula,2023,Jul,7,102,5.42,83.8,29.3,13.7,128.7,1.31,26.1,6,0,5,0,Atención,27.1,84,7.65,0.838,14.9,-92.27,97
P002,Café,Tapachula,2023,Ago,8,103,5.43,80.4,20.2,14,128.9,1.3,26.4,0,0,0,0,Atención,27.2,83,8.44,0.804,14.9,-92.27,97
P002,Café,Tapachula,2023,Sep,9,104,5.5,93.7,21,14.3,119.7,1.33,26.2,0,0,0,0,Atención,26.1,86.5,9.61,0.937,14.9,-92.27,97
P002,Café,Tapachula,2023,Oct,10,105,5.44,82.8,23,13.2,128.6,1.3,26.5,0,0,0,0,Atención,26.6,84.1,7.95,0.828,14.9,-92.27,97
P002,Café,Tapachula,2023,Nov,11,106,5.45,63.5,22,13,124.6,1.36,26.2,0,0,0,0,Atención,26.8,80.4,1.39,0.635,14.9,-92.27,97
P002,Café,Tapachula,2023,Dic,12,107,5.43,48.6,23.2,13.8,121.9,1.37,26.1,0,0,0,0,Atención,27,75.8,1.01,0.486,14.9,-92.27,97
P002,Café,Tapachula,2024,Ene,1,108,5.49,45.3,26.4,17,129.8,1.32,26.5,6,3,5,0.12,Precaución,27.2,74.5,0.02,0.453,14.9,-92.27,97
P002,Café,Tapachula,2024,Feb,2,109,5.44,33.4,20,14.6,122.5,1.37,26.8,0,0,0,0,Atención,27.6,73,0.41,0.334,14.9,-92.27,97
P002,Café,Tapachula,2024,Mar,3,110,5.4,43.7,22.8,12.4,123.7,1.36,27.7,0,0,0,0,Atención,28.3,70.1,0,0.437,14.9,-92.27,97
P002,Café,Tapachula,2024,Abr,4,111,5.34,40.2,19.6,12.4,118.7,1.31,29.3,0,0,0,0,Atención,28.4,70.8,0.88,0.402,14.9,-92.27,97
P002,Café,Tapachula,2024,May,5,112,5.45,68.9,19.2,14.7,126.6,1.38,28.2,0,0,0,0,Atención,29.2,77.4,3.16,0.689,14.9,-92.27,97
P002,Café,Tapachula,2024,Jun,6,113,5.33,82.8,18.1,15.2,130.8,1.33,27.1,0,0,0,0,Atención,27.3,85.4,8.25,0.828,14.9,-92.27,97
P002,Café,Tapachula,2024,Jul,7,114,5.33,85.5,26.1,15.3,128.3,1.35,27.1,6,0,5,0,Precaución,26.8,87.1,7.36,0.855,14.9,-92.27,97
P002,Café,Tapachula,2024,Ago,8,115,5.31,78.6,19.7,13.8,120.7,1.32,26.7,0,0,0,0,Atención,26.7,89.4,7.07,0.786,14.9,-92.27,97
P002,Café,Tapachula,2024,Sep,9,116,5.4,87.9,20.9,14,121.5,1.37,26.1,0,0,0,0,Atención,26.9,91.6,8.68,0.879,14.9,-92.27,97
P002,Café,Tapachula,2024,Oct,10,117,5.41,83.6,21.1,14.9,122.7,1.31,26.4,0,0,0,0,Atención,27.1,86,7.87,0.836,14.9,-92.27,97
P002,Café,Tapachula,2024,Nov,11,118,5.42,70.8,20.3,14.8,130.3,1.43,26.4,0,0,0,0,Atención,26.4,80.9,2.23,0.708,14.9,-92.27,97
P002,Café,Tapachula,2024,Dic,12,119,5.34,54.1,21.6,14.6,128.6,1.36,26.6,0,0,0,0,Atención,27,77.9,1.37,0.541,14.9,-92.27,97
P003,Maíz,Tapachula,2015,Ene,1,0,6.43,45.5,31.9,21.1,143.3,1.48,26.2,0,0,0,0,Óptimo,26.5,75.6,0.29,0.455,14.9,-92.27,97
P003,Maíz,Tapachula,2015,Feb,2,1,6.35,33.4,31,21.6,129.6,1.54,27.1,0,0,0,0,Precaución,27.5,71.6,0.28,0.334,14.9,-92.27,97
P003,Maíz,Tapachula,2015,Mar,3,2,6.35,38.1,33.4,20.5,130.6,1.44,28.4,0,0,0,0,Óptimo,28.2,69.5,0.73,0.381,14.9,-92.27,97
P003,Maíz,Tapachula,2015,Abr,4,3,6.31,37.7,33.2,20.2,133.7,1.41,28.4,0,0,0,0,Óptimo,28.9,71.6,0.87,0.377,14.9,-92.27,97
P003,Maíz,Tapachula,2015,May,5,4,6.26,66.2,46.3,21,135.7,1.54,27.9,12,0,8,0,Precaución,28.1,77.3,3.98,0.662,14.9,-92.27,97
P003,Maíz,Tapachula,2015,Jun,6,5,6.25,86.2,32.7,21.1,135.4,1.56,27.2,0,0,0,0,Precaución,27.4,83.2,8.63,0.862,14.9,-92.27,97
P003,Maíz,Tapachula,2015,Jul,7,6,6.33,84.4,31.8,20.6,129.6,1.57,26.2,0,0,0,0,Precaución,26.8,87.7,6.72,0.844,14.9,-92.27,97
P003,Maíz,Tapachula,2015,Ago,8,7,6.33,86.7,34.6,22,138,1.6,26.2,0,0,0,0,Precaución,26.2,87.2,7.31,0.867,14.9,-92.27,97
P003,Maíz,Tapachula,2015,Sep,9,8,6.31,85.7,45,27.1,143.4,1.58,26.1,12,6,8,0,Precaución,26.6,85.4,9.39,0.857,14.9,-92.27,97
P003,Maíz,Tapachula,2015,Oct,10,9,6.29,83.8,34.9,20.6,136,1.44,26,0,0,0,0,Óptimo,26.4,89.2,6.82,0.838,14.9,-92.27,97
P003,Maíz,Tapachula,2015,Nov,11,10,6.27,67.6,32.1,20.6,130.8,1.5,25.9,0,0,0,0,Óptimo,26.6,83.1,3.45,0.676,14.9,-92.27,97
P003,Maíz,Tapachula,2015,Dic,12,11,6.24,48.3,31.4,21.8,135.1,1.55,26.1,0,0,0,0,Precaución,26.7,76.8,1.51,0.483,14.9,-92.27,97
P003,Maíz,Tapachula,2016,Ene,1,12,6.28,39.2,42.1,22,137.1,1.49,26.2,12,0,8,0,Óptimo,26.7,74.3,0.89,0.392,14.9,-92.27,97
P003,Maíz,Tapachula,2016,Feb,2,13,6.26,32.4,32.6,22,133.6,1.55,26.9,0,0,0,0,Precaución,27.3,72.2,0.15,0.324,14.9,-92.27,97
P003,Maíz,Tapachula,2016,Mar,3,14,6.27,36.7,31.7,21.1,133,1.54,27.9,0,0,0,0,Precaución,28,70.5,0.2,0.367,14.9,-92.27,97
P003,Maíz,Tapachula,2016,Abr,4,15,6.19,42.1,32.3,21.9,137.2,1.43,28.5,0,0,0,0,Óptimo,29.2,71.9,0.77,0.421,14.9,-92.27,97
P003,Maíz,Tapachula,2016,May,5,16,6.19,69.3,44.8,27.1,143.2,1.5,28.6,12,6,8,0,Óptimo,28.5,81.5,4.8,0.693,14.9,-92.27,97
P003,Maíz,Tapachula,2016,Jun,6,17,6.2,91.6,33.8,19.8,133.1,1.49,26.9,0,0,0,0,Precaución,27.2,87.3,8.5,0.916,14.9,-92.27,97
P003,Maíz,Tapachula,2016,Jul,7,18,6.13,84.3,32.5,20,139.7,1.57,26.5,0,0,0,0,Precaución,26.5,87.8,7.61,0.843,14.9,-92.27,97
P003,Maíz,Tapachula,2016,Ago,8,19,6.17,84.6,32.1,19.7,135.8,1.58,26.2,0,0,0,0,Precaución,26.5,84.2,7.44,0.846,14.9,-92.27,97
P003,Maíz,Tapachula,2016,Sep,9,20,6.15,88.4,43.8,20.7,143.8,1.54,25.9,12,0,8,0,Precaución,26.6,85.5,8.67,0.884,14.9,-92.27,97
P003,Maíz,Tapachula,2016,Oct,10,21,6.15,83.9,30.2,22.7,131,1.55,26.2,0,0,0,0,Precaución,26.7,83.4,7.15,0.839,14.9,-92.27,97
P003,Maíz,Tapachula,2016,Nov,11,22,6.13,68.6,31.5,20.9,136.8,1.66,26.3,0,0,0,0,Precaución,26.7,83.1,1.95,0.686,14.9,-92.27,97
P003,Maíz,Tapachula,2016,Dic,12,23,6.13,47.3,31.7,20.1,132.7,1.52,25.9,0,0,0,0,Precaución,26.1,77.8,1.04,0.473,14.9,-92.27,97
P003,Maíz,Tapachula,2017,Ene,1,24,6.31,43.6,45.7,26.4,149.6,1.5,26.5,12,6,8,0.2,Óptimo,27.2,73.8,0.11,0.436,14.9,-92.27,97
P003,Maíz,Tapachula,2017,Feb,2,25,6.01,42.1,34.6,22.4,139.8,1.64,26.8,0,0,0,0,Precaución,26.5,71.7,0.79,0.421,14.9,-92.27,97
P003,Maíz,Tapachula,2017,Mar,3,26,6.14,35,31.2,21.2,132.1,1.63,27.7,0,0,0,0,Precaución,28.9,72.4,0.51,0.35,14.9,-92.27,97
P003,Maíz,Tapachula,2017,Abr,4,27,6.11,43.4,32.7,19.9,140.9,1.65,28.4,0,0,0,0,Precaución,29.6,70.9,1.3,0.434,14.9,-92.27,97
P003,Maíz,Tapachula,2017,May,5,28,6.05,71.6,44.5,20.4,143.2,1.59,28.3,12,0,8,0,Precaución,28.4,81,3.97,0.716,14.9,-92.27,97
P003,Maíz,Tapachula,2017,Jun,6,29,6.08,87.4,33,20,132.4,1.56,26.7,0,0,0,0,Precaución,27.4,83.1,8.3,0.874,14.9,-92.27,97
P003,Maíz,Tapachula,2017,Jul,7,30,6.05,85.2,30.8,22.1,132.2,1.68,26.7,0,0,0,0,Precaución,26.9,84.2,7.57,0.852,14.9,-92.27,97
P003,Maíz,Tapachula,2017,Ago,8,31,6.07,84,31,20.6,129.3,1.63,26.6,0,0,0,0,Precaución,27.1,86.2,8,0.84,14.9,-92.27,97
P003,Maíz,Tapachula,2017,Sep,9,32,6,84.8,41.5,26,140.2,1.63,26.7,12,6,8,0,Precaución,26.1,85.5,9.47,0.848,14.9,-92.27,97
P003,Maíz,Tapachula,2017,Oct,10,33,6.02,82.6,32.2,20.9,131.3,1.66,26,0,0,0,0,Precaución,26.1,84.8,7.76,0.826,14.9,-92.27,97
P003,Maíz,Tapachula,2017,Nov,11,34,5.97,59.6,32.5,18.5,129.7,1.59,26.3,0,0,0,0,Precaución,26.5,81.2,2.37,0.596,14.9,-92.27,97
P003,Maíz,Tapachula,2017,Dic,12,35,6.05,50.4,29.7,19.9,139.1,1.7,26,0,0,0,0,Precaución,26.6,76.8,0.65,0.504,14.9,-92.27,97
P003,Maíz,Tapachula,2018,Ene,1,36,6.06,47.6,44.7,21.3,141.8,1.64,26.5,12,0,8,0,Precaución,26.6,77.2,0.01,0.476,14.9,-92.27,97
P003,Maíz,Tapachula,2018,Feb,2,37,6,40.8,31.2,20.6,136.6,1.78,26.9,0,0,0,0,Precaución,27.2,72.8,0,0.408,14.9,-92.27,97
P003,Maíz,Tapachula,2018,Mar,3,38,6.12,32,30.4,19,131.9,1.7,27.9,0,0,0,0,Precaución,28.4,73.1,0.53,0.32,14.9,-92.27,97
P003,Maíz,Tapachula,2018,Abr,4,39,5.99,40.6,31.8,19.4,135.1,1.71,28.9,0,0,0,0,Precaución,28.8,66.7,0.73,0.406,14.9,-92.27,97
P003,Maíz,Tapachula,2018,May,5,40,5.97,64.6,44.3,25.3,147.6,1.67,28.1,12,6,8,0,Precaución,29.5,80.1,4.05,0.646,14.9,-92.27,97
P003,Maíz,Tapachula,2018,Jun,6,41,6.01,88.3,30.3,21.2,128.4,1.75,26.9,0,0,0,0,Precaución,26.6,82.8,8.24,0.883,14.9,-92.27,97
P003,Maíz,Tapachula,2018,Jul,7,42,6,85,30.9,18.7,135.4,1.74,26.2,0,0,0,0,Precaución,26.6,86.3,6.08,0.85,14.9,-92.27,97
P003,Maíz,Tapachula,2018,Ago,8,43,5.98,85.2,32.6,19.5,135.3,1.68,26.4,0,0,0,0,Precaución,26.7,85.1,8.35,0.852,14.9,-92.27,97
P003,Maíz,Tapachula,2018,Sep,9,44,5.96,84.9,42.8,19.1,140.1,1.72,26,12,0,8,0,Precaución,26.3,83.4,9.39,0.849,14.9,-92.27,97
P003,Maíz,Tapachula,2018,Oct,10,45,5.91,88.2,28.6,19.5,131.5,1.7,26,0,0,0,0,Atención,26.4,85,6.87,0.882,14.9,-92.27,97
P003,Maíz,Tapachula,2018,Nov,11,46,5.97,71.8,31.9,19.4,125.4,1.83,26,0,0,0,0,Precaución,26.5,83,1.25,0.718,14.9,-92.27,97
P003,Maíz,Tapachula,2018,Dic,12,47,5.9,49.8,32.5,20.5,131.9,1.76,26.2,0,0,0,0,Precaución,26.6,77.5,0.45,0.498,14.9,-92.27,97
P003,Maíz,Tapachula,2019,Ene,1,48,6.15,42.5,42,25.5,140.9,1.79,26.1,12,6,8,0.2,Precaución,27.2,73.3,0,0.425,14.9,-92.27,97
P003,Maíz,Tapachula,2019,Feb,2,49,5.89,31.8,31.2,20.8,146.2,1.69,27.2,0,0,0,0,Atención,27.5,74.7,0.33,0.318,14.9,-92.27,97
P003,Maíz,Tapachula,2019,Mar,3,50,5.89,36.7,27.9,19.1,125.2,1.74,28.3,0,0,0,0,Precaución,28.5,72.1,0.58,0.367,14.9,-92.27,97
P003,Maíz,Tapachula,2019,Abr,4,51,5.88,42.8,30.6,20.6,128.5,1.75,28.6,0,0,0,0,Precaución,29.2,68.5,0.39,0.428,14.9,-92.27,97
P003,Maíz,Tapachula,2019,May,5,52,5.91,67.4,41.5,20.1,146.7,1.86,28,12,0,8,0,Precaución,28.5,77.7,4.59,0.674,14.9,-92.27,97
P003,Maíz,Tapachula,2019,Jun,6,53,5.86,86,28.8,20.4,134.3,1.76,27.2,0,0,0,0,Precaución,26.9,84.5,7.89,0.86,14.9,-92.27,97
P003,Maíz,Tapachula,2019,Jul,7,54,5.94,79.6,26.8,18.9,130.7,1.8,26.5,0,0,0,0,Precaución,27.2,86.2,6.89,0.796,14.9,-92.27,97
P003,Maíz,Tapachula,2019,Ago,8,55,5.83,84.4,30.5,21.1,130.7,1.78,26.1,0,0,0,0,Precaución,26.7,84.8,6.98,0.844,14.9,-92.27,97
P003,Maíz,Tapachula,2019,Sep,9,56,5.89,86.6,43.5,25.6,135.3,1.88,26.1,12,6,8,0,Precaución,26.4,85.9,8.54,0.866,14.9,-92.27,97
P003,Maíz,Tapachula,2019,Oct,10,57,5.87,80,30.3,20.3,127.4,1.81,26.3,0,0,0,0,Precaución,26.6,84.1,7.81,0.8,14.9,-92.27,97
P003,Maíz,Tapachula,2019,Nov,11,58,5.85,63.7,29,19.1,132.1,1.81,26.4,0,0,0,0,Precaución,26.7,79.2,2.73,0.637,14.9,-92.27,97
P003,Maíz,Tapachula,2019,Dic,12,59,5.79,50.9,29.8,19.4,135.3,1.79,26.8,0,0,0,0,Precaución,26.7,78.1,0.86,0.509,14.9,-92.27,97
P003,Maíz,Tapachula,2020,Ene,1,60,5.82,40.5,41.7,19.7,146.7,1.83,26.6,12,0,8,0,Precaución,26.8,75.1,0.5,0.405,14.9,-92.27,97
P003,Maíz,Tapachula,2020,Feb,2,61,5.77,37.9,31.2,19.5,138.6,1.87,26.7,0,0,0,0,Precaución,27.5,71.2,0.57,0.379,14.9,-92.27,97
P003,Maíz,Tapachula,2020,Mar,3,62,5.77,31.1,29.8,19.4,136,1.79,28.5,0,0,0,0,Atención,28.2,68.4,0.25,0.311,14.9,-92.27,97
P003,Maíz,Tapachula,2020,Abr,4,63,5.75,37.8,30,19,128.6,1.85,28.6,0,0,0,0,Precaución,28.3,69.4,0.47,0.378,14.9,-92.27,97
P003,Maíz,Tapachula,2020,May,5,64,5.76,68.5,40.7,25.7,142.8,1.88,28,12,6,8,0,Precaución,28.3,81.8,4.11,0.685,14.9,-92.27,97
P003,Maíz,Tapachula,2020,Jun,6,65,5.71,87.1,29.9,18.5,129.3,1.74,27,0,0,0,0,Precaución,27.8,82.2,7.1,0.871,14.9,-92.27,97
P003,Maíz,Tapachula,2020,Jul,7,66,5.78,82.5,31.1,19.3,136.7,1.91,26.4,0,0,0,0,Precaución,27,87,7.44,0.825,14.9,-92.27,97
P003,Maíz,Tapachula,2020,Ago,8,67,5.73,81.4,30.4,18.7,130.3,1.9,26.7,0,0,0,0,Precaución,26.5,83.1,7.78,0.814,14.9,-92.27,97
P003,Maíz,Tapachula,2020,Sep,9,68,5.83,82.2,43.3,17.3,142.7,1.86,26.6,12,0,8,0,Precaución,26.3,86.7,8.73,0.822,14.9,-92.27,97
P003,Maíz,Tapachula,2020,Oct,10,69,5.76,81.9,28.9,18.6,133.4,1.97,26,0,0,0,0,Precaución,26.7,87.3,7.27,0.819,14.9,-92.27,97
P003,Maíz,Tapachula,2020,Nov,11,70,5.72,65.2,29.2,18.7,130.2,1.87,25.8,0,0,0,0,Precaución,26.4,81.8,1.99,0.652,14.9,-92.27,97
P003,Maíz,Tapachula,2020,Dic,12,71,5.77,55.6,30.8,19.2,124.1,1.85,26.1,0,0,0,0,Precaución,26.9,73.6,1.02,0.556,14.9,-92.27,97
P003,Maíz,Tapachula,2021,Ene,1,72,5.86,42,41.9,24.8,148.1,1.85,26.3,12,6,8,0.2,Precaución,26.3,73,0.88,0.42,14.9,-92.27,97
P003,Maíz,Tapachula,2021,Feb,2,73,5.69,36.2,27.2,19.1,141.9,1.87,27.4,0,0,0,0,Precaución,27.5,65.6,0.46,0.362,14.9,-92.27,97
P003,Maíz,Tapachula,2021,Mar,3,74,5.69,33.5,29.5,18.7,133.2,1.9,28,0,0,0,0,Atención,28.5,70.2,1.49,0.335,14.9,-92.27,97
P003,Maíz,Tapachula,2021,Abr,4,75,5.69,39.6,31.3,19.4,131,1.95,29,0,0,0,0,Precaución,29.3,69.1,0.3,0.396,14.9,-92.27,97
P003,Maíz,Tapachula,2021,May,5,76,5.67,65,38.6,19.1,143.5,1.9,28.1,12,0,8,0,Precaución,28.8,78.8,3.69,0.65,14.9,-92.27,97
P003,Maíz,Tapachula,2021,Jun,6,77,5.62,87.1,28.6,18.4,132.8,1.88,26.4,0,0,0,0,Precaución,27.5,84.6,8.38,0.871,14.9,-92.27,97
P003,Maíz,Tapachula,2021,Jul,7,78,5.63,80.2,30,19.2,129.7,1.93,26.6,0,0,0,0,Precaución,26.1,84.9,6.95,0.802,14.9,-92.27,97
P003,Maíz,Tapachula,2021,Ago,8,79,5.69,84.1,28.8,19.4,132.1,1.92,26.3,0,0,0,0,Precaución,27.2,86.8,6.86,0.841,14.9,-92.27,97
P003,Maíz,Tapachula,2021,Sep,9,80,5.62,86.4,41.7,24.6,132.9,1.91,26.4,12,6,8,0,Precaución,26.8,86.8,8.35,0.864,14.9,-92.27,97
P003,Maíz,Tapachula,2021,Oct,10,81,5.6,81,29.4,18.2,126.7,1.96,26.5,0,0,0,0,Precaución,26.8,86.6,6.97,0.81,14.9,-92.27,97
P003,Maíz,Tapachula,2021,Nov,11,82,5.56,63.2,26.6,18.5,129,1.94,26,0,0,0,0,Precaución,26.9,81.2,3.03,0.632,14.9,-92.27,97
P003,Maíz,Tapachula,2021,Dic,12,83,5.68,50.6,27.1,19.6,126.3,1.94,26.5,0,0,0,0,Precaución,26.9,73,1.13,0.506,14.9,-92.27,97
P003,Maíz,Tapachula,2022,Ene,1,84,5.59,39.5,41.3,18.2,141.8,1.99,26,12,0,8,0,Precaución,26.3,75.9,1.21,0.395,14.9,-92.27,97
P003,Maíz,Tapachula,2022,Feb,2,85,5.61,36.1,28.6,19.1,130.8,2.04,27.1,0,0,0,0,Precaución,28.3,69.1,1.07,0.361,14.9,-92.27,97
P003,Maíz,Tapachula,2022,Mar,3,86,5.58,38.4,29.5,18.5,138.7,1.95,28.3,0,0,0,0,Precaución,28.3,69.4,0.98,0.384,14.9,-92.27,97
P003,Maíz,Tapachula,2022,Abr,4,87,5.52,38.9,29.2,18.3,125.4,1.97,29,0,0,0,0,Precaución,28.7,70.5,1.37,0.389,14.9,-92.27,97
P003,Maíz,Tapachula,2022,May,5,88,5.58,68,39.4,24.2,141,2,28.4,12,6,8,0,Precaución,28,83.1,4.85,0.68,14.9,-92.27,97
P003,Maíz,Tapachula,2022,Jun,6,89,5.56,84.6,28.1,18.4,133.9,1.98,27.2,0,0,0,0,Precaución,27,85.6,8.21,0.846,14.9,-92.27,97
P003,Maíz,Tapachula,2022,Jul,7,90,5.58,81.7,29.8,17.8,132.8,1.98,26.6,0,0,0,0,Precaución,27.1,87.3,7.67,0.817,14.9,-92.27,97
P003,Maíz,Tapachula,2022,Ago,8,91,5.57,83.3,28,18.9,132.1,2.04,26.6,0,0,0,0,Precaución,27.1,87.6,7.85,0.833,14.9,-92.27,97
P003,Maíz,Tapachula,2022,Sep,9,92,5.45,88.6,39.7,17.6,138.7,1.94,26.2,12,0,8,0,Atención,26.9,87.4,10.27,0.886,14.9,-92.27,97
P003,Maíz,Tapachula,2022,Oct,10,93,5.5,78,30,17.6,132.4,1.96,26.1,0,0,0,0,Precaución,25.9,82.5,7.02,0.78,14.9,-92.27,97
P003,Maíz,Tapachula,2022,Nov,11,94,5.47,64.1,28,16.8,133,2.04,26.8,0,0,0,0,Atención,26.5,79,2.58,0.641,14.9,-92.27,97
P003,Maíz,Tapachula,2022,Dic,12,95,5.51,49.6,28.8,19,131.9,1.97,25.9,0,0,0,0,Precaución,26.6,77.2,0.81,0.496,14.9,-92.27,97
P003,Maíz,Tapachula,2023,Ene,1,96,5.68,40.8,41.8,24.7,144.2,1.97,26.2,12,6,8,0.2,Precaución,27,70.5,0.26,0.408,14.9,-92.27,97
P003,Maíz,Tapachula,2023,Feb,2,97,5.53,35.7,31.1,17.8,129.9,2.03,27.4,0,0,0,0,Precaución,27.2,67.5,0.71,0.357,14.9,-92.27,97
P003,Maíz,Tapachula,2023,Mar,3,98,5.4,38.3,28.9,17.7,137.3,2.07,28.1,0,0,0,0,Atención,29.1,70.2,0.45,0.383,14.9,-92.27,97
P003,Maíz,Tapachula,2023,Abr,4,99,5.41,38.5,27.2,17.5,137.7,2.05,28.8,0,0,0,0,Atención,28.6,73.3,1.09,0.385,14.9,-92.27,97
P003,Maíz,Tapachula,2023,May,5,100,5.47,68.4,41.5,18.7,141,2.02,28.1,12,0,8,0,Atención,28.5,82.4,4.26,0.684,14.9,-92.27,97
P003,Maíz,Tapachula,2023,Jun,6,101,5.45,83.5,27.1,18.9,134.4,2.06,27.2,0,0,0,0,Atención,26.9,89.4,7.31,0.835,14.9,-92.27,97
P003,Maíz,Tapachula,2023,Jul,7,102,5.44,88.1,25.2,19.3,130.6,2.1,26.9,0,0,0,0,Atención,26.8,84.4,7.75,0.881,14.9,-92.27,97
P003,Maíz,Tapachula,2023,Ago,8,103,5.37,75.6,27.2,17.2,129.2,2.11,26.9,0,0,0,0,Atención,27.3,84.1,8.2,0.756,14.9,-92.27,97
P003,Maíz,Tapachula,2023,Sep,9,104,5.46,88,38.8,23.5,141.3,2.1,26.5,12,6,8,0,Atención,26.3,88.5,9.09,0.88,14.9,-92.27,97
P003,Maíz,Tapachula,2023,Oct,10,105,5.36,76.6,28.8,19.3,131.7,2.06,26.6,0,0,0,0,Atención,27.2,87.5,8.32,0.766,14.9,-92.27,97
P003,Maíz,Tapachula,2023,Nov,11,106,5.43,63.6,27.4,19,129.8,2.1,26.3,0,0,0,0,Atención,26.9,85.5,2.77,0.636,14.9,-92.27,97
P003,Maíz,Tapachula,2023,Dic,12,107,5.32,44.1,28.6,17.6,135.5,2.1,26.5,0,0,0,0,Atención,26.6,74.8,1.58,0.441,14.9,-92.27,97
P003,Maíz,Tapachula,2024,Ene,1,108,5.39,40.2,40.6,16.3,145.7,2.14,26.5,12,0,8,0,Atención,26.8,73.7,0.9,0.402,14.9,-92.27,97
P003,Maíz,Tapachula,2024,Feb,2,109,5.4,36.4,28.1,17.6,135.4,2.15,26.7,0,0,0,0,Atención,27.4,70,0.51,0.364,14.9,-92.27,97
P003,Maíz,Tapachula,2024,Mar,3,110,5.44,32.2,28,17.4,127.4,2.13,28.3,0,0,0,0,Atención,28.2,73.9,0,0.322,14.9,-92.27,97
P003,Maíz,Tapachula,2024,Abr,4,111,5.42,38,26.7,18.2,129.8,2.16,29.2,0,0,0,0,Atención,29.2,73.7,1.18,0.38,14.9,-92.27,97
P003,Maíz,Tapachula,2024,May,5,112,5.39,68,39.9,23.5,136.9,2.13,27.9,12,6,8,0,Atención,28.3,82.3,4.1,0.68,14.9,-92.27,97
P003,Maíz,Tapachula,2024,Jun,6,113,5.35,85.8,28.3,17,131.7,2.13,27.1,0,0,0,0,Atención,27.8,90.3,8.05,0.858,14.9,-92.27,97
P003,Maíz,Tapachula,2024,Jul,7,114,5.36,80,30.8,16.3,132.5,2.21,26.8,0,0,0,0,Atención,27.1,81.5,7.88,0.8,14.9,-92.27,97
P003,Maíz,Tapachula,2024,Ago,8,115,5.29,87.3,27.2,17.1,126.7,2.19,26.4,0,0,0,0,Atención,26.7,87,7.09,0.873,14.9,-92.27,97
P003,Maíz,Tapachula,2024,Sep,9,116,5.33,83.8,38.6,17.8,144.2,2.18,26.3,12,0,8,0,Atención,26.7,87.2,9.87,0.838,14.9,-92.27,97
P003,Maíz,Tapachula,2024,Oct,10,117,5.29,82.9,26.4,18.5,127.3,2.15,25.5,0,0,0,0,Atención,27.1,85.9,7.5,0.829,14.9,-92.27,97
P003,Maíz,Tapachula,2024,Nov,11,118,5.27,70.8,27.3,16.7,131.9,2.2,26,0,0,0,0,Atención,26.3,84.8,2.63,0.708,14.9,-92.27,97
P003,Maíz,Tapachula,2024,Dic,12,119,5.31,51.4,26.6,16.9,127.7,2.17,26.3,0,0,0,0,Atención,26.7,76.5,0.78,0.514,14.9,-92.27,97
P004,Plátano,Tapachula,2015,Ene,1,0,6.01,38.7,36.3,16.9,197.6,1.3,26.5,0,0,0,0,Óptimo,27.2,75.1,0.63,0.387,14.9,-92.27,97
P004,Plátano,Tapachula,2015,Feb,2,1,6.07,36.4,37.9,17.5,197.6,1.35,27.1,0,0,0,0,Óptimo,27.3,70.7,0.17,0.364,14.9,-92.27,97
P004,Plátano,Tapachula,2015,Mar,3,2,6.11,33,36.2,17.3,192.7,1.36,28,0,0,0,0,Precaución,28.3,72.6,1.45,0.33,14.9,-92.27,97
P004,Plátano,Tapachula,2015,Abr,4,3,6.06,38.8,35.1,18.5,204.8,1.34,28.3,0,0,12,0,Óptimo,29.3,72.8,0.59,0.388,14.9,-92.27,97
P004,Plátano,Tapachula,2015,May,5,4,6.07,66,45.8,17.2,198.9,1.31,27.9,10,0,0,0,Óptimo,27.9,78.4,4.02,0.66,14.9,-92.27,97
P004,Plátano,Tapachula,2015,Jun,6,5,6,84.6,38,19.2,199.2,1.45,26.8,0,0,0,0,Óptimo,27.2,83,8.13,0.846,14.9,-92.27,97
P004,Plátano,Tapachula,2015,Jul,7,6,6.03,89.1,36.8,18.1,210.2,1.45,26.8,0,0,12,0,Precaución,26.5,84,7.74,0.891,14.9,-92.27,97
P004,Plátano,Tapachula,2015,Ago,8,7,6.08,80.8,38.2,16.8,196.8,1.43,26.3,0,0,0,0,Óptimo,26.7,85.2,7.22,0.808,14.9,-92.27,97
P004,Plátano,Tapachula,2015,Sep,9,8,6.06,90.5,47,20.6,199,1.38,26.4,10,4,0,0,Precaución,26,86,9.19,0.905,14.9,-92.27,97
P004,Plátano,Tapachula,2015,Oct,10,9,6.06,82.9,38.8,16.7,205.3,1.41,26.4,0,0,12,0,Óptimo,26.7,84,7.59,0.829,14.9,-92.27,97
P004,Plátano,Tapachula,2015,Nov,11,10,6.01,63.3,36.5,17.9,192.6,1.43,26.2,0,0,0,0,Óptimo,26.6,82.5,2.45,0.633,14.9,-92.27,97
P004,Plátano,Tapachula,2015,Dic,12,11,5.97,49.6,37.8,17.6,194.7,1.4,26.2,0,0,0,0,Precaución,26.5,77,0.69,0.496,14.9,-92.27,97
P004,Plátano,Tapachula,2016,Ene,1,12,6.02,46.3,47.5,17.2,208.3,1.36,25.8,10,0,12,0,Óptimo,26.8,73.4,0,0.463,14.9,-92.27,97
P004,Plátano,Tapachula,2016,Feb,2,13,5.95,35.9,37.4,16.9,198.7,1.41,26.6,0,0,0,0,Precaución,26.9,73.3,0.68,0.359,14.9,-92.27,97
P004,Plátano,Tapachula,2016,Mar,3,14,6.01,35.5,37.9,17.7,204,1.38,28.3,0,0,0,0,Óptimo,28.2,71.6,0.44,0.355,14.9,-92.27,97
P004,Plátano,Tapachula,2016,Abr,4,15,5.94,42.3,36.2,17.5,205.8,1.43,28.4,0,0,12,0,Precaución,29.2,70.4,0.94,0.423,14.9,-92.27,97
P004,Plátano,Tapachula,2016,May,5,16,5.87,64.5,47.5,20.5,197.6,1.43,28.5,10,4,0,0,Precaución,28.3,76.3,4.55,0.645,14.9,-92.27,97
P004,Plátano,Tapachula,2016,Jun,6,17,5.91,83.7,36.1,18.1,189.7,1.4,26.8,0,0,0,0,Precaución,27.8,87.9,8.21,0.837,14.9,-92.27,97
P004,Plátano,Tapachula,2016,Jul,7,18,5.92,82.4,34.6,15.7,207,1.44,26.2,0,0,12,0,Precaución,26.9,88,8.48,0.824,14.9,-92.27,97
P004,Plátano,Tapachula,2016,Ago,8,19,5.98,77.6,37.2,17.5,195.1,1.48,26.6,0,0,0,0,Precaución,26.8,85.7,7.51,0.776,14.9,-92.27,97
P004,Plátano,Tapachula,2016,Sep,9,20,5.91,87.7,47,15.7,200.9,1.56,26.2,10,0,0,0,Precaución,26.2,86.9,9.93,0.877,14.9,-92.27,97
P004,Plátano,Tapachula,2016,Oct,10,21,5.97,85.4,33.8,16.3,207.9,1.5,25.9,0,0,12,0,Precaución,26.9,83.7,7.08,0.854,14.9,-92.27,97
P004,Plátano,Tapachula,2016,Nov,11,22,5.93,70.5,35,18.2,192.3,1.52,26.2,0,0,0,0,Precaución,26.6,78.6,2.56,0.705,14.9,-92.27,97
P004,Plátano,Tapachula,2016,Dic,12,23,5.93,51.3,37.2,16.6,191.3,1.4,26.3,0,0,0,0,Precaución,25.9,72.5,0.72,0.513,14.9,-92.27,97
P004,Plátano,Tapachula,2017,Ene,1,24,5.86,44.6,45.8,20.1,204.9,1.48,26.1,10,4,12,0,Precaución,27,74.3,0.21,0.446,14.9,-92.27,97
P004,Plátano,Tapachula,2017,Feb,2,25,5.81,31.9,33,17.9,192.7,1.51,27.7,0,0,0,0,Atención,27.5,76.3,0.15,0.319,14.9,-92.27,97
P004,Plátano,Tapachula,2017,Mar,3,26,5.93,31.2,37.1,17.1,194.3,1.54,28,0,0,0,0,Atención,28.4,70.4,0.44,0.312,14.9,-92.27,97
P004,Plátano,Tapachula,2017,Abr,4,27,5.92,38.9,35.7,16.3,206.3,1.45,28.9,0,0,12,0,Precaución,29.5,72.7,0.81,0.389,14.9,-92.27,97
P004,Plátano,Tapachula,2017,May,5,28,5.92,66.4,48.2,17.7,200.2,1.41,28.4,10,0,0,0,Precaución,28.5,78.3,3.58,0.664,14.9,-92.27,97
P004,Plátano,Tapachula,2017,Jun,6,29,5.91,90.6,36,16.6,198.4,1.54,27.1,0,0,0,0,Atención,27.5,83.8,8.21,0.906,14.9,-92.27,97
P004,Plátano,Tapachula,2017,Jul,7,30,5.91,84.6,37.4,16.5,213.8,1.5,27,0,0,12,0,Precaución,26.3,86.1,7.57,0.846,14.9,-92.27,97
P004,Plátano,Tapachula,2017,Ago,8,31,5.9,86,36.3,16.1,197.4,1.49,26.5,0,0,0,0,Precaución,26.9,87.5,7.58,0.86,14.9,-92.27,97
P004,Plátano,Tapachula,2017,Sep,9,32,5.8,90.4,45.8,21,197.2,1.48,26.5,10,4,0,0,Precaución,26.5,85.6,9.91,0.904,14.9,-92.27,97
P004,Plátano,Tapachula,2017,Oct,10,33,5.81,80,38.3,17.1,206.1,1.47,26.5,0,0,12,0,Precaución,26.5,88,7.75,0.8,14.9,-92.27,97
P004,Plátano,Tapachula,2017,Nov,11,34,5.88,70.8,36.3,15.7,201.6,1.52,26.1,0,0,0,0,Precaución,26.1,80.4,1.94,0.708,14.9,-92.27,97
P004,Plátano,Tapachula,2017,Dic,12,35,5.87,51,35.2,16.4,197.4,1.59,26,0,0,0,0,Precaución,25.8,77.4,0.49,0.51,14.9,-92.27,97
P004,Plátano,Tapachula,2018,Ene,1,36,5.93,41.2,45.6,16.2,211.3,1.58,26,10,0,12,0.12,Precaución,26.2,75.4,0,0.412,14.9,-92.27,97
P004,Plátano,Tapachula,2018,Feb,2,37,5.9,40,34.5,16.8,197.4,1.47,27.3,0,0,0,0,Precaución,27.4,73.1,0.24,0.4,14.9,-92.27,97
P004,Plátano,Tapachula,2018,Mar,3,38,5.74,37.2,35.3,17,197.4,1.58,28.4,0,0,0,0,Precaución,29.1,70.9,0.79,0.372,14.9,-92.27,97
P004,Plátano,Tapachula,2018,Abr,4,39,5.8,42,36.5,16.8,217.6,1.62,28.6,0,0,12,0,Precaución,29,71.7,1.15,0.42,14.9,-92.27,97
P004,Plátano,Tapachula,2018,May,5,40,5.77,68.2,45.1,21.5,189.1,1.56,28.6,10,4,0,0,Precaución,29,79.9,4.16,0.682,14.9,-92.27,97
P004,Plátano,Tapachula,2018,Jun,6,41,5.78,85.4,36.6,17.1,192.9,1.6,26.8,0,0,0,0,Precaución,27.2,87.1,7.94,0.854,14.9,-92.27,97
P004,Plátano,Tapachula,2018,Jul,7,42,5.82,85.9,36.1,16.9,202.1,1.57,26.5,0,0,12,0,Precaución,27,84.6,7.9,0.859,14.9,-92.27,97
P004,Plátano,Tapachula,2018,Ago,8,43,5.81,92.9,36.6,16.5,196.6,1.56,26.2,0,0,0,0,Atención,26.7,84.8,8.13,0.929,14.9,-92.27,97
P004,Plátano,Tapachula,2018,Sep,9,44,5.72,91.8,46.9,17.1,196.1,1.57,26,10,0,0,0,Atención,26.1,92.7,8.91,0.918,14.9,-92.27,97
P004,Plátano,Tapachula,2018,Oct,10,45,5.8,74,36.5,15.8,211.1,1.48,26.4,0,0,12,0,Precaución,26.4,87,7.01,0.74,14.9,-92.27,97
P004,Plátano,Tapachula,2018,Nov,11,46,5.8,64.1,33.9,15.6,194.1,1.54,26.2,0,0,0,0,Precaución,27.1,82.2,2.73,0.641,14.9,-92.27,97
P004,Plátano,Tapachula,2018,Dic,12,47,5.71,51.3,35.7,16.6,189.6,1.64,25.7,0,0,0,0,Precaución,26.6,71.3,1.13,0.513,14.9,-92.27,97
P004,Plátano,Tapachula,2019,Ene,1,48,5.78,45,44.5,21.4,212.3,1.62,26.7,10,4,12,0,Precaución,27,76.7,0.49,0.45,14.9,-92.27,97
P004,Plátano,Tapachula,2019,Feb,2,49,5.83,40.5,34.6,16.6,199.1,1.57,27.1,0,0,0,0,Precaución,27.5,73.7,0,0.405,14.9,-92.27,97
P004,Plátano,Tapachula,2019,Mar,3,50,5.82,36.1,36.2,15.8,191,1.62,28.1,0,0,0,0,Precaución,27.7,69.2,0,0.361,14.9,-92.27,97
P004,Plátano,Tapachula,2019,Abr,4,51,5.76,39.1,36.3,15.4,200.1,1.57,28.4,0,0,12,0,Precaución,29.1,70.7,1.12,0.391,14.9,-92.27,97
P004,Plátano,Tapachula,2019,May,5,52,5.8,72.5,44.7,15.3,197.7,1.58,28.2,10,0,0,0,Precaución,28.4,78.1,4.99,0.725,14.9,-92.27,97
P004,Plátano,Tapachula,2019,Jun,6,53,5.75,85.3,36.8,16.2,194.9,1.58,27,0,0,0,0,Precaución,27.4,86.5,8.13,0.853,14.9,-92.27,97
P004,Plátano,Tapachula,2019,Jul,7,54,5.72,84.2,33.7,14.7,203.7,1.58,26.6,0,0,12,0,Atención,26.7,86.4,8.13,0.842,14.9,-92.27,97
P004,Plátano,Tapachula,2019,Ago,8,55,5.77,80.4,33.7,16.9,191.5,1.61,26.1,0,0,0,0,Precaución,26.8,84.7,8.17,0.804,14.9,-92.27,97
P004,Plátano,Tapachula,2019,Sep,9,56,5.72,90.9,43.1,19.9,192,1.66,26.5,10,4,0,0,Atención,26.5,88,9.87,0.909,14.9,-92.27,97
P004,Plátano,Tapachula,2019,Oct,10,57,5.64,82.8,33.2,15.9,209.8,1.61,26,0,0,12,0,Precaución,27.3,83.9,6.81,0.828,14.9,-92.27,97
P004,Plátano,Tapachula,2019,Nov,11,58,5.68,64.1,36.1,15.9,194.2,1.63,26,0,0,0,0,Precaución,27,79.7,2.76,0.641,14.9,-92.27,97
P004,Plátano,Tapachula,2019,Dic,12,59,5.75,49,35.7,15.8,194.1,1.66,26.6,0,0,0,0,Precaución,27.1,77.5,0.59,0.49,14.9,-92.27,97
P004,Plátano,Tapachula,2020,Ene,1,60,5.7,36.2,44.9,17.7,206,1.72,26,10,0,12,0,Precaución,26.8,71.3,0.11,0.362,14.9,-92.27,97
P004,Plátano,Tapachula,2020,Feb,2,61,5.64,36,36.2,17.3,196.5,1.66,26.9,0,0,0,0,Precaución,27.9,68.6,0.96,0.36,14.9,-92.27,97
P004,Plátano,Tapachula,2020,Mar,3,62,5.63,30.6,35.8,17.4,187.8,1.68,28.1,0,0,0,0,Atención,28.8,73,0.41,0.306,14.9,-92.27,97
P004,Plátano,Tapachula,2020,Abr,4,63,5.72,40.5,34.9,16.7,217.4,1.61,28.7,0,0,12,0,Precaución,28.8,72,0.12,0.405,14.9,-92.27,97
P004,Plátano,Tapachula,2020,May,5,64,5.69,70.2,42.9,20.9,190.4,1.59,28.7,10,4,0,0,Precaución,28.7,78.2,3.45,0.702,14.9,-92.27,97
P004,Plátano,Tapachula,2020,Jun,6,65,5.67,80,33.5,17.8,198,1.67,27.2,0,0,0,0,Precaución,27.2,85.5,8.49,0.8,14.9,-92.27,97
P004,Plátano,Tapachula,2020,Jul,7,66,5.7,85.6,35.5,16.4,207.7,1.65,26.7,0,0,12,0,Precaución,26.6,83.8,7.36,0.856,14.9,-92.27,97
P004,Plátano,Tapachula,2020,Ago,8,67,5.69,82.9,33.9,16.4,195.6,1.68,26.6,0,0,0,0,Precaución,26.4,87.9,7.62,0.829,14.9,-92.27,97
P004,Plátano,Tapachula,2020,Sep,9,68,5.63,88.6,43.2,15.8,191.7,1.67,26.2,10,0,0,0,Atención,26.7,88.3,8.7,0.886,14.9,-92.27,97
P004,Plátano,Tapachula,2020,Oct,10,69,5.6,84.2,33.4,16.3,204.1,1.72,26.3,0,0,12,0,Precaución,26.2,83.9,7.81,0.842,14.9,-92.27,97
P004,Plátano,Tapachula,2020,Nov,11,70,5.6,65.5,34.5,14.6,196.3,1.68,25.9,0,0,0,0,Atención,26.2,79.8,1.39,0.655,14.9,-92.27,97
P004,Plátano,Tapachula,2020,Dic,12,71,5.59,43.6,35.3,14.8,193.8,1.74,26.5,0,0,0,0,Atención,26.6,75.5,0.69,0.436,14.9,-92.27,97
P004,Plátano,Tapachula,2021,Ene,1,72,5.8,44.9,41.7,18.6,206.6,1.79,26.5,10,4,12,0.12,Precaución,26.8,75.8,0.76,0.449,14.9,-92.27,97
P004,Plátano,Tapachula,2021,Feb,2,73,5.64,37.6,32.4,16.8,195,1.72,27.1,0,0,0,0,Precaución,26.8,73.8,1.73,0.376,14.9,-92.27,97
P004,Plátano,Tapachula,2021,Mar,3,74,5.62,33.2,33.1,15.8,194.8,1.72,27.9,0,0,0,0,Atención,28.8,68.5,0,0.332,14.9,-92.27,97
P004,Plátano,Tapachula,2021,Abr,4,75,5.61,37.5,32.7,17.1,200.2,1.71,28.8,0,0,12,0,Precaución,29.6,73.1,0.08,0.375,14.9,-92.27,97
P004,Plátano,Tapachula,2021,May,5,76,5.69,69,47.4,15.9,192.9,1.7,28.3,10,0,0,0,Precaución,28.4,80.7,4.43,0.69,14.9,-92.27,97
P004,Plátano,Tapachula,2021,Jun,6,77,5.61,83,34.7,15.8,195.2,1.71,27.1,0,0,0,0,Precaución,27.6,83.4,8.94,0.83,14.9,-92.27,97
P004,Plátano,Tapachula,2021,Jul,7,78,5.56,79.4,32.7,15.9,205.3,1.81,26.8,0,0,12,0,Precaución,26.6,86.8,7.32,0.794,14.9,-92.27,97
P004,Plátano,Tapachula,2021,Ago,8,79,5.61,82.1,33.6,15.1,193.1,1.76,26.2,0,0,0,0,Precaución,26.6,84.4,7.33,0.821,14.9,-92.27,97
P004,Plátano,Tapachula,2021,Sep,9,80,5.66,85.8,42.3,19.5,193.7,1.77,26.3,10,4,0,0,Precaución,26.4,86.3,9.22,0.858,14.9,-92.27,97
P004,Plátano,Tapachula,2021,Oct,10,81,5.54,77.6,35,15.5,205.2,1.69,26.4,0,0,12,0,Precaución,26.4,83.1,6.91,0.776,14.9,-92.27,97
P004,Plátano,Tapachula,2021,Nov,11,82,5.56,64.1,33.7,15.9,193.7,1.8,25.9,0,0,0,0,Precaución,26.7,80.4,2.26,0.641,14.9,-92.27,97
P004,Plátano,Tapachula,2021,Dic,12,83,5.5,46.5,31.7,15.7,196.7,1.78,26.2,0,0,0,0,Precaución,26.1,76,1.14,0.465,14.9,-92.27,97
P004,Plátano,Tapachula,2022,Ene,1,84,5.58,45.5,41.7,13.8,210.1,1.76,26.8,10,0,12,0,Atención,26.2,73.3,0.63,0.455,14.9,-92.27,97
P004,Plátano,Tapachula,2022,Feb,2,85,5.53,34.2,35.4,15.3,192.9,1.83,27.3,0,0,0,0,Atención,26.9,72.8,0,0.342,14.9,-92.27,97
P004,Plátano,Tapachula,2022,Mar,3,86,5.55,36.5,34.9,15.2,191.3,1.73,28,0,0,0,0,Precaución,28.4,74.7,0.22,0.365,14.9,-92.27,97
P004,Plátano,Tapachula,2022,Abr,4,87,5.51,38.8,33.2,15.5,197.8,1.81,28.7,0,0,12,0,Precaución,28.9,71.6,0,0.388,14.9,-92.27,97
P004,Plátano,Tapachula,2022,May,5,88,5.54,67.7,43.3,20.5,194.8,1.78,28.3,10,4,0,0,Precaución,28.5,76.1,4.33,0.677,14.9,-92.27,97
P004,Plátano,Tapachula,2022,Jun,6,89,5.52,80.1,33.5,13.9,189.3,1.84,27.1,0,0,0,0,Atención,27.2,84.4,7.6,0.801,14.9,-92.27,97
P004,Plátano,Tapachula,2022,Jul,7,90,5.51,78.4,33.9,15.2,208.9,1.89,26.7,0,0,12,0,Precaución,27.5,86.2,6.89,0.784,14.9,-92.27,97
P004,Plátano,Tapachula,2022,Ago,8,91,5.56,84.9,33.9,14.9,195.9,1.73,26.3,0,0,0,0,Atención,26.9,88.8,7.46,0.849,14.9,-92.27,97
P004,Plátano,Tapachula,2022,Sep,9,92,5.46,83,43,15.1,196.5,1.77,26.2,10,0,0,0,Atención,26.6,84.2,9.03,0.83,14.9,-92.27,97
P004,Plátano,Tapachula,2022,Oct,10,93,5.55,82.3,34.2,15.4,202.4,1.78,26.5,0,0,12,0,Precaución,27.2,84.9,7.6,0.823,14.9,-92.27,97
P004,Plátano,Tapachula,2022,Nov,11,94,5.43,70.3,33.6,13.9,189.8,1.81,26.2,0,0,0,0,Atención,26.8,78.8,2.3,0.703,14.9,-92.27,97
P004,Plátano,Tapachula,2022,Dic,12,95,5.46,51.5,33.6,15,198.5,1.8,26.5,0,0,0,0,Atención,26.9,74.2,1,0.515,14.9,-92.27,97
P004,Plátano,Tapachula,2023,Ene,1,96,5.48,41.2,42.1,19.1,194.3,1.84,26.5,10,4,12,0,Atención,26.7,73.8,0.39,0.412,14.9,-92.27,97
P004,Plátano,Tapachula,2023,Feb,2,97,5.41,36,33.2,16.4,200.7,1.8,26.9,0,0,0,0,Atención,27,70.3,0.45,0.36,14.9,-92.27,97
P004,Plátano,Tapachula,2023,Mar,3,98,5.53,37.9,32.3,15.3,190.6,1.88,28.3,0,0,0,0,Precaución,28.4,68.8,0.35,0.379,14.9,-92.27,97
P004,Plátano,Tapachula,2023,Abr,4,99,5.43,37.6,31.5,14.9,211.2,1.84,28.5,0,0,12,0,Atención,29.3,75.7,0.37,0.376,14.9,-92.27,97
P004,Plátano,Tapachula,2023,May,5,100,5.5,62.4,45,14.3,189,1.84,28.5,10,0,0,0,Atención,28.5,80.7,3.53,0.624,14.9,-92.27,97
P004,Plátano,Tapachula,2023,Jun,6,101,5.42,82.9,32.6,15,197.2,1.85,27,0,0,0,0,Atención,27.6,83.6,7.52,0.829,14.9,-92.27,97
P004,Plátano,Tapachula,2023,Jul,7,102,5.45,83.2,31.6,15.3,211.2,1.83,26.6,0,0,12,0,Atención,26.7,83.9,7.68,0.832,14.9,-92.27,97
P004,Plátano,Tapachula,2023,Ago,8,103,5.44,89.9,32.4,15.5,194.8,1.87,26.7,0,0,0,0,Atención,26.6,84.8,7.59,0.899,14.9,-92.27,97
P004,Plátano,Tapachula,2023,Sep,9,104,5.45,81,43.3,19,195.9,1.84,26.7,10,4,0,0,Atención,26.9,87.5,9.34,0.81,14.9,-92.27,97
P004,Plátano,Tapachula,2023,Oct,10,105,5.42,82,32.3,14.1,205.2,1.86,27,0,0,12,0,Atención,26.5,87.4,7.78,0.82,14.9,-92.27,97
P004,Plátano,Tapachula,2023,Nov,11,106,5.43,66,32.6,15.1,191.4,1.89,26,0,0,0,0,Atención,26.9,80,1.77,0.66,14.9,-92.27,97
P004,Plátano,Tapachula,2023,Dic,12,107,5.44,53.6,34.2,14.7,190.7,1.86,26.2,0,0,0,0,Atención,26.7,79.2,0.46,0.536,14.9,-92.27,97
P004,Plátano,Tapachula,2024,Ene,1,108,5.5,36.4,41.8,14.4,211,1.91,26.3,10,0,12,0.12,Atención,26.5,75.4,1.25,0.364,14.9,-92.27,97
P004,Plátano,Tapachula,2024,Feb,2,109,5.37,41.1,33.4,14,188.6,1.91,27.4,0,0,0,0,Atención,27.3,72.5,1.16,0.411,14.9,-92.27,97
P004,Plátano,Tapachula,2024,Mar,3,110,5.4,31.7,33.3,14.9,189.9,1.84,28.3,0,0,0,0,Crítico,28.4,73.2,0.22,0.317,14.9,-92.27,97
P004,Plátano,Tapachula,2024,Abr,4,111,5.4,39.5,32.2,15.5,208.4,1.89,29,0,0,12,0,Atención,29.3,69.4,0.39,0.395,14.9,-92.27,97
P004,Plátano,Tapachula,2024,May,5,112,5.39,66.3,41.5,19.1,197.7,1.94,28.8,10,4,0,0,Atención,28.5,81.6,4.19,0.663,14.9,-92.27,97
P004,Plátano,Tapachula,2024,Jun,6,113,5.33,83.5,31.7,15.2,190,1.96,27.2,0,0,0,0,Atención,27.7,85.1,8.06,0.835,14.9,-92.27,97
P004,Plátano,Tapachula,2024,Jul,7,114,5.36,79,31.8,15,207.3,1.97,27,0,0,12,0,Atención,26.9,88.2,7.9,0.79,14.9,-92.27,97
P004,Plátano,Tapachula,2024,Ago,8,115,5.44,84.3,30.9,14.6,193.6,1.91,26.1,0,0,0,0,Atención,26.8,84,8.24,0.843,14.9,-92.27,97
P004,Plátano,Tapachula,2024,Sep,9,116,5.32,89.5,44.9,16.7,199.9,1.89,26.6,10,0,0,0,Atención,26.3,86.5,9.76,0.895,14.9,-92.27,97
P004,Plátano,Tapachula,2024,Oct,10,117,5.35,83.1,33.7,13.8,197.8,1.87,26.5,0,0,12,0,Atención,26.3,85.7,7.01,0.831,14.9,-92.27,97
P004,Plátano,Tapachula,2024,Nov,11,118,5.34,62.5,32.3,14.8,192.7,1.96,26.2,0,0,0,0,Atención,26.4,78.7,1.75,0.625,14.9,-92.27,97
P004,Plátano,Tapachula,2024,Dic,12,119,5.29,43.7,33.3,15,193.1,1.9,26.3,0,0,0,0,Atención,26.5,79.1,0,0.437,14.9,-92.27,97
P005,Palma,Tapachula,2015,Ene,1,0,5.86,43.1,28.5,12.8,123.2,1.55,26.4,0,0,0,0,Atención,26.7,77.6,0.85,0.431,14.9,-92.27,97
P005,Palma,Tapachula,2015,Feb,2,1,5.83,37.6,28.7,15.1,119,1.62,27,0,0,0,0,Precaución,27.2,69.8,0.13,0.376,14.9,-92.27,97
P005,Palma,Tapachula,2015,Mar,3,2,5.85,37.3,28.9,13.8,120.7,1.61,27.9,0,0,0,0,Atención,28.5,69,0,0.373,14.9,-92.27,97
P005,Palma,Tapachula,2015,Abr,4,3,5.79,36.8,24.6,13.2,136,1.58,28.2,0,0,0,0,Atención,28.5,69,0.17,0.368,14.9,-92.27,97
P005,Palma,Tapachula,2015,May,5,4,5.91,61.8,26,15.6,128.1,1.67,27.9,0,0,0,0,Precaución,28.2,78.2,4.13,0.618,14.9,-92.27,97
P005,Palma,Tapachula,2015,Jun,6,5,5.91,83.3,27.4,13.7,123.6,1.59,26.8,0,0,0,0,Atención,27.3,87.3,8.47,0.833,14.9,-92.27,97
P005,Palma,Tapachula,2015,Jul,7,6,5.83,85.9,31.8,13,132.5,1.64,26.6,5,0,7,0,Atención,26.2,86.4,7.92,0.859,14.9,-92.27,97
P005,Palma,Tapachula,2015,Ago,8,7,5.91,84.4,28.7,15.3,124.3,1.62,26.1,0,0,0,0,Precaución,26.6,83,7.09,0.844,14.9,-92.27,97
P005,Palma,Tapachula,2015,Sep,9,8,5.89,88,26.3,14,125.9,1.65,26.5,0,0,0,0,Atención,26.7,86.6,9.71,0.88,14.9,-92.27,97
P005,Palma,Tapachula,2015,Oct,10,9,5.77,82.2,26.3,13.7,128.8,1.6,26.2,0,0,0,0,Atención,26.2,85.5,6.67,0.822,14.9,-92.27,97
P005,Palma,Tapachula,2015,Nov,11,10,5.77,60.9,27.8,14.2,124.9,1.64,26.3,0,0,0,0,Atención,26.2,83.9,2,0.609,14.9,-92.27,97
P005,Palma,Tapachula,2015,Dic,12,11,5.74,48.3,27.6,15.8,122.5,1.67,26.1,0,0,0,0,Precaución,25.8,73.5,1.12,0.483,14.9,-92.27,97
P005,Palma,Tapachula,2016,Ene,1,12,5.77,44.4,31.7,17.7,132.7,1.71,26,5,3,7,0,Precaución,26.9,70.3,1.01,0.444,14.9,-92.27,97
P005,Palma,Tapachula,2016,Feb,2,13,5.77,37.4,27.1,12.9,125.3,1.61,26.9,0,0,0,0,Atención,27.1,74.8,0.58,0.374,14.9,-92.27,97
P005,Palma,Tapachula,2016,Mar,3,14,5.82,33.6,29.2,14,120.4,1.55,27.9,0,0,0,0,Atención,28.7,71.7,0,0.336,14.9,-92.27,97
P005,Palma,Tapachula,2016,Abr,4,15,5.82,42.5,25.2,13.4,121.6,1.62,28.5,0,0,0,0,Atención,29,68.9,0.5,0.425,14.9,-92.27,97
P005,Palma,Tapachula,2016,May,5,16,5.77,72.5,27.1,15,121.4,1.64,28.3,0,0,0,0,Precaución,28.7,79.6,3.37,0.725,14.9,-92.27,97
P005,Palma,Tapachula,2016,Jun,6,17,5.82,86.4,26.6,15.2,128.1,1.63,26.6,0,0,0,0,Precaución,27.5,86.3,8.2,0.864,14.9,-92.27,97
P005,Palma,Tapachula,2016,Jul,7,18,5.72,87.2,32.4,14,133.4,1.72,26.8,5,0,7,0,Atención,26.9,86.2,6.95,0.872,14.9,-92.27,97
P005,Palma,Tapachula,2016,Ago,8,19,5.79,87.4,28.6,12.1,121.1,1.7,26.5,0,0,0,0,Atención,26.7,86.2,7.84,0.874,14.9,-92.27,97
P005,Palma,Tapachula,2016,Sep,9,20,5.71,87.1,28.4,12.6,128.1,1.69,26.2,0,0,0,0,Atención,26.2,88.1,8.89,0.871,14.9,-92.27,97
P005,Palma,Tapachula,2016,Oct,10,21,5.75,85.4,27.5,11.8,128.1,1.63,26.1,0,0,0,0,Atención,26.5,84.9,7.52,0.854,14.9,-92.27,97
P005,Palma,Tapachula,2016,Nov,11,22,5.68,64.1,26.2,13,122.1,1.7,25.9,0,0,0,0,Atención,26.8,84.1,2.17,0.641,14.9,-92.27,97
P005,Palma,Tapachula,2016,Dic,12,23,5.75,49.6,24.9,13.8,120.7,1.63,26.2,0,0,0,0,Atención,26.3,76,0.35,0.496,14.9,-92.27,97
P005,Palma,Tapachula,2017,Ene,1,24,5.79,43.2,30.8,17.5,136,1.64,26.1,5,3,7,0,Precaución,26.5,73.8,0.59,0.432,14.9,-92.27,97
P005,Palma,Tapachula,2017,Feb,2,25,5.81,43,27.2,13.8,129.5,1.64,26.9,0,0,0,0,Atención,26.8,74,0.61,0.43,14.9,-92.27,97
P005,Palma,Tapachula,2017,Mar,3,26,5.71,30.8,28.1,13.5,118.7,1.7,28.2,0,0,0,0,Atención,28.3,68.1,0.23,0.308,14.9,-92.27,97
P005,Palma,Tapachula,2017,Abr,4,27,5.71,42.5,28.2,13.7,125.4,1.64,28.9,0,0,0,0,Atención,29,73.1,2.01,0.425,14.9,-92.27,97
P005,Palma,Tapachula,2017,May,5,28,5.74,66.8,26.4,14.7,129.3,1.7,27.7,0,0,0,0,Atención,28.5,80.9,4.06,0.668,14.9,-92.27,97
P005,Palma,Tapachula,2017,Jun,6,29,5.76,88.1,26.9,14.3,118.2,1.7,27.1,0,0,0,0,Atención,27.3,86.4,8.48,0.881,14.9,-92.27,97
P005,Palma,Tapachula,2017,Jul,7,30,5.64,84.4,32,14.2,127.1,1.71,26.3,5,0,7,0,Atención,27,87.5,6.95,0.844,14.9,-92.27,97
P005,Palma,Tapachula,2017,Ago,8,31,5.75,83.3,27.3,11.9,114.2,1.72,26.3,0,0,0,0,Atención,27,85.6,7.25,0.833,14.9,-92.27,97
P005,Palma,Tapachula,2017,Sep,9,32,5.8,94.3,27.1,13.7,124.2,1.7,26.1,0,0,0,0,Atención,26.3,85.2,9.42,0.943,14.9,-92.27,97
P005,Palma,Tapachula,2017,Oct,10,33,5.73,79.9,28.3,13.2,118,1.75,26.4,0,0,0,0,Atención,26.3,87.2,7.64,0.799,14.9,-92.27,97
P005,Palma,Tapachula,2017,Nov,11,34,5.67,66.7,28.6,12.9,134.9,1.74,26.2,0,0,0,0,Atención,26.1,82.6,2.07,0.667,14.9,-92.27,97
P005,Palma,Tapachula,2017,Dic,12,35,5.75,49,26.8,13.7,124.6,1.71,26.3,0,0,0,0,Atención,26.6,76.6,0.7,0.49,14.9,-92.27,97
P005,Palma,Tapachula,2018,Ene,1,36,5.71,46.7,33.6,16.4,135.3,1.72,26.3,5,3,7,0,Precaución,26.4,72,0,0.467,14.9,-92.27,97
P005,Palma,Tapachula,2018,Feb,2,37,5.75,37.7,26.8,12.8,122.4,1.72,26.9,0,0,0,0,Atención,27.6,68.4,0,0.377,14.9,-92.27,97
P005,Palma,Tapachula,2018,Mar,3,38,5.72,39.6,24.2,13.3,125.4,1.74,27.9,0,0,0,0,Atención,28.3,71.5,0.27,0.396,14.9,-92.27,97
P005,Palma,Tapachula,2018,Abr,4,39,5.71,38.8,26.7,13.7,120.6,1.75,28.6,0,0,0,0,Atención,29.2,68.8,1.03,0.388,14.9,-92.27,97
P005,Palma,Tapachula,2018,May,5,40,5.67,70.8,28.5,13.4,124.1,1.69,28.8,0,0,0,0,Atención,28.2,82.8,4.04,0.708,14.9,-92.27,97
P005,Palma,Tapachula,2018,Jun,6,41,5.62,85.9,24.8,14.7,127.8,1.76,27.2,0,0,0,0,Atención,27.1,84.8,7.84,0.859,14.9,-92.27,97
P005,Palma,Tapachula,2018,Jul,7,42,5.66,82.8,31.4,12.8,127.9,1.71,26.5,5,0,7,0,Atención,26.4,87.1,6.46,0.828,14.9,-92.27,97
P005,Palma,Tapachula,2018,Ago,8,43,5.68,85.4,27.5,12.3,124.7,1.74,26.5,0,0,0,0,Atención,26.3,85.4,7.3,0.854,14.9,-92.27,97
P005,Palma,Tapachula,2018,Sep,9,44,5.62,89.1,26,12.9,132.7,1.8,26.2,0,0,0,0,Atención,26.8,88.1,9.57,0.891,14.9,-92.27,97
P005,Palma,Tapachula,2018,Oct,10,45,5.67,85.7,26.4,13.6,118.1,1.7,26.3,0,0,0,0,Atención,26.8,82.1,8.47,0.857,14.9,-92.27,97
P005,Palma,Tapachula,2018,Nov,11,46,5.58,65.2,27.1,14,121.7,1.76,26,0,0,0,0,Atención,25.9,82.8,2.05,0.652,14.9,-92.27,97
P005,Palma,Tapachula,2018,Dic,12,47,5.63,52.1,24.9,12.6,121.4,1.78,26.3,0,0,0,0,Atención,26.6,79,0.45,0.521,14.9,-92.27,97
P005,Palma,Tapachula,2019,Ene,1,48,5.78,41.8,29.1,15.9,131.2,1.77,26.5,5,3,7,0.1,Precaución,27.1,75.7,0.8,0.418,14.9,-92.27,97
P005,Palma,Tapachula,2019,Feb,2,49,5.6,36.8,25.7,13,125.3,1.8,27,0,0,0,0,Atención,27,70.4,1.27,0.368,14.9,-92.27,97
P005,Palma,Tapachula,2019,Mar,3,50,5.67,32.4,26.8,12.8,122.6,1.77,28.4,0,0,0,0,Atención,28.1,72.8,0.86,0.324,14.9,-92.27,97
P005,Palma,Tapachula,2019,Abr,4,51,5.62,41.1,27.3,13.9,113.8,1.76,28.9,0,0,0,0,Atención,29.3,72.8,1.28,0.411,14.9,-92.27,97
P005,Palma,Tapachula,2019,May,5,52,5.64,69.9,27.9,14,120.8,1.83,28.6,0,0,0,0,Atención,28.8,76,4.22,0.699,14.9,-92.27,97
P005,Palma,Tapachula,2019,Jun,6,53,5.63,90.6,26.4,14.2,120.2,1.84,27.1,0,0,0,0,Atención,27.7,83.6,8.18,0.906,14.9,-92.27,97
P005,Palma,Tapachula,2019,Jul,7,54,5.66,85,33.2,13.1,135.4,1.78,26.4,5,0,7,0,Atención,27.3,87,7.72,0.85,14.9,-92.27,97
P005,Palma,Tapachula,2019,Ago,8,55,5.64,84.7,26.7,12.6,124.8,1.8,26.5,0,0,0,0,Atención,26.7,86.8,7.68,0.847,14.9,-92.27,97
P005,Palma,Tapachula,2019,Sep,9,56,5.61,84.4,26.9,13.8,128.3,1.77,26.1,0,0,0,0,Atención,26.7,86.6,9.42,0.844,14.9,-92.27,97
P005,Palma,Tapachula,2019,Oct,10,57,5.57,84.3,26,12.1,127.2,1.76,26.3,0,0,0,0,Atención,26.9,88.4,8.22,0.843,14.9,-92.27,97
P005,Palma,Tapachula,2019,Nov,11,58,5.66,66.6,26.5,11.9,119.3,1.81,26.4,0,0,0,0,Atención,26.5,84.4,2.51,0.666,14.9,-92.27,97
P005,Palma,Tapachula,2019,Dic,12,59,5.59,49.2,25.9,13.2,128.8,1.8,26.4,0,0,0,0,Atención,26.3,80.2,0.72,0.492,14.9,-92.27,97
P005,Palma,Tapachula,2020,Ene,1,60,5.63,45.3,32.2,14.9,125.5,1.85,26.5,5,3,7,0,Atención,26.7,74.4,0.77,0.453,14.9,-92.27,97
P005,Palma,Tapachula,2020,Feb,2,61,5.58,34.1,24.6,14.1,124.8,1.82,26.9,0,0,0,0,Atención,27.2,72.8,0.39,0.341,14.9,-92.27,97
P005,Palma,Tapachula,2020,Mar,3,62,5.64,33.5,26.6,13.4,121.9,1.81,28.5,0,0,0,0,Atención,28.8,70.2,0.07,0.335,14.9,-92.27,97
P005,Palma,Tapachula,2020,Abr,4,63,5.64,40.1,27,11.3,121.7,1.75,28.7,0,0,0,0,Atención,29.5,70,0.26,0.401,14.9,-92.27,97
P005,Palma,Tapachula,2020,May,5,64,5.63,72.3,26,13.3,119.1,1.82,28.3,0,0,0,0,Atención,29,82.6,3.79,0.723,14.9,-92.27,97
P005,Palma,Tapachula,2020,Jun,6,65,5.55,83.3,27.5,12.9,121,1.82,26.8,0,0,0,0,Atención,27.5,82.9,8.01,0.833,14.9,-92.27,97
P005,Palma,Tapachula,2020,Jul,7,66,5.6,85.7,32.2,14.1,133.3,1.85,26.9,5,0,7,0,Atención,27.4,84.3,8.2,0.857,14.9,-92.27,97
P005,Palma,Tapachula,2020,Ago,8,67,5.65,82.6,25.3,13.8,127.5,1.9,26.7,0,0,0,0,Atención,26.8,87.4,7.57,0.826,14.9,-92.27,97
P005,Palma,Tapachula,2020,Sep,9,68,5.56,95.2,24,13.3,120.3,1.87,26.2,0,0,0,0,Atención,26.5,89.5,9.31,0.952,14.9,-92.27,97
P005,Palma,Tapachula,2020,Oct,10,69,5.57,79.3,25.5,13.7,128.1,1.86,26,0,0,0,0,Atención,26.5,84.1,7.93,0.793,14.9,-92.27,97
P005,Palma,Tapachula,2020,Nov,11,70,5.61,62.7,24.6,12.4,122.1,1.86,25.8,0,0,0,0,Atención,26.3,83.7,2.56,0.627,14.9,-92.27,97
P005,Palma,Tapachula,2020,Dic,12,71,5.57,46.5,26.2,13.5,125.2,1.83,26.1,0,0,0,0,Atención,27.3,75.7,1.17,0.465,14.9,-92.27,97
P005,Palma,Tapachula,2021,Ene,1,72,5.61,42.5,30.2,18.2,127.2,1.93,26.5,5,3,7,0,Precaución,25.8,73.4,0.74,0.425,14.9,-92.27,97
P005,Palma,Tapachula,2021,Feb,2,73,5.59,36.8,26.1,12.3,124,1.85,26.7,0,0,0,0,Atención,27.4,75.4,0.16,0.368,14.9,-92.27,97
P005,Palma,Tapachula,2021,Mar,3,74,5.49,35,27.2,12.7,129.7,1.89,27.7,0,0,0,0,Atención,28.6,72.3,0.03,0.35,14.9,-92.27,97
P005,Palma,Tapachula,2021,Abr,4,75,5.52,36.4,23.2,14.8,123.2,1.89,28.8,0,0,0,0,Atención,28.8,74.7,0.45,0.364,14.9,-92.27,97
P005,Palma,Tapachula,2021,May,5,76,5.48,65.9,26,13.1,120.5,1.78,28.2,0,0,0,0,Atención,28.8,80.4,3.94,0.659,14.9,-92.27,97
P005,Palma,Tapachula,2021,Jun,6,77,5.47,81.7,26.9,14,125.3,1.9,26.9,0,0,0,0,Atención,27.3,84.6,8.26,0.817,14.9,-92.27,97
P005,Palma,Tapachula,2021,Jul,7,78,5.51,80.9,30.2,14.6,133.6,1.88,26.2,5,0,7,0,Atención,26.7,86.1,7.4,0.809,14.9,-92.27,97
P005,Palma,Tapachula,2021,Ago,8,79,5.52,87.4,25.4,12.4,118.5,1.81,26.2,0,0,0,0,Atención,26.8,87.8,7.7,0.874,14.9,-92.27,97
P005,Palma,Tapachula,2021,Sep,9,80,5.46,88.6,27.1,13.8,122,1.86,26.3,0,0,0,0,Crítico,26.3,87.4,8.7,0.886,14.9,-92.27,97
P005,Palma,Tapachula,2021,Oct,10,81,5.53,84.4,26.4,13.3,115.5,1.87,26.1,0,0,0,0,Atención,27.1,83.9,7.07,0.844,14.9,-92.27,97
P005,Palma,Tapachula,2021,Nov,11,82,5.52,61.9,25,13.5,127.5,1.9,26.5,0,0,0,0,Atención,26.8,81,1.79,0.619,14.9,-92.27,97
P005,Palma,Tapachula,2021,Dic,12,83,5.45,53.3,26.5,11.9,115.8,1.97,26.3,0,0,0,0,Atención,27.2,74.7,2.02,0.533,14.9,-92.27,97
P005,Palma,Tapachula,2022,Ene,1,84,5.5,39.3,31.5,16.2,132.6,1.92,26.2,5,3,7,0,Precaución,26.5,76.1,0.13,0.393,14.9,-92.27,97
P005,Palma,Tapachula,2022,Feb,2,85,5.44,34.2,26,12.9,130.6,1.97,27.1,0,0,0,0,Crítico,26.7,72.5,0,0.342,14.9,-92.27,97
P005,Palma,Tapachula,2022,Mar,3,86,5.57,36.2,24.2,12.1,125.3,1.96,27.8,0,0,0,0,Atención,28.4,71.2,0.78,0.362,14.9,-92.27,97
P005,Palma,Tapachula,2022,Abr,4,87,5.52,41.3,25.6,12.6,124,1.91,28.6,0,0,0,0,Atención,29.2,70.8,0.34,0.413,14.9,-92.27,97
P005,Palma,Tapachula,2022,May,5,88,5.4,70,24.1,12.2,118.8,1.89,28.5,0,0,0,0,Atención,28.6,80.8,3.82,0.7,14.9,-92.27,97
P005,Palma,Tapachula,2022,Jun,6,89,5.57,83.9,25.2,11.8,118.3,1.97,27.1,0,0,0,0,Atención,27.2,83.7,7.81,0.839,14.9,-92.27,97
P005,Palma,Tapachula,2022,Jul,7,90,5.47,81,30.3,12.6,128.7,1.97,25.9,5,0,7,0,Atención,27.2,84.2,7.21,0.81,14.9,-92.27,97
P005,Palma,Tapachula,2022,Ago,8,91,5.45,78.6,25,13.4,123.8,1.92,26.4,0,0,0,0,Atención,26.4,87.8,7.03,0.786,14.9,-92.27,97
P005,Palma,Tapachula,2022,Sep,9,92,5.4,91.9,24.8,12.4,128.8,1.87,26,0,0,0,0,Crítico,27,86.6,7.78,0.919,14.9,-92.27,97
P005,Palma,Tapachula,2022,Oct,10,93,5.48,76.5,25.9,12.1,124.3,1.93,26.1,0,0,0,0,Atención,26.7,85.7,7.57,0.765,14.9,-92.27,97
P005,Palma,Tapachula,2022,Nov,11,94,5.42,62.9,24.9,12.6,130.1,1.85,25.7,0,0,0,0,Atención,26.4,85.2,2.26,0.629,14.9,-92.27,97
P005,Palma,Tapachula,2022,Dic,12,95,5.49,47.8,25.8,12.3,119.9,1.94,26.2,0,0,0,0,Atención,27,76.6,0.47,0.478,14.9,-92.27,97
P005,Palma,Tapachula,2023,Ene,1,96,5.51,42.3,29.4,15.4,124.4,1.93,25.9,5,3,7,0.1,Precaución,26.6,76.2,0.31,0.423,14.9,-92.27,97
P005,Palma,Tapachula,2023,Feb,2,97,5.47,35.8,24.8,13.2,121,2.02,27.4,0,0,0,0,Atención,27.4,73.5,0,0.358,14.9,-92.27,97
P005,Palma,Tapachula,2023,Mar,3,98,5.41,33.5,22.8,12.5,122,2,28.3,0,0,0,0,Crítico,28.4,70.7,0,0.335,14.9,-92.27,97
P005,Palma,Tapachula,2023,Abr,4,99,5.38,41.9,26.5,12.4,118.5,2.02,29,0,0,0,0,Atención,29.6,72,0.15,0.419,14.9,-92.27,97
P005,Palma,Tapachula,2023,May,5,100,5.39,62.8,24.8,12.7,119.4,2.04,28.2,0,0,0,0,Atención,28.4,78.7,3.91,0.628,14.9,-92.27,97
P005,Palma,Tapachula,2023,Jun,6,101,5.52,82.8,24.9,12.2,122.5,1.93,27,0,0,0,0,Atención,27.3,86,7.95,0.828,14.9,-92.27,97
P005,Palma,Tapachula,2023,Jul,7,102,5.4,80.3,29.2,12.8,127,1.9,26.6,5,0,7,0,Atención,27.2,86.5,7.42,0.803,14.9,-92.27,97
P005,Palma,Tapachula,2023,Ago,8,103,5.43,86.4,25.8,11.3,122,1.95,26.5,0,0,0,0,Atención,26.4,84.8,6.82,0.864,14.9,-92.27,97
P005,Palma,Tapachula,2023,Sep,9,104,5.41,85.6,22.7,14.3,128.3,2,26.2,0,0,0,0,Atención,26.5,87.6,8.68,0.856,14.9,-92.27,97
P005,Palma,Tapachula,2023,Oct,10,105,5.47,80.6,25.4,11.7,121.1,1.99,26.7,0,0,0,0,Atención,27.1,86.6,7.63,0.806,14.9,-92.27,97
P005,Palma,Tapachula,2023,Nov,11,106,5.42,68.7,24,11.8,118.9,2.03,26.5,0,0,0,0,Atención,26.3,81.1,1.86,0.687,14.9,-92.27,97
P005,Palma,Tapachula,2023,Dic,12,107,5.39,49,24.6,12.6,118.3,1.96,26.7,0,0,0,0,Atención,26.6,75.4,0.52,0.49,14.9,-92.27,97
P005,Palma,Tapachula,2024,Ene,1,108,5.34,42.4,30.4,15.3,129.5,2.05,26.5,5,3,7,0,Atención,26.6,71.7,0.2,0.424,14.9,-92.27,97
P005,Palma,Tapachula,2024,Feb,2,109,5.43,35.8,26,12,123.9,2.01,27,0,0,0,0,Atención,28,70.2,0.08,0.358,14.9,-92.27,97
P005,Palma,Tapachula,2024,Mar,3,110,5.4,35.6,26.9,14.1,120.1,1.97,28.3,0,0,0,0,Atención,28.6,69.2,0.64,0.356,14.9,-92.27,97
P005,Palma,Tapachula,2024,Abr,4,111,5.47,42.1,28.1,13.3,120.5,2.02,28.9,0,0,0,0,Atención,29.3,69.7,0,0.421,14.9,-92.27,97
P005,Palma,Tapachula,2024,May,5,112,5.38,70.1,26.6,10.9,115.6,2.07,28.5,0,0,0,0,Atención,29,80.1,4.33,0.701,14.9,-92.27,97
P005,Palma,Tapachula,2024,Jun,6,113,5.37,85.3,24.1,11.1,116.8,2.05,27,0,0,0,0,Atención,27.1,85.8,8.28,0.853,14.9,-92.27,97
P005,Palma,Tapachula,2024,Jul,7,114,5.42,86.4,30,13,129,2.01,26.7,5,0,7,0,Atención,27,87.7,7.46,0.864,14.9,-92.27,97
P005,Palma,Tapachula,2024,Ago,8,115,5.4,87.2,22.1,12.4,119.5,2,26.6,0,0,0,0,Atención,26.9,87.3,8.07,0.872,14.9,-92.27,97
P005,Palma,Tapachula,2024,Sep,9,116,5.31,80.6,23.2,14.6,116.8,2.04,26,0,0,0,0,Atención,26.4,82.4,9.02,0.806,14.9,-92.27,97
P005,Palma,Tapachula,2024,Oct,10,117,5.33,84.1,25.2,12.2,115.6,2.01,26.3,0,0,0,0,Atención,27.4,85.8,7.87,0.841,14.9,-92.27,97
P005,Palma,Tapachula,2024,Nov,11,118,5.38,65,26.8,10.8,114.9,2.07,26,0,0,0,0,Atención,26.8,81.6,2.47,0.65,14.9,-92.27,97
P005,Palma,Tapachula,2024,Dic,12,119,5.31,47.7,24.1,11.8,124.6,1.98,26.4,0,0,0,0,Atención,27.1,76.7,0.94,0.477,14.9,-92.27,97
P006,Cacao,Huixtla,2015,Ene,1,0,6.11,42,26.4,18.2,155.8,1.21,26.2,0,0,0,0,Óptimo,26.8,76.3,0.36,0.42,15.15,-92.47,52
P006,Cacao,Huixtla,2015,Feb,2,1,6.07,36.1,28.1,18.3,155.1,1.23,27.5,0,0,0,0,Óptimo,28.6,72.7,0.8,0.361,15.15,-92.47,52
P006,Cacao,Huixtla,2015,Mar,3,2,6,34.9,30.9,18.4,155,1.25,28.5,0,0,0,0,Precaución,28.8,71.7,0.16,0.349,15.15,-92.47,52
P006,Cacao,Huixtla,2015,Abr,4,3,6,38.4,28.9,18.1,155.1,1.16,29.4,0,0,0,0,Óptimo,29.5,70.9,1.3,0.384,15.15,-92.47,52
P006,Cacao,Huixtla,2015,May,5,4,6.09,60.4,28.2,18.8,148.1,1.28,28.6,0,0,0,0,Óptimo,28.7,79.9,4.35,0.604,15.15,-92.47,52
P006,Cacao,Huixtla,2015,Jun,6,5,6.01,80.7,29.1,19.2,151.6,1.28,26.7,0,0,0,0,Óptimo,27.4,84.4,8.48,0.807,15.15,-92.47,52
P006,Cacao,Huixtla,2015,Jul,7,6,6.11,85.6,34.3,18.6,160,1.22,26.6,8,0,6,0,Óptimo,27.2,84.3,7.54,0.856,15.15,-92.47,52
P006,Cacao,Huixtla,2015,Ago,8,7,6.06,77.8,26.6,17.8,160.5,1.22,27.1,0,0,0,0,Óptimo,26.7,85.8,7.67,0.778,15.15,-92.47,52
P006,Cacao,Huixtla,2015,Sep,9,8,6.05,88.8,28.5,18.8,151.8,1.33,26.3,0,0,0,0,Precaución,26.7,83.1,9.68,0.888,15.15,-92.47,52
P006,Cacao,Huixtla,2015,Oct,10,9,6.06,82.1,28.6,17.7,146.5,1.19,26.4,0,0,0,0,Óptimo,27.5,83.4,6.64,0.821,15.15,-92.47,52
P006,Cacao,Huixtla,2015,Nov,11,10,6,65.7,28.1,18.2,159.4,1.21,26.4,0,0,0,0,Óptimo,27.1,81.7,2.75,0.657,15.15,-92.47,52
P006,Cacao,Huixtla,2015,Dic,12,11,5.99,51.6,28.1,18.9,159.6,1.28,26.1,0,0,0,0,Precaución,26.9,76,0.91,0.516,15.15,-92.47,52
P006,Cacao,Huixtla,2016,Ene,1,12,5.99,40.1,37.5,22.6,157.8,1.25,26.2,8,4,6,0,Precaución,27,72.4,0,0.401,15.15,-92.47,52
P006,Cacao,Huixtla,2016,Feb,2,13,5.92,33.8,27.1,18.5,146.1,1.26,27.3,0,0,0,0,Precaución,27.7,70.9,0,0.338,15.15,-92.47,52
P006,Cacao,Huixtla,2016,Mar,3,14,5.98,40.5,28.3,18,157.6,1.26,28,0,0,0,0,Precaución,28.7,68.1,1.28,0.405,15.15,-92.47,52
P006,Cacao,Huixtla,2016,Abr,4,15,5.94,42,28.9,19,151.4,1.33,29,0,0,0,0,Precaución,29.8,70.3,1.28,0.42,15.15,-92.47,52
P006,Cacao,Huixtla,2016,May,5,16,5.97,73.9,25.6,17.8,148.6,1.24,28.1,0,0,0,0,Precaución,29.1,80.8,4.51,0.739,15.15,-92.47,52
P006,Cacao,Huixtla,2016,Jun,6,17,5.89,92,25.1,17.8,152.5,1.29,27.3,0,0,0,0,Precaución,27.8,82.6,8.61,0.92,15.15,-92.47,52
P006,Cacao,Huixtla,2016,Jul,7,18,5.96,81.5,36.2,18.1,165.2,1.21,26.9,8,0,6,0,Precaución,27.5,86.4,8.06,0.815,15.15,-92.47,52
P006,Cacao,Huixtla,2016,Ago,8,19,5.95,84.8,27.3,17.6,156.5,1.3,26.7,0,0,0,0,Precaución,26.7,90,7.97,0.848,15.15,-92.47,52
P006,Cacao,Huixtla,2016,Sep,9,20,5.88,86.7,25.9,17.8,155.5,1.3,26.3,0,0,0,0,Precaución,26.8,91.2,9.3,0.867,15.15,-92.47,52
P006,Cacao,Huixtla,2016,Oct,10,21,5.96,81.9,29.9,17.3,149.5,1.31,26.9,0,0,0,0,Precaución,27,83.6,7.96,0.819,15.15,-92.47,52
P006,Cacao,Huixtla,2016,Nov,11,22,5.89,61.6,27.1,18.6,145.1,1.35,26.1,0,0,0,0,Precaución,26.9,81.1,2.56,0.616,15.15,-92.47,52
P006,Cacao,Huixtla,2016,Dic,12,23,5.88,53.3,26.9,18.8,144.3,1.39,26.3,0,0,0,0,Precaución,27.1,73.7,0.56,0.533,15.15,-92.47,52
P006,Cacao,Huixtla,2017,Ene,1,24,6.11,40.6,36.7,21.8,155.5,1.36,26.7,8,4,6,0.15,Óptimo,26.9,72.8,0.44,0.406,15.15,-92.47,52
P006,Cacao,Huixtla,2017,Feb,2,25,5.93,37.8,26.1,18.6,153,1.32,27.3,0,0,0,0,Precaución,27.4,69.5,0.88,0.378,15.15,-92.47,52
P006,Cacao,Huixtla,2017,Mar,3,26,5.9,30.1,28.1,18.7,148.5,1.33,28.2,0,0,0,0,Precaución,28.5,67.7,0.71,0.301,15.15,-92.47,52
P006,Cacao,Huixtla,2017,Abr,4,27,5.94,45.9,26.6,18.1,151.9,1.38,28.9,0,0,0,0,Precaución,28.7,71.8,0.69,0.459,15.15,-92.47,52
P006,Cacao,Huixtla,2017,May,5,28,5.95,71.7,29.3,19.2,152.3,1.4,28.5,0,0,0,0,Precaución,28.8,79.3,4.57,0.717,15.15,-92.47,52
P006,Cacao,Huixtla,2017,Jun,6,29,5.88,85.3,28.8,18.7,148.5,1.39,27.1,0,0,0,0,Precaución,28,87.6,8.53,0.853,15.15,-92.47,52
P006,Cacao,Huixtla,2017,Jul,7,30,5.92,89.7,33.8,18.9,154.6,1.32,26.6,8,0,6,0,Precaución,27.3,85.7,7.01,0.897,15.15,-92.47,52
P006,Cacao,Huixtla,2017,Ago,8,31,5.95,89.7,27.9,18.2,153.4,1.38,26.5,0,0,0,0,Precaución,27.2,84.7,8.55,0.897,15.15,-92.47,52
P006,Cacao,Huixtla,2017,Sep,9,32,5.9,90.1,25.9,19.4,139.5,1.27,26,0,0,0,0,Precaución,26.9,84.6,8.45,0.901,15.15,-92.47,52
P006,Cacao,Huixtla,2017,Oct,10,33,5.75,90.4,28.8,17.9,156.2,1.32,26.6,0,0,0,0,Precaución,26.7,85.2,6.85,0.904,15.15,-92.47,52
P006,Cacao,Huixtla,2017,Nov,11,34,5.86,68.6,28.9,19.1,158.7,1.3,26.2,0,0,0,0,Precaución,26.3,84.6,2.13,0.686,15.15,-92.47,52
P006,Cacao,Huixtla,2017,Dic,12,35,5.88,51.2,26,17.6,150.1,1.33,26.3,0,0,0,0,Precaución,26.4,74.3,0.84,0.512,15.15,-92.47,52
P006,Cacao,Huixtla,2018,Ene,1,36,5.78,41.9,34.3,21.9,155.1,1.35,26.6,8,4,6,0,Precaución,26.9,74.5,0.47,0.419,15.15,-92.47,52
P006,Cacao,Huixtla,2018,Feb,2,37,5.88,42.2,26.5,17,153.9,1.4,27.5,0,0,0,0,Precaución,27.9,70.6,0.08,0.422,15.15,-92.47,52
P006,Cacao,Huixtla,2018,Mar,3,38,5.86,32.4,26.6,19.4,159.4,1.47,28.8,0,0,0,0,Precaución,29.3,68.7,0.84,0.324,15.15,-92.47,52
P006,Cacao,Huixtla,2018,Abr,4,39,5.83,39.9,27,17.2,154,1.32,28.5,0,0,0,0,Precaución,29.3,71.5,1.34,0.399,15.15,-92.47,52
P006,Cacao,Huixtla,2018,May,5,40,5.85,66.9,26.2,17.1,144.9,1.36,28.2,0,0,0,0,Precaución,28.9,79.1,4.52,0.669,15.15,-92.47,52
P006,Cacao,Huixtla,2018,Jun,6,41,5.83,87.3,27.1,16.8,153.2,1.33,27.3,0,0,0,0,Precaución,27.3,80.5,7.15,0.873,15.15,-92.47,52
P006,Cacao,Huixtla,2018,Jul,7,42,5.78,81.5,35,17.1,156.1,1.38,27,8,0,6,0,Precaución,27,84.5,6.98,0.815,15.15,-92.47,52
P006,Cacao,Huixtla,2018,Ago,8,43,5.78,84.4,27.8,17.2,157,1.43,26.6,0,0,0,0,Precaución,27.3,83.8,7.82,0.844,15.15,-92.47,52
P006,Cacao,Huixtla,2018,Sep,9,44,5.79,92.1,26.1,15.6,153,1.4,26.5,0,0,0,0,Precaución,26.3,83.5,8.56,0.921,15.15,-92.47,52
P006,Cacao,Huixtla,2018,Oct,10,45,5.85,80.8,26.4,18.1,157.3,1.39,26.1,0,0,0,0,Precaución,27.4,89,7.06,0.808,15.15,-92.47,52
P006,Cacao,Huixtla,2018,Nov,11,46,5.84,67.1,28.4,17.1,149.3,1.4,26.3,0,0,0,0,Precaución,27.2,82.2,2.64,0.671,15.15,-92.47,52
P006,Cacao,Huixtla,2018,Dic,12,47,5.83,55,27.2,18.3,154.8,1.4,26.3,0,0,0,0,Precaución,27,76.6,0.76,0.55,15.15,-92.47,52
P006,Cacao,Huixtla,2019,Ene,1,48,5.88,46,36.2,22.1,156.6,1.43,26.5,8,4,6,0.15,Precaución,26.5,73.7,1.11,0.46,15.15,-92.47,52
P006,Cacao,Huixtla,2019,Feb,2,49,5.78,34.4,26,17.5,146.4,1.39,26.9,0,0,0,0,Precaución,27.6,73.2,0.6,0.344,15.15,-92.47,52
P006,Cacao,Huixtla,2019,Mar,3,50,5.79,34.7,26.5,17.5,149.1,1.5,28.5,0,0,0,0,Precaución,28.9,70.7,0.01,0.347,15.15,-92.47,52
P006,Cacao,Huixtla,2019,Abr,4,51,5.78,44.8,27.2,17.7,149,1.34,29.1,0,0,0,0,Precaución,29.3,70.6,1.36,0.448,15.15,-92.47,52
P006,Cacao,Huixtla,2019,May,5,52,5.77,68.1,26,18,150,1.44,28.1,0,0,0,0,Precaución,29,78.6,4.02,0.681,15.15,-92.47,52
P006,Cacao,Huixtla,2019,Jun,6,53,5.78,88.7,26,19,149.3,1.38,27.5,0,0,0,0,Precaución,27.7,84,8.43,0.887,15.15,-92.47,52
P006,Cacao,Huixtla,2019,Jul,7,54,5.73,84.5,35.3,18,155.6,1.4,26.9,8,0,6,0,Precaución,27,87,8.06,0.845,15.15,-92.47,52
P006,Cacao,Huixtla,2019,Ago,8,55,5.72,82.7,25.7,18.8,151.4,1.41,26.2,0,0,0,0,Precaución,26,84.5,7.84,0.827,15.15,-92.47,52
P006,Cacao,Huixtla,2019,Sep,9,56,5.72,86.8,25.9,18.8,156.3,1.43,26.4,0,0,0,0,Precaución,26.9,86,8.95,0.868,15.15,-92.47,52
P006,Cacao,Huixtla,2019,Oct,10,57,5.69,83.2,25.5,16,149.5,1.44,26.1,0,0,0,0,Precaución,26.8,89.7,7.91,0.832,15.15,-92.47,52
P006,Cacao,Huixtla,2019,Nov,11,58,5.71,70.5,28.5,17.5,155.2,1.46,26.7,0,0,0,0,Precaución,26.9,85,2.35,0.705,15.15,-92.47,52
P006,Cacao,Huixtla,2019,Dic,12,59,5.68,46.9,26.1,17.3,155.9,1.48,26.5,0,0,0,0,Precaución,26.8,75.9,1.53,0.469,15.15,-92.47,52
P006,Cacao,Huixtla,2020,Ene,1,60,5.78,42.1,33.4,21.7,150.3,1.45,27,8,4,6,0,Precaución,27.1,76.3,0.63,0.421,15.15,-92.47,52
P006,Cacao,Huixtla,2020,Feb,2,61,5.7,40.8,27.7,17.5,150.6,1.5,26.9,0,0,0,0,Precaución,28.1,71.1,0.67,0.408,15.15,-92.47,52
P006,Cacao,Huixtla,2020,Mar,3,62,5.72,44.5,24.9,18.4,143.5,1.48,28.6,0,0,0,0,Precaución,28,67,0.83,0.445,15.15,-92.47,52
P006,Cacao,Huixtla,2020,Abr,4,63,5.68,41.7,25.3,18.4,151.7,1.46,28.7,0,0,0,0,Precaución,29.1,68.8,0.7,0.417,15.15,-92.47,52
P006,Cacao,Huixtla,2020,May,5,64,5.68,67.7,24.8,17.6,152.1,1.53,28.3,0,0,0,0,Precaución,28.6,80.4,3.78,0.677,15.15,-92.47,52
P006,Cacao,Huixtla,2020,Jun,6,65,5.72,88.5,27,18.3,149.3,1.44,27.2,0,0,0,0,Precaución,27.8,85.4,7.61,0.885,15.15,-92.47,52
P006,Cacao,Huixtla,2020,Jul,7,66,5.63,87.7,34.3,17.2,151.8,1.47,27,8,0,6,0,Precaución,27.1,84.1,7.73,0.877,15.15,-92.47,52
P006,Cacao,Huixtla,2020,Ago,8,67,5.7,80.9,26.5,16.5,152.5,1.43,27.2,0,0,0,0,Precaución,26.5,90.2,8.42,0.809,15.15,-92.47,52
P006,Cacao,Huixtla,2020,Sep,9,68,5.56,84.7,25.7,17.7,155.6,1.42,26.6,0,0,0,0,Precaución,26,86.6,9.35,0.847,15.15,-92.47,52
P006,Cacao,Huixtla,2020,Oct,10,69,5.65,82.4,26.1,16.8,153.2,1.51,26.6,0,0,0,0,Precaución,27.5,84.1,7.96,0.824,15.15,-92.47,52
P006,Cacao,Huixtla,2020,Nov,11,70,5.64,69,26.9,17.1,145.4,1.53,26.5,0,0,0,0,Precaución,26.6,84.2,1.46,0.69,15.15,-92.47,52
P006,Cacao,Huixtla,2020,Dic,12,71,5.78,46.7,24,17.5,155.4,1.54,25.9,0,0,0,0,Precaución,26.9,73.9,1.3,0.467,15.15,-92.47,52
P006,Cacao,Huixtla,2021,Ene,1,72,5.78,43.8,32.5,22.9,160.2,1.52,26.5,8,4,6,0.15,Precaución,26.7,72.2,0.9,0.438,15.15,-92.47,52
P006,Cacao,Huixtla,2021,Feb,2,73,5.57,35.1,23.7,18.3,146.8,1.47,26.9,0,0,0,0,Precaución,27.1,73.1,0,0.351,15.15,-92.47,52
P006,Cacao,Huixtla,2021,Mar,3,74,5.65,34.5,27.1,16.6,157.8,1.49,28.6,0,0,0,0,Precaución,28.4,71.9,0,0.345,15.15,-92.47,52
P006,Cacao,Huixtla,2021,Abr,4,75,5.58,37,27.3,16.6,146.3,1.54,28.4,0,0,0,0,Precaución,29.6,72.8,0.51,0.37,15.15,-92.47,52
P006,Cacao,Huixtla,2021,May,5,76,5.65,66.7,25.4,16.8,151.6,1.49,28.2,0,0,0,0,Precaución,29,82.3,4.18,0.667,15.15,-92.47,52
P006,Cacao,Huixtla,2021,Jun,6,77,5.61,87.8,26.1,16.9,150,1.57,27.4,0,0,0,0,Precaución,27.8,88.2,7.56,0.878,15.15,-92.47,52
P006,Cacao,Huixtla,2021,Jul,7,78,5.59,81.6,34,17.3,159,1.54,27.3,8,0,6,0,Precaución,27,85.2,7.84,0.816,15.15,-92.47,52
P006,Cacao,Huixtla,2021,Ago,8,79,5.58,83.4,25.9,17.5,150.3,1.54,26.5,0,0,0,0,Precaución,27.1,87.3,7.51,0.834,15.15,-92.47,52
P006,Cacao,Huixtla,2021,Sep,9,80,5.56,93.6,25.3,16.1,150.8,1.55,27,0,0,0,0,Atención,26.9,85.8,9.01,0.936,15.15,-92.47,52
P006,Cacao,Huixtla,2021,Oct,10,81,5.62,78.8,26.2,15.9,152.8,1.55,26.9,0,0,0,0,Precaución,27.3,86.4,7.57,0.788,15.15,-92.47,52
P006,Cacao,Huixtla,2021,Nov,11,82,5.53,64.1,24.8,17,141.3,1.55,26.4,0,0,0,0,Precaución,27.2,84.1,1.74,0.641,15.15,-92.47,52
P006,Cacao,Huixtla,2021,Dic,12,83,5.6,53.8,24.5,16.2,146.5,1.55,25.9,0,0,0,0,Precaución,27.2,75,0.24,0.538,15.15,-92.47,52
P006,Cacao,Huixtla,2022,Ene,1,84,5.56,41.6,34.1,20.1,149.6,1.52,26.7,8,4,6,0,Precaución,27.5,75.4,0,0.416,15.15,-92.47,52
P006,Cacao,Huixtla,2022,Feb,2,85,5.61,38.8,26.3,17.5,142.9,1.58,27.4,0,0,0,0,Precaución,27.8,71.2,0.13,0.388,15.15,-92.47,52
P006,Cacao,Huixtla,2022,Mar,3,86,5.53,33.1,22.8,17.3,147.9,1.6,28.7,0,0,0,0,Atención,28.1,69.3,0.82,0.331,15.15,-92.47,52
P006,Cacao,Huixtla,2022,Abr,4,87,5.51,39.8,25.7,15.9,150.4,1.55,29.3,0,0,0,0,Precaución,29.6,69,0.65,0.398,15.15,-92.47,52
P006,Cacao,Huixtla,2022,May,5,88,5.61,63.4,24,17.9,150.1,1.56,28.7,0,0,0,0,Precaución,29,77.1,3.46,0.634,15.15,-92.47,52
P006,Cacao,Huixtla,2022,Jun,6,89,5.46,84.5,25.3,17.7,150.8,1.63,27,0,0,0,0,Atención,27.5,86.9,7.62,0.845,15.15,-92.47,52
P006,Cacao,Huixtla,2022,Jul,7,90,5.55,83,34.5,16.7,157.6,1.58,26.5,8,0,6,0,Precaución,27.4,87.5,7.46,0.83,15.15,-92.47,52
P006,Cacao,Huixtla,2022,Ago,8,91,5.51,84,26.9,16.1,156.9,1.62,26.6,0,0,0,0,Precaución,26.9,85.2,8.41,0.84,15.15,-92.47,52
P006,Cacao,Huixtla,2022,Sep,9,92,5.48,83.1,25.3,19.1,151,1.64,26.5,0,0,0,0,Atención,27.4,87.8,8.49,0.831,15.15,-92.47,52
P006,Cacao,Huixtla,2022,Oct,10,93,5.55,82.5,24.6,17.8,149.4,1.57,26.6,0,0,0,0,Precaución,26.6,84.5,6.8,0.825,15.15,-92.47,52
P006,Cacao,Huixtla,2022,Nov,11,94,5.55,67.8,24.3,17.4,153.2,1.62,26.5,0,0,0,0,Precaución,26.1,77.2,2.35,0.678,15.15,-92.47,52
P006,Cacao,Huixtla,2022,Dic,12,95,5.48,51.5,25.1,16.3,147.6,1.6,26.2,0,0,0,0,Atención,26.8,77.4,0.95,0.515,15.15,-92.47,52
P006,Cacao,Huixtla,2023,Ene,1,96,5.61,41,33.9,21.3,151.7,1.65,26.4,8,4,6,0.15,Precaución,27,73.7,0,0.41,15.15,-92.47,52
P006,Cacao,Huixtla,2023,Feb,2,97,5.5,35.5,22.9,17.6,152.2,1.68,27,0,0,0,0,Precaución,28.1,72.4,1.04,0.355,15.15,-92.47,52
P006,Cacao,Huixtla,2023,Mar,3,98,5.54,38.1,26.1,15.5,145.4,1.61,28.1,0,0,0,0,Precaución,28.9,73,0.04,0.381,15.15,-92.47,52
P006,Cacao,Huixtla,2023,Abr,4,99,5.48,41.4,26,16.8,153.9,1.64,28.4,0,0,0,0,Atención,29.1,70,0.42,0.414,15.15,-92.47,52
P006,Cacao,Huixtla,2023,May,5,100,5.44,71.3,24.2,17,152.3,1.63,28.7,0,0,0,0,Atención,29.1,79.4,4.47,0.713,15.15,-92.47,52
P006,Cacao,Huixtla,2023,Jun,6,101,5.47,83.1,26.1,16.3,150.8,1.61,27.2,0,0,0,0,Atención,27.1,83.1,7.39,0.831,15.15,-92.47,52
P006,Cacao,Huixtla,2023,Jul,7,102,5.41,78.9,34,17.3,155.5,1.66,26.8,8,0,6,0,Atención,27.4,83,7.78,0.789,15.15,-92.47,52
P006,Cacao,Huixtla,2023,Ago,8,103,5.42,84.5,27.4,17,153.1,1.66,26.6,0,0,0,0,Atención,26.5,87.9,6.54,0.845,15.15,-92.47,52
P006,Cacao,Huixtla,2023,Sep,9,104,5.42,91.6,26.5,17.8,144.7,1.7,26.6,0,0,0,0,Atención,27.5,84.2,10.2,0.916,15.15,-92.47,52
P006,Cacao,Huixtla,2023,Oct,10,105,5.47,82.5,23.3,17.6,149.3,1.63,26.4,0,0,0,0,Atención,26.6,83.3,7.35,0.825,15.15,-92.47,52
P006,Cacao,Huixtla,2023,Nov,11,106,5.36,67.6,23.3,15.8,142.3,1.63,26.4,0,0,0,0,Atención,27.2,85.4,0.92,0.676,15.15,-92.47,52
P006,Cacao,Huixtla,2023,Dic,12,107,5.37,54.8,24.9,17.2,150,1.66,26.6,0,0,0,0,Atención,27.2,77.1,0.78,0.548,15.15,-92.47,52
P006,Cacao,Huixtla,2024,Ene,1,108,5.44,43.3,32.6,20.6,153.6,1.63,26.7,8,4,6,0,Atención,27.4,73.9,0,0.433,15.15,-92.47,52
P006,Cacao,Huixtla,2024,Feb,2,109,5.33,39.6,26.6,14.7,149.2,1.64,27.5,0,0,0,0,Atención,27.5,72.5,0.81,0.396,15.15,-92.47,52
P006,Cacao,Huixtla,2024,Mar,3,110,5.45,34.1,25.4,16.3,147.7,1.68,28.5,0,0,0,0,Atención,28.3,69.7,0.79,0.341,15.15,-92.47,52
P006,Cacao,Huixtla,2024,Abr,4,111,5.41,39,25.1,16.6,150.7,1.69,28.8,0,0,0,0,Atención,29.4,73.1,0.18,0.39,15.15,-92.47,52
P006,Cacao,Huixtla,2024,May,5,112,5.32,59.5,24.5,17,144.6,1.6,28.7,0,0,0,0,Atención,29.5,78.1,5.35,0.595,15.15,-92.47,52
P006,Cacao,Huixtla,2024,Jun,6,113,5.45,84,25.2,17.2,152.6,1.73,27.3,0,0,0,0,Atención,27.6,84.7,7.84,0.84,15.15,-92.47,52
P006,Cacao,Huixtla,2024,Jul,7,114,5.33,77.9,30.4,16.6,151.8,1.67,27,8,0,6,0,Atención,27,90,8.8,0.779,15.15,-92.47,52
P006,Cacao,Huixtla,2024,Ago,8,115,5.35,85.8,24.4,15.8,144,1.65,27.1,0,0,0,0,Atención,27,86,7.56,0.858,15.15,-92.47,52
P006,Cacao,Huixtla,2024,Sep,9,116,5.32,80.6,23.4,16.1,152.4,1.67,27,0,0,0,0,Atención,27.1,90.1,9.55,0.806,15.15,-92.47,52
P006,Cacao,Huixtla,2024,Oct,10,117,5.38,81.1,25.4,17.5,152.6,1.7,26.3,0,0,0,0,Atención,27.4,86.5,7.22,0.811,15.15,-92.47,52
P006,Cacao,Huixtla,2024,Nov,11,118,5.31,72.8,24,16.5,142.8,1.76,26.4,0,0,0,0,Atención,26.8,81,1.59,0.728,15.15,-92.47,52
P006,Cacao,Huixtla,2024,Dic,12,119,5.33,52.7,24.9,17.8,147.1,1.7,26.5,0,0,0,0,Atención,27.2,73.6,0.35,0.527,15.15,-92.47,52
P007,Plátano,Huixtla,2015,Ene,1,0,5.97,44.4,34.1,18.2,202.5,1.29,26.9,0,0,0,0,Precaución,27.1,74.7,0.2,0.444,15.15,-92.47,52
P007,Plátano,Huixtla,2015,Feb,2,1,6.01,37.4,35.4,18.7,203.5,1.25,27.7,0,0,0,0,Óptimo,27.9,72.4,0.32,0.374,15.15,-92.47,52
P007,Plátano,Huixtla,2015,Mar,3,2,6,35.3,33.6,19.1,206.1,1.32,28,0,0,0,0,Óptimo,28.8,67.1,0,0.353,15.15,-92.47,52
P007,Plátano,Huixtla,2015,Abr,4,3,5.98,40.8,35,18.9,211.9,1.28,28.9,0,0,12,0,Precaución,28.9,72.3,0.6,0.408,15.15,-92.47,52
P007,Plátano,Huixtla,2015,May,5,4,5.95,70.1,44.4,19.2,211.4,1.3,28.3,10,0,0,0,Precaución,29.2,81.6,4.07,0.701,15.15,-92.47,52
P007,Plátano,Huixtla,2015,Jun,6,5,5.98,85.5,35,17.4,204.7,1.26,27.6,0,0,0,0,Precaución,27.7,84.5,8.03,0.855,15.15,-92.47,52
P007,Plátano,Huixtla,2015,Jul,7,6,5.93,88.1,34.9,18.6,213.9,1.32,26.9,0,0,12,0,Precaución,27.7,88.4,7.58,0.881,15.15,-92.47,52
P007,Plátano,Huixtla,2015,Ago,8,7,5.95,85.7,34.7,18.9,201.8,1.35,26.6,0,0,0,0,Precaución,26.7,85,8.07,0.857,15.15,-92.47,52
P007,Plátano,Huixtla,2015,Sep,9,8,5.95,88.4,44.5,21.9,199.6,1.33,26.4,10,4,0,0,Precaución,26.8,86.2,8.9,0.884,15.15,-92.47,52
P007,Plátano,Huixtla,2015,Oct,10,9,5.96,83.5,36.1,18.5,215.3,1.36,26.6,0,0,12,0,Precaución,26.7,84.8,8.11,0.835,15.15,-92.47,52
P007,Plátano,Huixtla,2015,Nov,11,10,5.95,61,32.9,18.2,203.6,1.3,26.4,0,0,0,0,Precaución,27.1,79.7,2.53,0.61,15.15,-92.47,52
P007,Plátano,Huixtla,2015,Dic,12,11,5.93,44.6,31.9,17.5,212.3,1.34,26.3,0,0,0,0,Precaución,27.1,75.6,0.92,0.446,15.15,-92.47,52
P007,Plátano,Huixtla,2016,Ene,1,12,5.87,47.5,46.7,18.9,214.7,1.32,26.1,10,0,12,0,Precaución,26.9,74.3,0.03,0.475,15.15,-92.47,52
P007,Plátano,Huixtla,2016,Feb,2,13,5.89,37.4,36,17,206.1,1.3,27.8,0,0,0,0,Precaución,27.7,72.7,0.11,0.374,15.15,-92.47,52
P007,Plátano,Huixtla,2016,Mar,3,14,5.86,35.4,37.2,18.5,194.9,1.37,28.1,0,0,0,0,Precaución,28.6,73,0.14,0.354,15.15,-92.47,52
P007,Plátano,Huixtla,2016,Abr,4,15,5.86,42.2,37.3,19.2,210.5,1.35,29,0,0,12,0,Precaución,28.6,69,1.41,0.422,15.15,-92.47,52
P007,Plátano,Huixtla,2016,May,5,16,5.89,65.1,44.7,21.6,208.6,1.3,28.5,10,4,0,0,Precaución,28.3,79.6,4.45,0.651,15.15,-92.47,52
P007,Plátano,Huixtla,2016,Jun,6,17,5.88,83.2,33.8,18.2,203.7,1.38,27,0,0,0,0,Precaución,27.1,87.3,7.05,0.832,15.15,-92.47,52
P007,Plátano,Huixtla,2016,Jul,7,18,5.81,79.3,36.8,19.1,218.8,1.37,27.1,0,0,12,0,Precaución,27.6,83.4,7.72,0.793,15.15,-92.47,52
P007,Plátano,Huixtla,2016,Ago,8,19,5.86,88,34.6,17.7,201.3,1.4,26.7,0,0,0,0,Precaución,27.3,83.7,8.11,0.88,15.15,-92.47,52
P007,Plátano,Huixtla,2016,Sep,9,20,5.89,86.3,43.5,18,208.5,1.4,26.8,10,0,0,0,Precaución,26.6,84.7,9.2,0.863,15.15,-92.47,52
P007,Plátano,Huixtla,2016,Oct,10,21,5.85,86.1,33.1,17.1,218.7,1.4,26.5,0,0,12,0,Precaución,27.4,87.8,7.52,0.861,15.15,-92.47,52
P007,Plátano,Huixtla,2016,Nov,11,22,5.88,65.6,33.8,18,203.5,1.32,26,0,0,0,0,Precaución,26.2,83,2.32,0.656,15.15,-92.47,52
P007,Plátano,Huixtla,2016,Dic,12,23,5.9,47.2,35.3,18.3,199.3,1.36,26.6,0,0,0,0,Precaución,26.4,74.3,1.53,0.472,15.15,-92.47,52
P007,Plátano,Huixtla,2017,Ene,1,24,5.86,45.3,44.4,21.7,222.3,1.35,26.5,10,4,12,0,Precaución,26.2,70.5,1.42,0.453,15.15,-92.47,52
P007,Plátano,Huixtla,2017,Feb,2,25,5.8,40.8,34.9,17.1,206.7,1.44,27,0,0,0,0,Precaución,27.7,72.7,0.49,0.408,15.15,-92.47,52
P007,Plátano,Huixtla,2017,Mar,3,26,5.89,35.5,31.3,17.8,207.4,1.46,28.3,0,0,0,0,Precaución,28.2,67,1.06,0.355,15.15,-92.47,52
P007,Plátano,Huixtla,2017,Abr,4,27,5.81,41.8,34.4,17.3,213,1.45,28.7,0,0,12,0,Precaución,28.8,70,0.18,0.418,15.15,-92.47,52
P007,Plátano,Huixtla,2017,May,5,28,5.8,73.5,45,17.4,204.2,1.45,28.4,10,0,0,0,Precaución,28.9,79.9,4.64,0.735,15.15,-92.47,52
P007,Plátano,Huixtla,2017,Jun,6,29,5.75,85.4,32.6,18.4,205.8,1.35,27.4,0,0,0,0,Precaución,27.6,85.2,9.12,0.854,15.15,-92.47,52
P007,Plátano,Huixtla,2017,Jul,7,30,5.8,87,34.5,16.6,213.5,1.42,27,0,0,12,0,Precaución,26.7,86,7.5,0.87,15.15,-92.47,52
P007,Plátano,Huixtla,2017,Ago,8,31,5.76,85.7,33,17.6,208.6,1.4,26.6,0,0,0,0,Precaución,27,87.1,8.75,0.857,15.15,-92.47,52
P007,Plátano,Huixtla,2017,Sep,9,32,5.8,93.8,43,21.9,206,1.44,26.4,10,4,0,0,Precaución,26.6,87.6,8.99,0.938,15.15,-92.47,52
P007,Plátano,Huixtla,2017,Oct,10,33,5.82,82.7,34.6,18.7,215.7,1.47,26.2,0,0,12,0,Precaución,26.6,89.9,7.38,0.827,15.15,-92.47,52
P007,Plátano,Huixtla,2017,Nov,11,34,5.79,69.2,33.8,16.3,207.7,1.45,26.4,0,0,0,0,Precaución,27.5,81.9,2.21,0.692,15.15,-92.47,52
P007,Plátano,Huixtla,2017,Dic,12,35,5.83,49,34.1,18.7,204,1.45,26.8,0,0,0,0,Precaución,26.8,75.7,0.56,0.49,15.15,-92.47,52
P007,Plátano,Huixtla,2018,Ene,1,36,5.87,45,42,18.3,213.3,1.44,26.7,10,0,12,0.12,Precaución,26.6,71.2,0.15,0.45,15.15,-92.47,52
P007,Plátano,Huixtla,2018,Feb,2,37,5.76,38.2,32.1,16.5,199.5,1.5,26.8,0,0,0,0,Precaución,27.1,71.1,0.95,0.382,15.15,-92.47,52
P007,Plátano,Huixtla,2018,Mar,3,38,5.74,34.6,33.5,17.4,204.8,1.38,28.4,0,0,0,0,Precaución,28.8,68.9,0.19,0.346,15.15,-92.47,52
P007,Plátano,Huixtla,2018,Abr,4,39,5.7,37.1,31.8,16.8,217.5,1.47,29.2,0,0,12,0,Precaución,29.1,68.6,0.41,0.371,15.15,-92.47,52
P007,Plátano,Huixtla,2018,May,5,40,5.79,71.2,43.4,21.5,204.2,1.54,28.8,10,4,0,0,Precaución,29.4,79.8,4.92,0.712,15.15,-92.47,52
P007,Plátano,Huixtla,2018,Jun,6,41,5.72,87.7,33.2,15.6,198.5,1.45,27.5,0,0,0,0,Precaución,27.8,83.5,8.31,0.877,15.15,-92.47,52
P007,Plátano,Huixtla,2018,Jul,7,42,5.65,84,32.8,18.6,214.4,1.5,26.5,0,0,12,0,Precaución,26.4,83.7,7.53,0.84,15.15,-92.47,52
P007,Plátano,Huixtla,2018,Ago,8,43,5.68,85.7,32.2,16.8,201.8,1.52,26.9,0,0,0,0,Precaución,26.7,86.4,7.01,0.857,15.15,-92.47,52
P007,Plátano,Huixtla,2018,Sep,9,44,5.81,84.3,43.9,16.4,194.3,1.44,26.7,10,0,0,0,Precaución,26.5,85.4,9.23,0.843,15.15,-92.47,52
P007,Plátano,Huixtla,2018,Oct,10,45,5.73,81.6,34.7,17.1,210.8,1.56,26.5,0,0,12,0,Precaución,27.4,84.3,7.22,0.816,15.15,-92.47,52
P007,Plátano,Huixtla,2018,Nov,11,46,5.74,61.4,31.9,17.1,202.1,1.5,26.5,0,0,0,0,Precaución,26.9,82.8,2.6,0.614,15.15,-92.47,52
P007,Plátano,Huixtla,2018,Dic,12,47,5.74,50.6,33,16.7,200.9,1.48,26.7,0,0,0,0,Precaución,26.4,76.9,0.43,0.506,15.15,-92.47,52
P007,Plátano,Huixtla,2019,Ene,1,48,5.62,38.3,41,22.3,213.9,1.57,26.3,10,4,12,0,Precaución,26.2,74.5,0.97,0.383,15.15,-92.47,52
P007,Plátano,Huixtla,2019,Feb,2,49,5.7,35.2,34.3,17.1,197.8,1.52,27.4,0,0,0,0,Precaución,27.5,74.9,0,0.352,15.15,-92.47,52
P007,Plátano,Huixtla,2019,Mar,3,50,5.66,32.4,33.2,15.5,204.9,1.52,28.6,0,0,0,0,Atención,28.2,68.8,1.17,0.324,15.15,-92.47,52
P007,Plátano,Huixtla,2019,Abr,4,51,5.64,45.6,33.6,17.4,209.1,1.59,29.1,0,0,12,0,Precaución,29.3,69.8,1.5,0.456,15.15,-92.47,52
P007,Plátano,Huixtla,2019,May,5,52,5.67,66.7,42.2,16.3,196.8,1.6,28.6,10,0,0,0,Precaución,29,79.7,3.87,0.667,15.15,-92.47,52
P007,Plátano,Huixtla,2019,Jun,6,53,5.63,86.2,32,16.5,199.7,1.5,27.2,0,0,0,0,Precaución,27.8,85.3,8.55,0.862,15.15,-92.47,52
P007,Plátano,Huixtla,2019,Jul,7,54,5.66,83.3,32.6,16.4,211.5,1.52,27.3,0,0,12,0,Precaución,27.9,82.7,7.67,0.833,15.15,-92.47,52
P007,Plátano,Huixtla,2019,Ago,8,55,5.71,88.2,31.5,18.7,202,1.53,26.9,0,0,0,0,Atención,27.1,87.4,8.22,0.882,15.15,-92.47,52
P007,Plátano,Huixtla,2019,Sep,9,56,5.67,86.1,42.8,21.2,205.4,1.57,26.6,10,4,0,0,Precaución,26.7,89.5,9.58,0.861,15.15,-92.47,52
P007,Plátano,Huixtla,2019,Oct,10,57,5.7,77.9,32.7,17.1,208.4,1.56,27.3,0,0,12,0,Precaución,26.9,88.9,5.83,0.779,15.15,-92.47,52
P007,Plátano,Huixtla,2019,Nov,11,58,5.65,63.4,29.5,18,208.6,1.5,26.6,0,0,0,0,Precaución,27,81.5,1.5,0.634,15.15,-92.47,52
P007,Plátano,Huixtla,2019,Dic,12,59,5.66,49.1,32.7,17.8,192.1,1.57,26.4,0,0,0,0,Precaución,27,74,0.41,0.491,15.15,-92.47,52
P007,Plátano,Huixtla,2020,Ene,1,60,5.6,43.9,42.1,16.5,208.5,1.59,26.6,10,0,12,0,Precaución,27.9,74.4,0,0.439,15.15,-92.47,52
P007,Plátano,Huixtla,2020,Feb,2,61,5.63,40.6,31.8,18.3,198.8,1.62,27.6,0,0,0,0,Precaución,27,72,0,0.406,15.15,-92.47,52
P007,Plátano,Huixtla,2020,Mar,3,62,5.67,32.4,32.6,17,202.2,1.62,28.5,0,0,0,0,Atención,29.2,67.8,0.63,0.324,15.15,-92.47,52
P007,Plátano,Huixtla,2020,Abr,4,63,5.58,37.7,33.7,18.3,212.1,1.58,28.7,0,0,12,0,Precaución,29.2,77.6,0.78,0.377,15.15,-92.47,52
P007,Plátano,Huixtla,2020,May,5,64,5.56,64.2,42.7,20.3,196.1,1.55,28.5,10,4,0,0,Precaución,28.6,80.2,4.25,0.642,15.15,-92.47,52
P007,Plátano,Huixtla,2020,Jun,6,65,5.56,91.3,33.3,16.6,205.3,1.56,27.3,0,0,0,0,Atención,27.5,84.4,8.65,0.913,15.15,-92.47,52
P007,Plátano,Huixtla,2020,Jul,7,66,5.61,79.9,31.5,17.5,212.8,1.63,26.7,0,0,12,0,Precaución,27.3,83.7,6.53,0.799,15.15,-92.47,52
P007,Plátano,Huixtla,2020,Ago,8,67,5.55,83.4,33.1,17.2,206.2,1.65,26.6,0,0,0,0,Precaución,27,82.8,8.6,0.834,15.15,-92.47,52
P007,Plátano,Huixtla,2020,Sep,9,68,5.61,88.1,41.7,16.9,197.6,1.63,26.3,10,0,0,0,Atención,26.9,89.5,9.03,0.881,15.15,-92.47,52
P007,Plátano,Huixtla,2020,Oct,10,69,5.52,81.3,32,17.6,209.9,1.6,26.1,0,0,12,0,Precaución,26.9,86.8,7.13,0.813,15.15,-92.47,52
P007,Plátano,Huixtla,2020,Nov,11,70,5.57,59.9,30.8,16.6,199.5,1.54,26.8,0,0,0,0,Precaución,26.7,81.8,1.81,0.599,15.15,-92.47,52
P007,Plátano,Huixtla,2020,Dic,12,71,5.62,50.7,30.1,18.6,212.8,1.62,27.1,0,0,0,0,Precaución,26.4,77,1,0.507,15.15,-92.47,52
P007,Plátano,Huixtla,2021,Ene,1,72,5.67,35.4,43.5,20.9,208.8,1.58,26.4,10,4,12,0.12,Precaución,27.6,74.3,0.75,0.354,15.15,-92.47,52
P007,Plátano,Huixtla,2021,Feb,2,73,5.49,38.3,32.6,17,201.1,1.66,27,0,0,0,0,Atención,27.5,70.3,0.39,0.383,15.15,-92.47,52
P007,Plátano,Huixtla,2021,Mar,3,74,5.58,36.6,32,17.1,199.1,1.57,28.5,0,0,0,0,Precaución,29.5,68.6,1.21,0.366,15.15,-92.47,52
P007,Plátano,Huixtla,2021,Abr,4,75,5.49,39.8,31.3,17.3,206,1.62,28.7,0,0,12,0,Atención,29.1,69.6,0.61,0.398,15.15,-92.47,52
P007,Plátano,Huixtla,2021,May,5,76,5.55,65.6,41.5,16.3,195.7,1.7,28.7,10,0,0,0,Precaución,29,76.3,3.82,0.656,15.15,-92.47,52
P007,Plátano,Huixtla,2021,Jun,6,77,5.49,85.4,31.2,16.7,205.8,1.76,27.6,0,0,0,0,Atención,27.9,86.3,8.28,0.854,15.15,-92.47,52
P007,Plátano,Huixtla,2021,Jul,7,78,5.59,82.8,32.3,16.2,214.4,1.68,26.7,0,0,12,0,Precaución,27.3,82.8,7.56,0.828,15.15,-92.47,52
P007,Plátano,Huixtla,2021,Ago,8,79,5.52,85.4,29.1,17.2,194.3,1.67,26.6,0,0,0,0,Precaución,26.7,88.8,8.75,0.854,15.15,-92.47,52
P007,Plátano,Huixtla,2021,Sep,9,80,5.51,88.8,42.2,20.2,200.3,1.64,26.5,10,4,0,0,Atención,26.5,85.2,9.67,0.888,15.15,-92.47,52
P007,Plátano,Huixtla,2021,Oct,10,81,5.46,83.4,31.5,16.5,214.2,1.71,26.9,0,0,12,0,Atención,27.6,88.2,7.8,0.834,15.15,-92.47,52
P007,Plátano,Huixtla,2021,Nov,11,82,5.46,63.1,32.8,16.9,192.3,1.67,26.3,0,0,0,0,Atención,27.2,81.4,1.75,0.631,15.15,-92.47,52
P007,Plátano,Huixtla,2021,Dic,12,83,5.45,51.7,29.9,16.9,203.9,1.67,26.1,0,0,0,0,Atención,26.7,76.2,0.84,0.517,15.15,-92.47,52
P007,Plátano,Huixtla,2022,Ene,1,84,5.49,40.5,42.8,18.4,208.5,1.72,26.1,10,0,12,0,Atención,27.3,74.4,0,0.405,15.15,-92.47,52
P007,Plátano,Huixtla,2022,Feb,2,85,5.5,38.4,31.1,17.1,198.4,1.69,27.3,0,0,0,0,Precaución,27.7,70.8,0.22,0.384,15.15,-92.47,52
P007,Plátano,Huixtla,2022,Mar,3,86,5.41,33.7,31.7,16.4,198.1,1.69,28.2,0,0,0,0,Atención,28.8,70.9,0.36,0.337,15.15,-92.47,52
P007,Plátano,Huixtla,2022,Abr,4,87,5.43,43.9,32.5,15.3,211.1,1.72,29,0,0,12,0,Atención,29.7,72.2,0.2,0.439,15.15,-92.47,52
P007,Plátano,Huixtla,2022,May,5,88,5.44,69.6,40.7,19.6,201.3,1.68,28.3,10,4,0,0,Atención,28.6,78.5,3.83,0.696,15.15,-92.47,52
P007,Plátano,Huixtla,2022,Jun,6,89,5.45,87.1,30.8,15.4,196.7,1.74,27.2,0,0,0,0,Atención,27.5,82.1,7.79,0.871,15.15,-92.47,52
P007,Plátano,Huixtla,2022,Jul,7,90,5.43,83.8,32.1,17.7,211.5,1.67,26.9,0,0,12,0,Atención,27.4,82.2,6.96,0.838,15.15,-92.47,52
P007,Plátano,Huixtla,2022,Ago,8,91,5.48,85.5,31.3,15.5,202.3,1.78,26.1,0,0,0,0,Atención,27.2,87.6,8,0.855,15.15,-92.47,52
P007,Plátano,Huixtla,2022,Sep,9,92,5.45,89.8,41.1,17.4,200.9,1.71,25.9,10,0,0,0,Atención,27,85.3,8.99,0.898,15.15,-92.47,52
P007,Plátano,Huixtla,2022,Oct,10,93,5.4,83.1,30.6,15.8,210,1.72,26.6,0,0,12,0,Atención,26.5,88.9,7.39,0.831,15.15,-92.47,52
P007,Plátano,Huixtla,2022,Nov,11,94,5.42,64.5,30.9,17.2,196.3,1.71,26,0,0,0,0,Atención,26.8,83.6,1.63,0.645,15.15,-92.47,52
P007,Plátano,Huixtla,2022,Dic,12,95,5.43,46.1,28.9,16.9,201.1,1.74,26.5,0,0,0,0,Atención,27.4,78.6,1.19,0.461,15.15,-92.47,52
P007,Plátano,Huixtla,2023,Ene,1,96,5.41,40.9,42.2,20.7,208.7,1.68,26.9,10,4,12,0,Atención,26.6,75,0.81,0.409,15.15,-92.47,52
P007,Plátano,Huixtla,2023,Feb,2,97,5.44,31.2,32,15.8,202.7,1.74,27.1,0,0,0,0,Atención,27.4,73.1,0.74,0.312,15.15,-92.47,52
P007,Plátano,Huixtla,2023,Mar,3,98,5.36,36.2,31,15.1,211.3,1.75,28.6,0,0,0,0,Atención,28.9,69.8,0,0.362,15.15,-92.47,52
P007,Plátano,Huixtla,2023,Abr,4,99,5.38,44.8,30.6,16.2,213.1,1.76,28.9,0,0,12,0,Atención,29.8,70.8,0.11,0.448,15.15,-92.47,52
P007,Plátano,Huixtla,2023,May,5,100,5.34,62.6,39.9,16.1,204.2,1.79,28.7,10,0,0,0,Atención,29,77.1,3.69,0.626,15.15,-92.47,52
P007,Plátano,Huixtla,2023,Jun,6,101,5.4,89.6,32.1,16.5,199.6,1.78,26.6,0,0,0,0,Atención,27.8,81.5,7.22,0.896,15.15,-92.47,52
P007,Plátano,Huixtla,2023,Jul,7,102,5.37,85.3,30.3,16.3,212.8,1.8,26.6,0,0,12,0,Atención,27.2,86.5,6.33,0.853,15.15,-92.47,52
P007,Plátano,Huixtla,2023,Ago,8,103,5.39,86.5,29.3,15.6,198.7,1.74,26.7,0,0,0,0,Atención,26.8,85.1,8.16,0.865,15.15,-92.47,52
P007,Plátano,Huixtla,2023,Sep,9,104,5.35,90.3,40.1,20.9,195.8,1.81,26.7,10,4,0,0,Atención,27.1,85.1,9.38,0.903,15.15,-92.47,52
P007,Plátano,Huixtla,2023,Oct,10,105,5.34,80.8,30.1,15.5,215.7,1.74,26.2,0,0,12,0,Atención,26.9,83.5,7.02,0.808,15.15,-92.47,52
P007,Plátano,Huixtla,2023,Nov,11,106,5.31,64.5,30.4,15.5,203.8,1.8,26.8,0,0,0,0,Atención,26.7,82.5,2.04,0.645,15.15,-92.47,52
P007,Plátano,Huixtla,2023,Dic,12,107,5.34,45.2,30.8,14.1,194.6,1.81,26.5,0,0,0,0,Atención,26.5,76,1.38,0.452,15.15,-92.47,52
P007,Plátano,Huixtla,2024,Ene,1,108,5.46,39.8,39.2,16.3,208.7,1.85,26.7,10,0,12,0.12,Atención,27.3,73.6,0.34,0.398,15.15,-92.47,52
P007,Plátano,Huixtla,2024,Feb,2,109,5.32,37.6,31.1,16.5,198.3,1.83,27.7,0,0,0,0,Atención,27.6,71,0,0.376,15.15,-92.47,52
P007,Plátano,Huixtla,2024,Mar,3,110,5.35,31.9,29.9,15.6,206.4,1.87,28.9,0,0,0,0,Atención,28.9,68,0,0.319,15.15,-92.47,52
P007,Plátano,Huixtla,2024,Abr,4,111,5.34,41.3,31.5,14.8,214,1.83,29.2,0,0,12,0,Atención,29.3,73.5,0.77,0.413,15.15,-92.47,52
P007,Plátano,Huixtla,2024,May,5,112,5.34,68.6,40.6,20.8,205.8,1.81,28.9,10,4,0,0,Atención,29.4,81,4.74,0.686,15.15,-92.47,52
P007,Plátano,Huixtla,2024,Jun,6,113,5.25,87.5,31.5,16,212.3,1.89,27.3,0,0,0,0,Atención,27.3,82.7,7.88,0.875,15.15,-92.47,52
P007,Plátano,Huixtla,2024,Jul,7,114,5.29,85,29.1,15.4,211.8,1.85,26.9,0,0,12,0,Atención,27.9,87.5,7.36,0.85,15.15,-92.47,52
P007,Plátano,Huixtla,2024,Ago,8,115,5.25,77.7,29.5,15.7,199.2,1.89,26.6,0,0,0,0,Atención,27.7,85.4,8.02,0.777,15.15,-92.47,52
P007,Plátano,Huixtla,2024,Sep,9,116,5.3,85.6,39.3,15,199.1,1.89,26.7,10,0,0,0,Atención,27.3,86.8,8.21,0.856,15.15,-92.47,52
P007,Plátano,Huixtla,2024,Oct,10,117,5.33,79.8,29.8,16.1,210.8,1.88,26.9,0,0,12,0,Atención,26.5,86,6.46,0.798,15.15,-92.47,52
P007,Plátano,Huixtla,2024,Nov,11,118,5.37,64.4,29.9,17,188.5,1.82,27,0,0,0,0,Atención,27.1,82.5,1.21,0.644,15.15,-92.47,52
P007,Plátano,Huixtla,2024,Dic,12,119,5.25,43.9,28.3,14.9,196.8,1.96,26.8,0,0,0,0,Atención,26.9,74.9,0,0.439,15.15,-92.47,52
P008,Maíz,Huixtla,2015,Ene,1,0,6.46,41.6,33.6,21.4,140.9,1.37,26.4,0,0,0,0,Óptimo,26.8,75.6,0.09,0.416,15.15,-92.47,52
P008,Maíz,Huixtla,2015,Feb,2,1,6.44,37.4,35.8,20,139.9,1.36,27.4,0,0,0,0,Óptimo,27.6,70.1,0,0.374,15.15,-92.47,52
P008,Maíz,Huixtla,2015,Mar,3,2,6.42,37.9,36.7,20,138.3,1.4,28.5,0,0,0,0,Óptimo,28.5,69.2,1.18,0.379,15.15,-92.47,52
P008,Maíz,Huixtla,2015,Abr,4,3,6.39,39.6,35.3,21.1,140.2,1.41,29.1,0,0,0,0,Óptimo,28.7,69.8,0.45,0.396,15.15,-92.47,52
P008,Maíz,Huixtla,2015,May,5,4,6.46,68.7,46.2,19.8,148.3,1.35,28.3,12,0,8,0,Óptimo,28.6,82.3,3.48,0.687,15.15,-92.47,52
P008,Maíz,Huixtla,2015,Jun,6,5,6.43,88.9,34,20,138.4,1.37,27.4,0,0,0,0,Precaución,27.9,88.4,7.94,0.889,15.15,-92.47,52
P008,Maíz,Huixtla,2015,Jul,7,6,6.38,84.8,34.5,19.4,144.8,1.39,26.6,0,0,0,0,Óptimo,27.2,88.2,7.54,0.848,15.15,-92.47,52
P008,Maíz,Huixtla,2015,Ago,8,7,6.34,85.2,32,22.4,143.3,1.35,26.9,0,0,0,0,Óptimo,26.9,86.8,8.14,0.852,15.15,-92.47,52
P008,Maíz,Huixtla,2015,Sep,9,8,6.41,88.3,46.3,25.9,144.6,1.42,26.6,12,6,8,0,Precaución,26.1,89.6,9.06,0.883,15.15,-92.47,52
P008,Maíz,Huixtla,2015,Oct,10,9,6.42,83.8,34.8,20.7,136.5,1.44,26.6,0,0,0,0,Óptimo,27.6,86.1,6.66,0.838,15.15,-92.47,52
P008,Maíz,Huixtla,2015,Nov,11,10,6.36,71,33.5,20.8,136.7,1.4,26.7,0,0,0,0,Óptimo,26.5,82.6,1.46,0.71,15.15,-92.47,52
P008,Maíz,Huixtla,2015,Dic,12,11,6.37,48.7,33.8,20.5,144.6,1.39,26.3,0,0,0,0,Óptimo,26.2,72,0,0.487,15.15,-92.47,52
P008,Maíz,Huixtla,2016,Ene,1,12,6.37,44.5,46.4,20.9,142.2,1.32,26.9,12,0,8,0,Óptimo,26.9,75.4,0.53,0.445,15.15,-92.47,52
P008,Maíz,Huixtla,2016,Feb,2,13,6.31,39.6,36.3,20.5,145.1,1.43,27.6,0,0,0,0,Óptimo,27.1,73.9,0,0.396,15.15,-92.47,52
P008,Maíz,Huixtla,2016,Mar,3,14,6.33,34.2,35.1,20.9,142.8,1.49,28.2,0,0,0,0,Precaución,29,70.9,0.4,0.342,15.15,-92.47,52
P008,Maíz,Huixtla,2016,Abr,4,15,6.25,41.1,33.8,20.2,138.6,1.45,28.6,0,0,0,0,Óptimo,30.3,71.4,0.07,0.411,15.15,-92.47,52
P008,Maíz,Huixtla,2016,May,5,16,6.24,72.8,45.1,27.4,146.7,1.47,28.6,12,6,8,0,Óptimo,28.9,82.9,4.13,0.728,15.15,-92.47,52
P008,Maíz,Huixtla,2016,Jun,6,17,6.4,85.2,35.6,19.5,139.7,1.46,27.4,0,0,0,0,Óptimo,28.2,86.4,8.21,0.852,15.15,-92.47,52
P008,Maíz,Huixtla,2016,Jul,7,18,6.33,79.2,32.6,20.6,138.6,1.43,26.4,0,0,0,0,Óptimo,26.5,85.4,7.26,0.792,15.15,-92.47,52
P008,Maíz,Huixtla,2016,Ago,8,19,6.37,83.2,33.7,19.2,131.7,1.43,26.7,0,0,0,0,Óptimo,26.5,85.5,7.96,0.832,15.15,-92.47,52
P008,Maíz,Huixtla,2016,Sep,9,20,6.22,93.2,47.4,18.9,139.1,1.43,26.3,12,0,8,0,Precaución,26.7,87.6,9.88,0.932,15.15,-92.47,52
P008,Maíz,Huixtla,2016,Oct,10,21,6.17,78.9,36,20,139,1.46,27,0,0,0,0,Óptimo,27.1,83.4,6.77,0.789,15.15,-92.47,52
P008,Maíz,Huixtla,2016,Nov,11,22,6.26,66,33.9,20.9,135.5,1.41,26.5,0,0,0,0,Óptimo,26.5,82.3,2.99,0.66,15.15,-92.47,52
P008,Maíz,Huixtla,2016,Dic,12,23,6.24,50.4,31.6,20.1,134.8,1.49,26.2,0,0,0,0,Óptimo,26.8,74,0.53,0.504,15.15,-92.47,52
P008,Maíz,Huixtla,2017,Ene,1,24,6.44,44.1,44.5,25.4,147.3,1.56,26.7,12,6,8,0.2,Precaución,27,73.5,0.23,0.441,15.15,-92.47,52
P008,Maíz,Huixtla,2017,Feb,2,25,6.23,38.8,35.2,19,136.1,1.51,26.9,0,0,0,0,Precaución,27.5,69.5,0.75,0.388,15.15,-92.47,52
P008,Maíz,Huixtla,2017,Mar,3,26,6.21,34.8,33.2,19.1,140.2,1.46,28.6,0,0,0,0,Precaución,28.3,75.1,0.51,0.348,15.15,-92.47,52
P008,Maíz,Huixtla,2017,Abr,4,27,6.23,38.8,32.6,18.2,134.6,1.44,28.7,0,0,0,0,Óptimo,29,71.4,0.4,0.388,15.15,-92.47,52
P008,Maíz,Huixtla,2017,May,5,28,6.21,67.1,45.1,19.2,149.4,1.58,28.8,12,0,8,0,Precaución,29.2,78,4.24,0.671,15.15,-92.47,52
P008,Maíz,Huixtla,2017,Jun,6,29,6.19,88.5,31.7,19.7,140.9,1.56,26.9,0,0,0,0,Precaución,27.3,82.8,8.14,0.885,15.15,-92.47,52
P008,Maíz,Huixtla,2017,Jul,7,30,6.25,85.2,32.6,19.5,138.7,1.45,26.9,0,0,0,0,Óptimo,27.4,86.8,7.06,0.852,15.15,-92.47,52
P008,Maíz,Huixtla,2017,Ago,8,31,6.2,80.8,33.8,19.3,134.2,1.51,26.7,0,0,0,0,Precaución,27.2,85.3,7.97,0.808,15.15,-92.47,52
P008,Maíz,Huixtla,2017,Sep,9,32,6.16,84.5,45.4,24.3,148.9,1.55,26.4,12,6,8,0,Precaución,26,88.6,9.12,0.845,15.15,-92.47,52
P008,Maíz,Huixtla,2017,Oct,10,33,6.09,89.2,32.7,19,144,1.52,26.4,0,0,0,0,Precaución,27.1,83.7,7.73,0.892,15.15,-92.47,52
P008,Maíz,Huixtla,2017,Nov,11,34,6.14,63.1,32.5,19.8,131.6,1.52,27.1,0,0,0,0,Precaución,26.2,80.8,1.47,0.631,15.15,-92.47,52
P008,Maíz,Huixtla,2017,Dic,12,35,6.23,48.8,34.9,19.1,132.3,1.57,26.4,0,0,0,0,Precaución,26.3,77.7,0.46,0.488,15.15,-92.47,52
P008,Maíz,Huixtla,2018,Ene,1,36,6.06,40.7,46.2,21.1,146,1.56,26.4,12,0,8,0,Precaución,26.7,70.9,0.51,0.407,15.15,-92.47,52
P008,Maíz,Huixtla,2018,Feb,2,37,6.11,43.4,31.6,18.8,134,1.52,27.8,0,0,0,0,Precaución,27.2,72.2,0.39,0.434,15.15,-92.47,52
P008,Maíz,Huixtla,2018,Mar,3,38,6.13,38.1,34.9,19.7,133.9,1.54,28.4,0,0,0,0,Precaución,28.2,68.2,0.37,0.381,15.15,-92.47,52
P008,Maíz,Huixtla,2018,Abr,4,39,6.15,42.9,33.3,19,147.3,1.51,29.3,0,0,0,0,Precaución,29.3,67.2,1.09,0.429,15.15,-92.47,52
P008,Maíz,Huixtla,2018,May,5,40,6.05,69.6,45.2,24.5,137.9,1.55,28.9,12,6,8,0,Precaución,28.9,81,4.71,0.696,15.15,-92.47,52
P008,Maíz,Huixtla,2018,Jun,6,41,6.15,85.9,32.3,19.2,138.5,1.69,26.9,0,0,0,0,Precaución,28,85.1,7.88,0.859,15.15,-92.47,52
P008,Maíz,Huixtla,2018,Jul,7,42,6.04,88.2,28.6,19.9,138.3,1.63,26.9,0,0,0,0,Precaución,26.8,85.3,7.24,0.882,15.15,-92.47,52
P008,Maíz,Huixtla,2018,Ago,8,43,6.05,87.9,33,19.8,146.8,1.57,26.5,0,0,0,0,Precaución,27.1,85.6,8.48,0.879,15.15,-92.47,52
P008,Maíz,Huixtla,2018,Sep,9,44,6.06,97.6,44.8,18.5,146.1,1.62,26.5,12,0,8,0,Precaución,26.7,89,9.59,0.976,15.15,-92.47,52
P008,Maíz,Huixtla,2018,Oct,10,45,6.02,86.4,32.1,17.6,143.2,1.67,26.6,0,0,0,0,Precaución,26.3,84.5,6.42,0.864,15.15,-92.47,52
P008,Maíz,Huixtla,2018,Nov,11,46,5.97,65.6,32.7,18.3,137.3,1.61,26,0,0,0,0,Precaución,26.8,82,2.41,0.656,15.15,-92.47,52
P008,Maíz,Huixtla,2018,Dic,12,47,6.08,54.3,32.1,19.1,141.2,1.65,26.6,0,0,0,0,Precaución,26.8,75.1,0.7,0.543,15.15,-92.47,52
P008,Maíz,Huixtla,2019,Ene,1,48,6.2,41,45.1,24.8,140.8,1.61,26.4,12,6,8,0.2,Precaución,27,74.9,1.14,0.41,15.15,-92.47,52
P008,Maíz,Huixtla,2019,Feb,2,49,6.02,37.9,29.6,17.8,144.2,1.6,27.2,0,0,0,0,Precaución,27.4,71.2,0,0.379,15.15,-92.47,52
P008,Maíz,Huixtla,2019,Mar,3,50,6,34.8,33.2,19.5,145.1,1.65,28.3,0,0,0,0,Precaución,28.4,65.3,0,0.348,15.15,-92.47,52
P008,Maíz,Huixtla,2019,Abr,4,51,5.96,38.9,30.5,19.3,136.4,1.62,28.7,0,0,0,0,Precaución,29.1,71,0.59,0.389,15.15,-92.47,52
P008,Maíz,Huixtla,2019,May,5,52,6.04,71.2,44.4,18.6,145,1.67,28.7,12,0,8,0,Precaución,28.8,76.4,4.47,0.712,15.15,-92.47,52
P008,Maíz,Huixtla,2019,Jun,6,53,6.03,85.1,30.8,19.3,135.6,1.72,27.2,0,0,0,0,Precaución,26.9,86.9,8.16,0.851,15.15,-92.47,52
P008,Maíz,Huixtla,2019,Jul,7,54,5.99,84.3,32.3,19.4,141.3,1.66,26.6,0,0,0,0,Precaución,26.8,89.7,8.39,0.843,15.15,-92.47,52
P008,Maíz,Huixtla,2019,Ago,8,55,5.96,78.9,33.8,19.9,141.5,1.73,26.7,0,0,0,0,Precaución,27.1,86.4,8.29,0.789,15.15,-92.47,52
P008,Maíz,Huixtla,2019,Sep,9,56,5.94,88.5,42.8,25.4,146.5,1.59,26.7,12,6,8,0,Atención,27,87.5,8.77,0.885,15.15,-92.47,52
P008,Maíz,Huixtla,2019,Oct,10,57,5.98,81.2,34.4,17.4,146.3,1.69,27,0,0,0,0,Precaución,26.8,84.7,6.79,0.812,15.15,-92.47,52
P008,Maíz,Huixtla,2019,Nov,11,58,5.97,69.3,32.2,18.1,133.3,1.67,25.8,0,0,0,0,Precaución,27.6,85.4,1.96,0.693,15.15,-92.47,52
P008,Maíz,Huixtla,2019,Dic,12,59,5.91,45.5,31.7,19.8,137,1.7,26.3,0,0,0,0,Precaución,26.9,76,0.56,0.455,15.15,-92.47,52
P008,Maíz,Huixtla,2020,Ene,1,60,5.93,42.9,43.3,18.8,149.7,1.69,26.7,12,0,8,0,Precaución,27.1,72.5,0.82,0.429,15.15,-92.47,52
P008,Maíz,Huixtla,2020,Feb,2,61,5.87,39.1,32.9,17.8,130.9,1.67,27,0,0,0,0,Precaución,27.2,72.6,0,0.391,15.15,-92.47,52
P008,Maíz,Huixtla,2020,Mar,3,62,5.93,38.7,31.3,17.8,138.1,1.75,28.1,0,0,0,0,Precaución,28.6,70,0.05,0.387,15.15,-92.47,52
P008,Maíz,Huixtla,2020,Abr,4,63,5.92,38.7,32.2,19.3,144.9,1.77,28.9,0,0,0,0,Precaución,29.5,70.1,0.56,0.387,15.15,-92.47,52
P008,Maíz,Huixtla,2020,May,5,64,5.9,67.1,43.8,24.3,143.3,1.78,28.5,12,6,8,0,Precaución,29,79.7,4.18,0.671,15.15,-92.47,52
P008,Maíz,Huixtla,2020,Jun,6,65,5.86,84.4,29.9,20.5,134.1,1.72,27.4,0,0,0,0,Precaución,27.3,85.8,7.74,0.844,15.15,-92.47,52
P008,Maíz,Huixtla,2020,Jul,7,66,5.95,83.1,33.6,18.1,140.8,1.71,26.4,0,0,0,0,Precaución,27.2,87,7.04,0.831,15.15,-92.47,52
P008,Maíz,Huixtla,2020,Ago,8,67,5.84,82.5,33.1,19.3,144.6,1.8,26.8,0,0,0,0,Precaución,27,85.8,7.55,0.825,15.15,-92.47,52
P008,Maíz,Huixtla,2020,Sep,9,68,5.87,84.6,44.1,19,152,1.69,27.2,12,0,8,0,Precaución,26.6,88.4,8.74,0.846,15.15,-92.47,52
P008,Maíz,Huixtla,2020,Oct,10,69,5.88,79.4,32.9,19,139.2,1.75,27.1,0,0,0,0,Precaución,26.7,86.8,7.75,0.794,15.15,-92.47,52
P008,Maíz,Huixtla,2020,Nov,11,70,5.81,64.1,29.5,18.1,135.4,1.7,27.1,0,0,0,0,Precaución,26.4,82.5,2.79,0.641,15.15,-92.47,52
P008,Maíz,Huixtla,2020,Dic,12,71,5.78,46.6,31,19.2,138.5,1.77,26.5,0,0,0,0,Precaución,27.2,75.9,0.96,0.466,15.15,-92.47,52
P008,Maíz,Huixtla,2021,Ene,1,72,6,38.9,41.9,25.1,150,1.83,27,12,6,8,0.2,Precaución,27.5,77.4,1.27,0.389,15.15,-92.47,52
P008,Maíz,Huixtla,2021,Feb,2,73,5.77,40.2,33,17.7,137.2,1.75,27.1,0,0,0,0,Precaución,27.8,69.3,0,0.402,15.15,-92.47,52
P008,Maíz,Huixtla,2021,Mar,3,74,5.77,37.5,29.7,17.2,135,1.78,28.3,0,0,0,0,Precaución,28.9,70.6,1.39,0.375,15.15,-92.47,52
P008,Maíz,Huixtla,2021,Abr,4,75,5.75,37.8,32.8,16.2,135.9,1.75,28.6,0,0,0,0,Precaución,29.2,71.5,0.37,0.378,15.15,-92.47,52
P008,Maíz,Huixtla,2021,May,5,76,5.73,65.8,40.2,17.1,143.2,1.85,28.2,12,0,8,0,Precaución,29.2,83,5.54,0.658,15.15,-92.47,52
P008,Maíz,Huixtla,2021,Jun,6,77,5.73,82.7,28.4,17,139.4,1.86,27.5,0,0,0,0,Precaución,27.2,83.8,8.25,0.827,15.15,-92.47,52
P008,Maíz,Huixtla,2021,Jul,7,78,5.7,79.2,29.9,17.8,136.4,1.74,26.7,0,0,0,0,Precaución,27,86.4,7.93,0.792,15.15,-92.47,52
P008,Maíz,Huixtla,2021,Ago,8,79,5.77,84.3,30.7,17.6,137.5,1.79,26,0,0,0,0,Precaución,27,87.4,7.95,0.843,15.15,-92.47,52
P008,Maíz,Huixtla,2021,Sep,9,80,5.78,84.6,45.9,24,147.9,1.89,26.7,12,6,8,0,Precaución,27,82.4,8.74,0.846,15.15,-92.47,52
P008,Maíz,Huixtla,2021,Oct,10,81,5.66,84.8,30,17.3,139.8,1.91,26.4,0,0,0,0,Precaución,27.3,87.4,6.78,0.848,15.15,-92.47,52
P008,Maíz,Huixtla,2021,Nov,11,82,5.73,67.6,32.4,18,140.9,1.89,26.3,0,0,0,0,Precaución,26.7,83.5,2.12,0.676,15.15,-92.47,52
P008,Maíz,Huixtla,2021,Dic,12,83,5.76,43.2,29.9,17.1,137,1.87,26.5,0,0,0,0,Precaución,26.2,78.2,1.4,0.432,15.15,-92.47,52
P008,Maíz,Huixtla,2022,Ene,1,84,5.71,45,43.3,18.2,147.1,1.85,26.4,12,0,8,0,Precaución,26.3,72.6,0.53,0.45,15.15,-92.47,52
P008,Maíz,Huixtla,2022,Feb,2,85,5.72,37.7,31.1,18.2,136.1,1.95,27.6,0,0,0,0,Precaución,27,70.3,0,0.377,15.15,-92.47,52
P008,Maíz,Huixtla,2022,Mar,3,86,5.69,29.1,30.6,18.9,128.3,1.88,28.5,0,0,0,0,Atención,28.1,68.7,0.5,0.291,15.15,-92.47,52
P008,Maíz,Huixtla,2022,Abr,4,87,5.66,37.9,28.5,18.2,136.2,1.9,28.5,0,0,0,0,Precaución,29.6,72.5,1.12,0.379,15.15,-92.47,52
P008,Maíz,Huixtla,2022,May,5,88,5.73,65.7,42.3,23.7,147.4,1.88,28.8,12,6,8,0,Precaución,29.1,80.1,4.62,0.657,15.15,-92.47,52
P008,Maíz,Huixtla,2022,Jun,6,89,5.69,82.5,30.9,17.4,141.6,1.91,27.5,0,0,0,0,Precaución,27.6,85,7.77,0.825,15.15,-92.47,52
P008,Maíz,Huixtla,2022,Jul,7,90,5.64,83.8,30.9,18.1,139.2,1.93,27.1,0,0,0,0,Precaución,26,84.1,7,0.838,15.15,-92.47,52
P008,Maíz,Huixtla,2022,Ago,8,91,5.65,80.4,29.4,16.4,139,1.87,26.8,0,0,0,0,Precaución,27.7,86.9,7.69,0.804,15.15,-92.47,52
P008,Maíz,Huixtla,2022,Sep,9,92,5.7,85.9,41.5,17.4,142.9,1.9,26.4,12,0,8,0,Precaución,27.2,83,8.91,0.859,15.15,-92.47,52
P008,Maíz,Huixtla,2022,Oct,10,93,5.58,84.1,30.7,17.6,142,1.91,26.5,0,0,0,0,Precaución,27.4,87.5,6.88,0.841,15.15,-92.47,52
P008,Maíz,Huixtla,2022,Nov,11,94,5.59,65.6,29.3,19,139.6,1.98,26.6,0,0,0,0,Precaución,27.2,81.5,2.33,0.656,15.15,-92.47,52
P008,Maíz,Huixtla,2022,Dic,12,95,5.56,60.8,29.3,18,135,1.94,26,0,0,0,0,Precaución,27.2,74.6,0,0.608,15.15,-92.47,52
P008,Maíz,Huixtla,2023,Ene,1,96,5.8,39.6,42.5,24.5,140.5,1.93,27,12,6,8,0.2,Precaución,27.4,74.5,0.81,0.396,15.15,-92.47,52
P008,Maíz,Huixtla,2023,Feb,2,97,5.6,36,30,16.8,145.2,1.93,27.6,0,0,0,0,Precaución,27.1,75.5,0.04,0.36,15.15,-92.47,52
P008,Maíz,Huixtla,2023,Mar,3,98,5.55,35.7,30.6,17.7,138.9,1.92,28.5,0,0,0,0,Precaución,28.7,66.4,0.92,0.357,15.15,-92.47,52
P008,Maíz,Huixtla,2023,Abr,4,99,5.54,40,28.6,18.1,138.4,1.93,28.9,0,0,0,0,Precaución,29.4,68.7,0.47,0.4,15.15,-92.47,52
P008,Maíz,Huixtla,2023,May,5,100,5.62,62.7,42.4,17.1,145.9,1.94,28.3,12,0,8,0,Precaución,29.5,81.1,4.61,0.627,15.15,-92.47,52
P008,Maíz,Huixtla,2023,Jun,6,101,5.61,82.2,31.4,19.2,135.6,1.97,27.3,0,0,0,0,Precaución,28,83.4,7.89,0.822,15.15,-92.47,52
P008,Maíz,Huixtla,2023,Jul,7,102,5.53,78,29.2,16.9,136.7,1.94,26.5,0,0,0,0,Precaución,27.1,85.4,6.92,0.78,15.15,-92.47,52
P008,Maíz,Huixtla,2023,Ago,8,103,5.53,86.7,32.2,17.4,141.5,2.01,26.4,0,0,0,0,Precaución,27.8,86.1,7.12,0.867,15.15,-92.47,52
P008,Maíz,Huixtla,2023,Sep,9,104,5.52,84.9,39.7,24,146.1,1.96,26.9,12,6,8,0,Precaución,26.9,86,9.28,0.849,15.15,-92.47,52
P008,Maíz,Huixtla,2023,Oct,10,105,5.51,81.9,30.9,17.1,132.1,2.01,26.8,0,0,0,0,Precaución,26.7,86.5,7.43,0.819,15.15,-92.47,52
P008,Maíz,Huixtla,2023,Nov,11,106,5.54,67.4,28.8,17.6,143.9,2.05,26.8,0,0,0,0,Precaución,27.3,82,1.52,0.674,15.15,-92.47,52
P008,Maíz,Huixtla,2023,Dic,12,107,5.51,53.4,28.9,17.2,135.5,1.96,26.8,0,0,0,0,Precaución,26.8,77.4,1.22,0.534,15.15,-92.47,52
P008,Maíz,Huixtla,2024,Ene,1,108,5.52,46.4,39.7,16.3,147.4,1.97,26.9,12,0,8,0,Precaución,26.9,76.2,1.27,0.464,15.15,-92.47,52
P008,Maíz,Huixtla,2024,Feb,2,109,5.53,37.9,31.4,16,136.7,2.04,27.4,0,0,0,0,Precaución,27.8,72.3,0.67,0.379,15.15,-92.47,52
P008,Maíz,Huixtla,2024,Mar,3,110,5.47,36.7,28.6,17.5,139.2,2.04,28.3,0,0,0,0,Atención,29.4,69.9,0.54,0.367,15.15,-92.47,52
P008,Maíz,Huixtla,2024,Abr,4,111,5.5,39.2,29.1,16.9,141.2,2.05,28.7,0,0,0,0,Precaución,29.7,71.1,0.93,0.392,15.15,-92.47,52
P008,Maíz,Huixtla,2024,May,5,112,5.39,66.9,41.5,22.6,147.5,2.05,28.2,12,6,8,0,Atención,28.3,77.3,3.5,0.669,15.15,-92.47,52
P008,Maíz,Huixtla,2024,Jun,6,113,5.44,88.3,30.3,18.2,135.4,2.07,27.4,0,0,0,0,Atención,28.2,83.7,8.56,0.883,15.15,-92.47,52
P008,Maíz,Huixtla,2024,Jul,7,114,5.4,77.2,28.7,16.5,133.5,2.05,26.5,0,0,0,0,Atención,27.2,86.6,7.3,0.772,15.15,-92.47,52
P008,Maíz,Huixtla,2024,Ago,8,115,5.43,85,30,14.4,138.2,2.03,26.8,0,0,0,0,Atención,26.8,87.1,7.26,0.85,15.15,-92.47,52
P008,Maíz,Huixtla,2024,Sep,9,116,5.4,91.5,39.3,16.8,139.5,2,26.1,12,0,8,0,Atención,26.6,84.5,9.91,0.915,15.15,-92.47,52
P008,Maíz,Huixtla,2024,Oct,10,117,5.42,83.5,31.4,17.4,128.7,2.05,26.9,0,0,0,0,Atención,27.4,82.7,7.84,0.835,15.15,-92.47,52
P008,Maíz,Huixtla,2024,Nov,11,118,5.35,65.5,29.4,16.2,132.9,2.06,27.1,0,0,0,0,Atención,26.7,79.8,2.58,0.655,15.15,-92.47,52
P008,Maíz,Huixtla,2024,Dic,12,119,5.31,51.6,26.9,15.6,137.6,2.05,26.8,0,0,0,0,Atención,26.5,74.1,1.11,0.516,15.15,-92.47,52
P009,Café,Huixtla,2015,Ene,1,0,5.92,44.5,23.8,14.5,121.7,1.18,26.6,0,0,0,0,Precaución,26.9,74.5,0.44,0.445,15.15,-92.47,52
P009,Café,Huixtla,2015,Feb,2,1,6.02,34.9,24.3,13.8,120.8,1.19,26.8,0,0,0,0,Precaución,27.6,72.8,0,0.349,15.15,-92.47,52
P009,Café,Huixtla,2015,Mar,3,2,5.92,30.9,21.2,14.6,115.9,1.18,28.3,0,0,0,0,Atención,28.3,69.3,0.04,0.309,15.15,-92.47,52
P009,Café,Huixtla,2015,Abr,4,3,5.97,39.6,23.5,16.5,120.4,1.19,28.2,0,0,0,0,Precaución,28.9,73.4,0.13,0.396,15.15,-92.47,52
P009,Café,Huixtla,2015,May,5,4,5.95,69.4,24,14.5,123.3,1.25,28.6,0,0,0,0,Precaución,28.9,82.6,4.54,0.694,15.15,-92.47,52
P009,Café,Huixtla,2015,Jun,6,5,5.96,92,22,14.9,121.1,1.22,26.7,0,0,0,0,Atención,27.4,87.2,7.62,0.92,15.15,-92.47,52
P009,Café,Huixtla,2015,Jul,7,6,5.9,77.8,29.2,15,129.8,1.14,26.7,6,0,5,0,Precaución,27,88.6,7.27,0.778,15.15,-92.47,52
P009,Café,Huixtla,2015,Ago,8,7,5.89,80.6,23.8,13.2,115.8,1.24,26.9,0,0,0,0,Precaución,27.3,86.4,7.79,0.806,15.15,-92.47,52
P009,Café,Huixtla,2015,Sep,9,8,5.87,88.4,22.5,13.2,116,1.19,26.3,0,0,0,0,Atención,26.4,91.9,9.11,0.884,15.15,-92.47,52
P009,Café,Huixtla,2015,Oct,10,9,5.91,85.6,21.5,14.8,119.5,1.1,26.2,0,0,0,0,Precaución,26.9,88.5,6.24,0.856,15.15,-92.47,52
P009,Café,Huixtla,2015,Nov,11,10,5.93,68.8,22.6,15.5,112.9,1.2,25.9,0,0,0,0,Precaución,26.5,77.9,3.69,0.688,15.15,-92.47,52
P009,Café,Huixtla,2015,Dic,12,11,5.96,53,23.6,14.2,121.1,1.22,26.1,0,0,0,0,Precaución,26.6,77,0.52,0.53,15.15,-92.47,52
P009,Café,Huixtla,2016,Ene,1,12,5.93,39.1,27.5,18.8,121.3,1.21,27,6,3,5,0,Precaución,26.8,73.1,0.95,0.391,15.15,-92.47,52
P009,Café,Huixtla,2016,Feb,2,13,5.89,36.8,22.4,14.8,115.2,1.21,27.4,0,0,0,0,Precaución,27.6,70.4,0.51,0.368,15.15,-92.47,52
P009,Café,Huixtla,2016,Mar,3,14,5.9,31.2,24.9,14.6,118.7,1.22,28.5,0,0,0,0,Atención,29,72.3,0,0.312,15.15,-92.47,52
P009,Café,Huixtla,2016,Abr,4,15,5.92,37.7,23.4,13.7,114.1,1.21,28.8,0,0,0,0,Precaución,29.1,66.3,0.27,0.377,15.15,-92.47,52
P009,Café,Huixtla,2016,May,5,16,5.85,73.9,23.7,14.6,122.9,1.22,28.2,0,0,0,0,Precaución,28.5,81,4.44,0.739,15.15,-92.47,52
P009,Café,Huixtla,2016,Jun,6,17,5.86,78.9,23.5,14.6,114.5,1.25,27.5,0,0,0,0,Precaución,27.9,84.9,6.94,0.789,15.15,-92.47,52
P009,Café,Huixtla,2016,Jul,7,18,5.86,84.1,27.5,13.5,130,1.21,26.2,6,0,5,0,Precaución,26.5,88.9,7.95,0.841,15.15,-92.47,52
P009,Café,Huixtla,2016,Ago,8,19,5.96,86.4,22.4,15.6,114.9,1.24,27.1,0,0,0,0,Precaución,27,88.7,8.35,0.864,15.15,-92.47,52
P009,Café,Huixtla,2016,Sep,9,20,5.87,88.8,23.4,14.7,119.3,1.25,26.7,0,0,0,0,Atención,27.3,88.1,8.8,0.888,15.15,-92.47,52
P009,Café,Huixtla,2016,Oct,10,21,5.83,76.1,22.2,13.4,108.7,1.26,26.3,0,0,0,0,Precaución,26.5,84.3,6.5,0.761,15.15,-92.47,52
P009,Café,Huixtla,2016,Nov,11,22,5.93,63.9,21.7,13.6,120.3,1.21,26.4,0,0,0,0,Precaución,26.2,81,1.98,0.639,15.15,-92.47,52
P009,Café,Huixtla,2016,Dic,12,23,5.89,50.1,21.4,13.5,115.6,1.2,26.2,0,0,0,0,Precaución,26.7,75.8,0.77,0.501,15.15,-92.47,52
P009,Café,Huixtla,2017,Ene,1,24,5.81,44.5,27.9,15.9,126.1,1.27,26.9,6,3,5,0,Precaución,27.9,74.3,0.59,0.445,15.15,-92.47,52
P009,Café,Huixtla,2017,Feb,2,25,5.89,39.2,23.5,12.5,119,1.19,26.9,0,0,0,0,Precaución,27.2,68,0.73,0.392,15.15,-92.47,52
P009,Café,Huixtla,2017,Mar,3,26,5.77,38.4,21.6,14.9,118.5,1.23,28.3,0,0,0,0,Precaución,28.7,70.3,0.04,0.384,15.15,-92.47,52
P009,Café,Huixtla,2017,Abr,4,27,5.72,39.4,21.3,15.3,116.1,1.19,28.8,0,0,0,0,Precaución,29,73.3,0.37,0.394,15.15,-92.47,52
P009,Café,Huixtla,2017,May,5,28,5.84,74.3,23.1,13.9,124.9,1.17,28.4,0,0,0,0,Precaución,28.8,82.8,3.84,0.743,15.15,-92.47,52
P009,Café,Huixtla,2017,Jun,6,29,5.86,86.6,22.8,13.8,120.9,1.27,27.6,0,0,0,0,Precaución,27.8,81.8,8.93,0.866,15.15,-92.47,52
P009,Café,Huixtla,2017,Jul,7,30,5.78,80.8,29.1,13.6,127.5,1.18,27.1,6,0,5,0,Precaución,26.7,88,6.45,0.808,15.15,-92.47,52
P009,Café,Huixtla,2017,Ago,8,31,5.8,88.3,19.2,14.8,121,1.27,26.9,0,0,0,0,Atención,26.4,83.1,7.7,0.883,15.15,-92.47,52
P009,Café,Huixtla,2017,Sep,9,32,5.81,84.7,22.5,13.3,127.1,1.29,25.8,0,0,0,0,Precaución,26.1,86.8,8.39,0.847,15.15,-92.47,52
P009,Café,Huixtla,2017,Oct,10,33,5.82,83.3,21.2,14.4,120,1.22,26.6,0,0,0,0,Precaución,26.8,87.2,7.78,0.833,15.15,-92.47,52
P009,Café,Huixtla,2017,Nov,11,34,5.82,61.9,21.7,12.8,115.3,1.27,26,0,0,0,0,Precaución,27,84.2,2.63,0.619,15.15,-92.47,52
P009,Café,Huixtla,2017,Dic,12,35,5.79,51.6,20.6,15.2,117.3,1.22,26.6,0,0,0,0,Precaución,26.9,77.8,0.69,0.516,15.15,-92.47,52
P009,Café,Huixtla,2018,Ene,1,36,5.9,46.1,25.4,17.1,123.3,1.23,26.4,6,3,5,0.12,Precaución,26.9,74.5,0.84,0.461,15.15,-92.47,52
P009,Café,Huixtla,2018,Feb,2,37,5.81,41.3,20.5,14.4,122.2,1.26,27.2,0,0,0,0,Precaución,27.4,74.8,0.21,0.413,15.15,-92.47,52
P009,Café,Huixtla,2018,Mar,3,38,5.78,34.6,21,13.2,113.8,1.21,28.7,0,0,0,0,Atención,28.9,67.2,0.79,0.346,15.15,-92.47,52
P009,Café,Huixtla,2018,Abr,4,39,5.77,40.6,22.5,14,112.8,1.28,28.9,0,0,0,0,Precaución,29.3,72.2,1.22,0.406,15.15,-92.47,52
P009,Café,Huixtla,2018,May,5,40,5.77,68.7,20,13.6,120.7,1.28,28.4,0,0,0,0,Precaución,29.3,77.3,4.17,0.687,15.15,-92.47,52
P009,Café,Huixtla,2018,Jun,6,41,5.67,82.3,21.8,14.1,114.2,1.38,27.1,0,0,0,0,Precaución,27.8,76.6,7.19,0.823,15.15,-92.47,52
P009,Café,Huixtla,2018,Jul,7,42,5.78,87.4,26.8,13.5,123.6,1.27,27.2,6,0,5,0,Precaución,27.6,87.3,7.86,0.874,15.15,-92.47,52
P009,Café,Huixtla,2018,Ago,8,43,5.74,88,20.1,14.3,121,1.26,26.7,0,0,0,0,Precaución,26.3,83.7,8.27,0.88,15.15,-92.47,52
P009,Café,Huixtla,2018,Sep,9,44,5.76,90.3,22,14.9,114.5,1.21,26.1,0,0,0,0,Atención,26.5,87.5,9.35,0.903,15.15,-92.47,52
P009,Café,Huixtla,2018,Oct,10,45,5.77,84.8,20.4,14,112.6,1.34,26.7,0,0,0,0,Precaución,27.1,90.2,6.69,0.848,15.15,-92.47,52
P009,Café,Huixtla,2018,Nov,11,46,5.8,62.2,20.5,13.3,119.1,1.29,26.3,0,0,0,0,Precaución,27,78.9,2.14,0.622,15.15,-92.47,52
P009,Café,Huixtla,2018,Dic,12,47,5.69,50.1,24.1,14.4,114.5,1.33,26.6,0,0,0,0,Precaución,26.9,73.3,1.1,0.501,15.15,-92.47,52
P009,Café,Huixtla,2019,Ene,1,48,5.71,48.8,26.6,16.1,127.7,1.32,26.4,6,3,5,0,Precaución,26.5,74.5,0.54,0.488,15.15,-92.47,52
P009,Café,Huixtla,2019,Feb,2,49,5.71,36.7,21.3,14.1,108.8,1.34,27.1,0,0,0,0,Precaución,27.8,68.5,0.77,0.367,15.15,-92.47,52
P009,Café,Huixtla,2019,Mar,3,50,5.73,30.4,21.4,14.4,114.7,1.31,28.7,0,0,0,0,Atención,28.7,69.7,0.37,0.304,15.15,-92.47,52
P009,Café,Huixtla,2019,Abr,4,51,5.73,37.2,19.7,12.5,117,1.27,28.9,0,0,0,0,Atención,29.3,70.1,1.41,0.372,15.15,-92.47,52
P009,Café,Huixtla,2019,May,5,52,5.62,67.4,21.1,13.4,113.2,1.32,28.5,0,0,0,0,Precaución,28.5,81.2,4.16,0.674,15.15,-92.47,52
P009,Café,Huixtla,2019,Jun,6,53,5.74,88.3,20.3,13.4,110.6,1.3,27.2,0,0,0,0,Atención,27.6,89.2,7.16,0.883,15.15,-92.47,52
P009,Café,Huixtla,2019,Jul,7,54,5.69,85.3,29.8,12.9,122.1,1.36,26.9,6,0,5,0,Precaución,26.8,90,7.08,0.853,15.15,-92.47,52
P009,Café,Huixtla,2019,Ago,8,55,5.64,81.9,21.8,13.8,109.8,1.29,26.5,0,0,0,0,Precaución,26.9,86.7,7.43,0.819,15.15,-92.47,52
P009,Café,Huixtla,2019,Sep,9,56,5.66,81.6,20.9,13.2,115.1,1.3,26.3,0,0,0,0,Precaución,26.4,92.8,8.64,0.816,15.15,-92.47,52
P009,Café,Huixtla,2019,Oct,10,57,5.65,83.2,19.3,14.2,117.8,1.42,26.9,0,0,0,0,Atención,27,83.7,7.22,0.832,15.15,-92.47,52
P009,Café,Huixtla,2019,Nov,11,58,5.58,60.9,20.5,13.5,118.6,1.35,26.2,0,0,0,0,Precaución,26.8,81.4,2.81,0.609,15.15,-92.47,52
P009,Café,Huixtla,2019,Dic,12,59,5.6,55.3,20.6,13.1,117.4,1.37,26.6,0,0,0,0,Precaución,26.8,77.8,1.2,0.553,15.15,-92.47,52
P009,Café,Huixtla,2020,Ene,1,60,5.69,41.7,28,16.2,120.8,1.3,26.6,6,3,5,0,Precaución,27.6,71.7,1.08,0.417,15.15,-92.47,52
P009,Café,Huixtla,2020,Feb,2,61,5.61,40,20.4,12.4,119.1,1.33,27.6,0,0,0,0,Precaución,27.1,73.7,0,0.4,15.15,-92.47,52
P009,Café,Huixtla,2020,Mar,3,62,5.68,30.3,21.4,13,120.4,1.34,28.3,0,0,0,0,Atención,28.8,71.2,0,0.303,15.15,-92.47,52
P009,Café,Huixtla,2020,Abr,4,63,5.7,43,19.9,12.8,114.5,1.29,29.3,0,0,0,0,Atención,29.1,72.8,0,0.43,15.15,-92.47,52
P009,Café,Huixtla,2020,May,5,64,5.61,68.2,21.9,13.1,113.9,1.34,28.6,0,0,0,0,Precaución,29.2,77.8,5.03,0.682,15.15,-92.47,52
P009,Café,Huixtla,2020,Jun,6,65,5.68,89.7,20.4,12.8,118,1.35,27.1,0,0,0,0,Atención,27.3,85.4,7.79,0.897,15.15,-92.47,52
P009,Café,Huixtla,2020,Jul,7,66,5.58,83.3,27,13.1,117.5,1.38,26.9,6,0,5,0,Precaución,27.2,86.6,6.93,0.833,15.15,-92.47,52
P009,Café,Huixtla,2020,Ago,8,67,5.69,83.2,21.4,13.6,120.3,1.41,26.6,0,0,0,0,Precaución,26.9,85.7,7.39,0.832,15.15,-92.47,52
P009,Café,Huixtla,2020,Sep,9,68,5.6,92.4,20.1,12.8,115.7,1.42,26.4,0,0,0,0,Atención,26.5,86.1,9.08,0.924,15.15,-92.47,52
P009,Café,Huixtla,2020,Oct,10,69,5.63,81.9,20.8,12.5,112.3,1.39,26.7,0,0,0,0,Precaución,27.2,86.1,7.37,0.819,15.15,-92.47,52
P009,Café,Huixtla,2020,Nov,11,70,5.65,63.8,22.5,13,113.6,1.38,26.2,0,0,0,0,Precaución,27.1,79.4,1.89,0.638,15.15,-92.47,52
P009,Café,Huixtla,2020,Dic,12,71,5.51,53,20.2,12.9,118.5,1.32,26.6,0,0,0,0,Precaución,26,77.2,1.04,0.53,15.15,-92.47,52
P009,Café,Huixtla,2021,Ene,1,72,5.72,40.9,28.9,17.9,125.2,1.31,26.3,6,3,5,0.12,Precaución,27.3,76.8,0.81,0.409,15.15,-92.47,52
P009,Café,Huixtla,2021,Feb,2,73,5.64,32.9,19.2,12.7,115.5,1.37,26.9,0,0,0,0,Atención,27.6,72.7,0,0.329,15.15,-92.47,52
P009,Café,Huixtla,2021,Mar,3,74,5.57,39.2,22.8,13.5,112.2,1.35,28.7,0,0,0,0,Precaución,28.7,68.6,0,0.392,15.15,-92.47,52
P009,Café,Huixtla,2021,Abr,4,75,5.63,36.4,20.9,12.6,120.8,1.34,28.7,0,0,0,0,Precaución,29,73.4,0.15,0.364,15.15,-92.47,52
P009,Café,Huixtla,2021,May,5,76,5.57,69.1,22.4,13.8,113.2,1.45,28.9,0,0,0,0,Precaución,28.9,80.5,4.51,0.691,15.15,-92.47,52
P009,Café,Huixtla,2021,Jun,6,77,5.58,86.8,20.8,13.8,119.6,1.42,27.4,0,0,0,0,Precaución,27.9,84.3,8.81,0.868,15.15,-92.47,52
P009,Café,Huixtla,2021,Jul,7,78,5.46,83.7,26.6,11.9,120.8,1.45,26.7,6,0,5,0,Atención,27.4,84.5,6.78,0.837,15.15,-92.47,52
P009,Café,Huixtla,2021,Ago,8,79,5.55,73.6,20.1,11.9,115.4,1.47,26.6,0,0,0,0,Precaución,27.3,84.7,7.42,0.736,15.15,-92.47,52
P009,Café,Huixtla,2021,Sep,9,80,5.57,87.3,20.5,12.8,124.3,1.4,26.3,0,0,0,0,Precaución,26.7,86.8,9.7,0.873,15.15,-92.47,52
P009,Café,Huixtla,2021,Oct,10,81,5.55,80.6,18.3,13.1,116.8,1.39,26.7,0,0,0,0,Atención,26.8,87.5,6.75,0.806,15.15,-92.47,52
P009,Café,Huixtla,2021,Nov,11,82,5.55,71.4,20.9,12.4,112.3,1.4,26.5,0,0,0,0,Precaución,27,83.3,1.66,0.714,15.15,-92.47,52
P009,Café,Huixtla,2021,Dic,12,83,5.59,51.8,19.7,13.5,109.6,1.37,26.5,0,0,0,0,Atención,27,77.9,1.52,0.518,15.15,-92.47,52
P009,Café,Huixtla,2022,Ene,1,84,5.53,39.2,25.7,15.1,115.5,1.47,26.8,6,3,5,0,Precaución,27.8,73.9,0.8,0.392,15.15,-92.47,52
P009,Café,Huixtla,2022,Feb,2,85,5.54,36.3,20.8,13.3,116.1,1.41,27,0,0,0,0,Precaución,27.2,75,1.19,0.363,15.15,-92.47,52
P009,Café,Huixtla,2022,Mar,3,86,5.51,38.2,19.8,12.2,113.6,1.41,28.6,0,0,0,0,Atención,28.4,67.9,1.21,0.382,15.15,-92.47,52
P009,Café,Huixtla,2022,Abr,4,87,5.51,39.1,20,13.9,122.1,1.47,28.8,0,0,0,0,Precaución,29.8,69.3,0.31,0.391,15.15,-92.47,52
P009,Café,Huixtla,2022,May,5,88,5.5,68.8,19.8,13.2,119.4,1.4,28.5,0,0,0,0,Atención,28.5,76.5,3.83,0.688,15.15,-92.47,52
P009,Café,Huixtla,2022,Jun,6,89,5.6,80.9,21,11.7,117.1,1.42,27.1,0,0,0,0,Precaución,27.3,85.3,8.01,0.809,15.15,-92.47,52
P009,Café,Huixtla,2022,Jul,7,90,5.48,81.3,23.4,12.6,123,1.4,27,6,0,5,0,Atención,27.3,86,7.75,0.813,15.15,-92.47,52
P009,Café,Huixtla,2022,Ago,8,91,5.46,83.5,20.6,12.9,113.4,1.44,27.2,0,0,0,0,Atención,27.3,86.4,7.76,0.835,15.15,-92.47,52
P009,Café,Huixtla,2022,Sep,9,92,5.5,88,22.2,13.7,117,1.45,26.8,0,0,0,0,Precaución,27.1,84,8.72,0.88,15.15,-92.47,52
P009,Café,Huixtla,2022,Oct,10,93,5.53,77.5,20.2,13.6,105.1,1.46,26.5,0,0,0,0,Precaución,27.2,87.2,6.78,0.775,15.15,-92.47,52
P009,Café,Huixtla,2022,Nov,11,94,5.45,58.8,19.5,14.2,121.6,1.41,25.9,0,0,0,0,Atención,27.6,81.1,3.08,0.588,15.15,-92.47,52
P009,Café,Huixtla,2022,Dic,12,95,5.46,47.9,19.2,13.2,115.9,1.41,26.8,0,0,0,0,Atención,27.2,74.7,0.79,0.479,15.15,-92.47,52
P009,Café,Huixtla,2023,Ene,1,96,5.49,49.2,28.2,16.4,120.7,1.54,26.7,6,3,5,0,Atención,27.2,75.2,0.5,0.492,15.15,-92.47,52
P009,Café,Huixtla,2023,Feb,2,97,5.44,40.9,19.5,13.4,123.5,1.46,27.4,0,0,0,0,Atención,28.3,74.5,0.78,0.409,15.15,-92.47,52
P009,Café,Huixtla,2023,Mar,3,98,5.42,37.1,20.9,13.4,114.4,1.45,28.9,0,0,0,0,Atención,28.8,69.6,0.26,0.371,15.15,-92.47,52
P009,Café,Huixtla,2023,Abr,4,99,5.52,42.1,21.5,13.2,119.9,1.42,29.2,0,0,0,0,Precaución,29.3,71.5,1.56,0.421,15.15,-92.47,52
P009,Café,Huixtla,2023,May,5,100,5.45,64.7,19.9,14,120,1.44,28.5,0,0,0,0,Atención,29.4,80.1,4.41,0.647,15.15,-92.47,52
P009,Café,Huixtla,2023,Jun,6,101,5.45,88,21,13.2,116,1.4,27.2,0,0,0,0,Atención,28.5,83.8,8.02,0.88,15.15,-92.47,52
P009,Café,Huixtla,2023,Jul,7,102,5.39,80,25.8,13.1,120.3,1.43,27,6,0,5,0,Atención,27.7,84.1,7.53,0.8,15.15,-92.47,52
P009,Café,Huixtla,2023,Ago,8,103,5.46,89.6,21.4,13.6,112.9,1.51,27,0,0,0,0,Crítico,27.6,82.6,8.38,0.896,15.15,-92.47,52
P009,Café,Huixtla,2023,Sep,9,104,5.39,88.4,19.6,12.4,112.7,1.43,26.3,0,0,0,0,Crítico,27.2,85.8,8.88,0.884,15.15,-92.47,52
P009,Café,Huixtla,2023,Oct,10,105,5.42,81.3,22.2,13.5,117.7,1.43,26.4,0,0,0,0,Atención,27.1,83.7,7.89,0.813,15.15,-92.47,52
P009,Café,Huixtla,2023,Nov,11,106,5.41,63.6,19.6,11.3,108.8,1.46,26.9,0,0,0,0,Atención,26.6,79.8,1.82,0.636,15.15,-92.47,52
P009,Café,Huixtla,2023,Dic,12,107,5.47,45.5,20.6,12.1,115.2,1.49,26.5,0,0,0,0,Atención,26.7,76.1,0.97,0.455,15.15,-92.47,52
P009,Café,Huixtla,2024,Ene,1,108,5.57,45,25.5,15.8,121.9,1.51,27.3,6,3,5,0.12,Precaución,26.9,73.3,0.19,0.45,15.15,-92.47,52
P009,Café,Huixtla,2024,Feb,2,109,5.47,35.4,19.7,12.5,110.4,1.47,27.5,0,0,0,0,Atención,27.9,71.8,0,0.354,15.15,-92.47,52
P009,Café,Huixtla,2024,Mar,3,110,5.36,35.8,21.5,13.4,122.4,1.52,28.1,0,0,0,0,Atención,28.5,70.2,0.72,0.358,15.15,-92.47,52
P009,Café,Huixtla,2024,Abr,4,111,5.47,42.2,18.2,13.1,113.4,1.53,29.1,0,0,0,0,Crítico,29.3,71.8,0.71,0.422,15.15,-92.47,52
P009,Café,Huixtla,2024,May,5,112,5.42,60.4,19.2,12.3,115.6,1.48,28.5,0,0,0,0,Atención,29.6,80.9,4.68,0.604,15.15,-92.47,52
P009,Café,Huixtla,2024,Jun,6,113,5.4,83.2,18.9,12.5,117.1,1.5,27.3,0,0,0,0,Atención,28.2,88.1,7.38,0.832,15.15,-92.47,52
P009,Café,Huixtla,2024,Jul,7,114,5.37,82.5,26.8,13.9,119.7,1.5,26.6,6,0,5,0,Atención,27.5,84.7,7.72,0.825,15.15,-92.47,52
P009,Café,Huixtla,2024,Ago,8,115,5.43,83.3,20.9,12.3,115.3,1.54,26.8,0,0,0,0,Atención,26.8,84.8,8.39,0.833,15.15,-92.47,52
P009,Café,Huixtla,2024,Sep,9,116,5.31,89.7,19.2,12.6,113.7,1.5,26.5,0,0,0,0,Crítico,26.8,88.4,8.4,0.897,15.15,-92.47,52
P009,Café,Huixtla,2024,Oct,10,117,5.33,80.9,18.3,12.9,118,1.48,26.3,0,0,0,0,Atención,27.4,89,6.63,0.809,15.15,-92.47,52
P009,Café,Huixtla,2024,Nov,11,118,5.32,67.6,21.3,12.8,111.8,1.5,26.8,0,0,0,0,Atención,26.9,81.6,2.08,0.676,15.15,-92.47,52
P009,Café,Huixtla,2024,Dic,12,119,5.39,43.8,19.4,12.6,116.8,1.5,26.6,0,0,0,0,Atención,26.7,77.1,0.85,0.438,15.15,-92.47,52
P010,Palma,Huixtla,2015,Ene,1,0,5.76,40.3,26.6,14.7,124.9,1.44,26.4,0,0,0,0,Precaución,26.8,77,0.69,0.403,15.15,-92.47,52
P010,Palma,Huixtla,2015,Feb,2,1,5.65,36.2,26.5,14.6,130.8,1.4,27,0,0,0,0,Precaución,27.2,69.1,0,0.362,15.15,-92.47,52
P010,Palma,Huixtla,2015,Mar,3,2,5.69,34.3,27.1,13.7,122.6,1.46,28.1,0,0,0,0,Atención,28.9,68.5,0,0.343,15.15,-92.47,52
P010,Palma,Huixtla,2015,Abr,4,3,5.72,42.1,27,14.1,133.1,1.46,28.8,0,0,0,0,Precaución,29.7,73.7,0.37,0.421,15.15,-92.47,52
P010,Palma,Huixtla,2015,May,5,4,5.68,69.5,25.1,15.1,124,1.41,28.6,0,0,0,0,Precaución,28.9,76.7,4.62,0.695,15.15,-92.47,52
P010,Palma,Huixtla,2015,Jun,6,5,5.7,83.2,27.3,14.8,129.3,1.4,27.4,0,0,0,0,Precaución,28,84.9,8.36,0.832,15.15,-92.47,52
P010,Palma,Huixtla,2015,Jul,7,6,5.64,78.1,31.5,14.5,135.2,1.49,27.1,5,0,7,0,Precaución,27.1,84.5,7.83,0.781,15.15,-92.47,52
P010,Palma,Huixtla,2015,Ago,8,7,5.68,84.1,27.8,13.7,124.9,1.49,26.3,0,0,0,0,Precaución,26.9,85.3,7.7,0.841,15.15,-92.47,52
P010,Palma,Huixtla,2015,Sep,9,8,5.7,90.8,27.3,13.9,116,1.45,26.9,0,0,0,0,Atención,26.6,82.7,9.15,0.908,15.15,-92.47,52
P010,Palma,Huixtla,2015,Oct,10,9,5.68,83.7,26.2,15,130.4,1.52,26.5,0,0,0,0,Precaución,26.3,85.7,6.83,0.837,15.15,-92.47,52
P010,Palma,Huixtla,2015,Nov,11,10,5.66,68.9,27.5,12.3,126,1.47,26.2,0,0,0,0,Precaución,26.7,79,2.03,0.689,15.15,-92.47,52
P010,Palma,Huixtla,2015,Dic,12,11,5.63,47.9,26.6,12.8,132.2,1.49,26.4,0,0,0,0,Precaución,27.1,78.3,1.11,0.479,15.15,-92.47,52
P010,Palma,Huixtla,2016,Ene,1,12,5.67,48.1,32.5,16.8,140.3,1.53,25.8,5,3,7,0,Precaución,26.8,75.8,0,0.481,15.15,-92.47,52
P010,Palma,Huixtla,2016,Feb,2,13,5.68,40.2,27.3,14.4,127.1,1.47,26.9,0,0,0,0,Precaución,27.6,70.4,0,0.402,15.15,-92.47,52
P010,Palma,Huixtla,2016,Mar,3,14,5.63,41.1,26.4,14.7,123.4,1.5,28.5,0,0,0,0,Precaución,27.9,69.4,1.84,0.411,15.15,-92.47,52
P010,Palma,Huixtla,2016,Abr,4,15,5.58,35.1,29,13.5,131.2,1.52,28.9,0,0,0,0,Atención,29.6,68.8,1.35,0.351,15.15,-92.47,52
P010,Palma,Huixtla,2016,May,5,16,5.67,73.8,26.7,13.6,125.7,1.55,28.8,0,0,0,0,Atención,28.4,80.6,3.5,0.738,15.15,-92.47,52
P010,Palma,Huixtla,2016,Jun,6,17,5.63,87.8,25.7,17,130.6,1.53,27.3,0,0,0,0,Precaución,27.3,87.8,8.14,0.878,15.15,-92.47,52
P010,Palma,Huixtla,2016,Jul,7,18,5.58,79.4,32.3,14.5,136.6,1.49,26.9,5,0,7,0,Precaución,27.4,86.1,7.59,0.794,15.15,-92.47,52
P010,Palma,Huixtla,2016,Ago,8,19,5.68,84.1,26.5,13.9,122.5,1.49,26.6,0,0,0,0,Precaución,27.1,84.7,8,0.841,15.15,-92.47,52
P010,Palma,Huixtla,2016,Sep,9,20,5.58,89,28.5,13.9,132.8,1.47,26.4,0,0,0,0,Atención,26.9,88.6,9.59,0.89,15.15,-92.47,52
P010,Palma,Huixtla,2016,Oct,10,21,5.67,80.5,26.5,13.8,122.8,1.55,26.6,0,0,0,0,Atención,26.7,86.9,7.22,0.805,15.15,-92.47,52
P010,Palma,Huixtla,2016,Nov,11,22,5.63,63.4,26.9,14.5,132,1.44,27,0,0,0,0,Precaución,26.4,85.6,2.11,0.634,15.15,-92.47,52
P010,Palma,Huixtla,2016,Dic,12,23,5.66,53.9,27.3,14,125.5,1.58,26.4,0,0,0,0,Atención,27,75.3,0.78,0.539,15.15,-92.47,52
P010,Palma,Huixtla,2017,Ene,1,24,5.6,41.8,30,17.5,136.7,1.55,25.9,5,3,7,0,Precaución,26.5,73.6,0.99,0.418,15.15,-92.47,52
P010,Palma,Huixtla,2017,Feb,2,25,5.62,35.4,25.9,13.8,125.4,1.52,27.1,0,0,0,0,Atención,28,69.4,0,0.354,15.15,-92.47,52
P010,Palma,Huixtla,2017,Mar,3,26,5.6,37.2,23.4,13.6,126,1.53,28.6,0,0,0,0,Atención,27.8,71.5,0.36,0.372,15.15,-92.47,52
P010,Palma,Huixtla,2017,Abr,4,27,5.55,37.5,25.9,14,125.1,1.56,28.9,0,0,0,0,Atención,30,69.3,0,0.375,15.15,-92.47,52
P010,Palma,Huixtla,2017,May,5,28,5.6,68.4,27.5,14.5,129.3,1.48,28.5,0,0,0,0,Precaución,28.7,79.5,4.42,0.684,15.15,-92.47,52
P010,Palma,Huixtla,2017,Jun,6,29,5.59,85.3,26.7,14.5,125.6,1.59,27,0,0,0,0,Atención,27.4,85.2,8.18,0.853,15.15,-92.47,52
P010,Palma,Huixtla,2017,Jul,7,30,5.57,84.7,31,14.8,133.9,1.59,26.9,5,0,7,0,Atención,26.7,82.4,7.2,0.847,15.15,-92.47,52
P010,Palma,Huixtla,2017,Ago,8,31,5.63,87.8,24.1,13.2,129.7,1.52,26.8,0,0,0,0,Atención,27,85.1,9.04,0.878,15.15,-92.47,52
P010,Palma,Huixtla,2017,Sep,9,32,5.58,91.8,26.7,13.6,124.6,1.57,26.2,0,0,0,0,Atención,26.4,84.1,9.02,0.918,15.15,-92.47,52
P010,Palma,Huixtla,2017,Oct,10,33,5.53,83.9,24.5,13.4,117.2,1.57,26.7,0,0,0,0,Atención,27.4,84.2,7.92,0.839,15.15,-92.47,52
P010,Palma,Huixtla,2017,Nov,11,34,5.59,66.9,24.4,13.7,121.1,1.62,26.3,0,0,0,0,Atención,26.4,79,1.35,0.669,15.15,-92.47,52
P010,Palma,Huixtla,2017,Dic,12,35,5.6,46.9,24.6,14.2,127.2,1.57,27,0,0,0,0,Atención,27.1,76.8,0.08,0.469,15.15,-92.47,52
P010,Palma,Huixtla,2018,Ene,1,36,5.5,47.1,29.4,16.4,129.7,1.55,26.7,5,3,7,0,Precaución,26.8,74.5,0.47,0.471,15.15,-92.47,52
P010,Palma,Huixtla,2018,Feb,2,37,5.6,37,24.9,13.2,129.5,1.59,27.6,0,0,0,0,Atención,27.6,74,0.37,0.37,15.15,-92.47,52
P010,Palma,Huixtla,2018,Mar,3,38,5.47,35.8,25.2,15.2,129.4,1.57,28.7,0,0,0,0,Atención,28.6,69.7,0.26,0.358,15.15,-92.47,52
P010,Palma,Huixtla,2018,Abr,4,39,5.49,43.9,24.3,14.5,128.2,1.55,28.7,0,0,0,0,Atención,29.6,70.7,0.12,0.439,15.15,-92.47,52
P010,Palma,Huixtla,2018,May,5,40,5.53,67.1,27.1,12,125.8,1.63,28.7,0,0,0,0,Atención,29.1,77.4,3.7,0.671,15.15,-92.47,52
P010,Palma,Huixtla,2018,Jun,6,41,5.52,88.4,25.5,15.3,121,1.59,26.9,0,0,0,0,Atención,27.1,82.5,8.43,0.884,15.15,-92.47,52
P010,Palma,Huixtla,2018,Jul,7,42,5.55,78.9,30,13.1,134.7,1.55,27,5,0,7,0,Atención,26.7,88.8,7.48,0.789,15.15,-92.47,52
P010,Palma,Huixtla,2018,Ago,8,43,5.51,83,23.5,14.2,129.3,1.59,26.3,0,0,0,0,Atención,27,83.5,6.97,0.83,15.15,-92.47,52
P010,Palma,Huixtla,2018,Sep,9,44,5.51,85.9,27.4,14.8,126.8,1.66,26.7,0,0,0,0,Atención,26.8,86.7,9.04,0.859,15.15,-92.47,52
P010,Palma,Huixtla,2018,Oct,10,45,5.51,82.9,27.4,13.7,129.9,1.61,26.3,0,0,0,0,Atención,26.7,86.5,7.72,0.829,15.15,-92.47,52
P010,Palma,Huixtla,2018,Nov,11,46,5.52,66.3,22.9,14.3,125.6,1.56,26.1,0,0,0,0,Atención,26.5,83.1,1.86,0.663,15.15,-92.47,52
P010,Palma,Huixtla,2018,Dic,12,47,5.46,52.2,25.3,11.4,121.7,1.64,26.7,0,0,0,0,Atención,26.7,78.2,0.51,0.522,15.15,-92.47,52
P010,Palma,Huixtla,2019,Ene,1,48,5.57,38.2,28.1,18.3,136.5,1.64,26.7,5,3,7,0.1,Precaución,27.1,77,1.31,0.382,15.15,-92.47,52
P010,Palma,Huixtla,2019,Feb,2,49,5.52,47.3,25.8,13.4,126.5,1.71,27.3,0,0,0,0,Atención,27.8,72.6,1.42,0.473,15.15,-92.47,52
P010,Palma,Huixtla,2019,Mar,3,50,5.45,36.1,26,12.6,124.4,1.57,28.4,0,0,0,0,Atención,28.5,69,0.26,0.361,15.15,-92.47,52
P010,Palma,Huixtla,2019,Abr,4,51,5.45,39,24.3,13.9,123.4,1.58,29,0,0,0,0,Atención,29.4,71.1,0.67,0.39,15.15,-92.47,52
P010,Palma,Huixtla,2019,May,5,52,5.54,67.6,25.2,13.6,133.7,1.64,28,0,0,0,0,Atención,28.3,77.4,4.67,0.676,15.15,-92.47,52
P010,Palma,Huixtla,2019,Jun,6,53,5.54,82.5,25.1,14.7,125.2,1.64,27.7,0,0,0,0,Atención,27.6,86.2,8.22,0.825,15.15,-92.47,52
P010,Palma,Huixtla,2019,Jul,7,54,5.51,85.2,32.1,13.8,135.1,1.63,26.7,5,0,7,0,Atención,27.4,90,7.1,0.852,15.15,-92.47,52
P010,Palma,Huixtla,2019,Ago,8,55,5.52,83.7,24.7,13.9,130.2,1.62,26.2,0,0,0,0,Atención,27.5,87,6.86,0.837,15.15,-92.47,52
P010,Palma,Huixtla,2019,Sep,9,56,5.51,90.8,23.6,14.5,123.7,1.62,26.5,0,0,0,0,Atención,27,85.9,9.04,0.908,15.15,-92.47,52
P010,Palma,Huixtla,2019,Oct,10,57,5.41,79,27.4,12.3,126.4,1.72,26.8,0,0,0,0,Atención,26.5,85.9,7.4,0.79,15.15,-92.47,52
P010,Palma,Huixtla,2019,Nov,11,58,5.46,64.9,24.8,12.7,128.9,1.65,26.9,0,0,0,0,Atención,26.9,81.3,2.43,0.649,15.15,-92.47,52
P010,Palma,Huixtla,2019,Dic,12,59,5.44,51.2,26.3,13.6,128.5,1.67,26.3,0,0,0,0,Atención,26.9,78.2,1.18,0.512,15.15,-92.47,52
P010,Palma,Huixtla,2020,Ene,1,60,5.54,39.6,32.6,16.7,139.5,1.65,26,5,3,7,0,Precaución,26.4,74.6,0,0.396,15.15,-92.47,52
P010,Palma,Huixtla,2020,Feb,2,61,5.49,39.2,23.9,12.6,125.1,1.68,27.5,0,0,0,0,Atención,28.2,72.3,0.25,0.392,15.15,-92.47,52
P010,Palma,Huixtla,2020,Mar,3,62,5.5,35.5,24,13.9,126.9,1.64,28.3,0,0,0,0,Atención,28.6,71.1,0.48,0.355,15.15,-92.47,52
P010,Palma,Huixtla,2020,Abr,4,63,5.4,39.4,24.8,13.7,131.5,1.73,29.1,0,0,0,0,Atención,29.3,67,1.16,0.394,15.15,-92.47,52
P010,Palma,Huixtla,2020,May,5,64,5.44,65.4,23.2,13.5,128.4,1.66,28.9,0,0,0,0,Atención,28.8,79.8,3.12,0.654,15.15,-92.47,52
P010,Palma,Huixtla,2020,Jun,6,65,5.45,84,24.3,13.5,124.8,1.71,27.3,0,0,0,0,Atención,27.6,83.6,8.2,0.84,15.15,-92.47,52
P010,Palma,Huixtla,2020,Jul,7,66,5.41,79.9,28.5,12.3,139.1,1.7,26.6,5,0,7,0,Atención,27.1,87.8,7.33,0.799,15.15,-92.47,52
P010,Palma,Huixtla,2020,Ago,8,67,5.39,83.9,24.1,15.1,128.9,1.69,26.4,0,0,0,0,Atención,27.3,85,8.2,0.839,15.15,-92.47,52
P010,Palma,Huixtla,2020,Sep,9,68,5.4,85.9,22.1,13.1,122.5,1.63,26.5,0,0,0,0,Atención,26.5,88.2,9.37,0.859,15.15,-92.47,52
P010,Palma,Huixtla,2020,Oct,10,69,5.41,83.2,23.6,13.2,125.4,1.69,26.4,0,0,0,0,Atención,26.6,81.1,7.5,0.832,15.15,-92.47,52
P010,Palma,Huixtla,2020,Nov,11,70,5.39,61.7,24.9,14.4,131.9,1.7,26.6,0,0,0,0,Atención,26.7,81.9,1.04,0.617,15.15,-92.47,52
P010,Palma,Huixtla,2020,Dic,12,71,5.37,51.6,23.4,14.1,122.8,1.75,26.3,0,0,0,0,Atención,27.1,74.4,0.8,0.516,15.15,-92.47,52
P010,Palma,Huixtla,2021,Ene,1,72,5.33,45.2,28.7,17.4,135.1,1.66,26.6,5,3,7,0,Atención,27.3,70.8,0.19,0.452,15.15,-92.47,52
P010,Palma,Huixtla,2021,Feb,2,73,5.33,34.8,24.7,12.9,130.5,1.72,27.5,0,0,0,0,Crítico,28.5,69.2,0,0.348,15.15,-92.47,52
P010,Palma,Huixtla,2021,Mar,3,74,5.46,37.1,24.6,12.4,128.6,1.71,28.3,0,0,0,0,Atención,28.8,68.4,0.44,0.371,15.15,-92.47,52
P010,Palma,Huixtla,2021,Abr,4,75,5.45,40.1,26.3,13.4,131.3,1.81,29.4,0,0,0,0,Atención,29.3,69.9,0.87,0.401,15.15,-92.47,52
P010,Palma,Huixtla,2021,May,5,76,5.38,67.9,21.5,12.6,130.7,1.68,28.5,0,0,0,0,Atención,28.8,80,4.11,0.679,15.15,-92.47,52
P010,Palma,Huixtla,2021,Jun,6,77,5.4,84.5,23.2,12.7,132.5,1.71,27.6,0,0,0,0,Atención,27.7,86.9,7.99,0.845,15.15,-92.47,52
P010,Palma,Huixtla,2021,Jul,7,78,5.36,80.5,32.8,11.9,134.3,1.59,27,5,0,7,0,Atención,27.3,84.8,7.09,0.805,15.15,-92.47,52
P010,Palma,Huixtla,2021,Ago,8,79,5.35,80.3,24.8,13.8,118.6,1.77,26.8,0,0,0,0,Atención,26.9,87.7,7.96,0.803,15.15,-92.47,52
P010,Palma,Huixtla,2021,Sep,9,80,5.38,82.9,23.7,14.3,123.3,1.71,26.4,0,0,0,0,Atención,27.2,90.7,9.7,0.829,15.15,-92.47,52
P010,Palma,Huixtla,2021,Oct,10,81,5.34,83.9,23.8,12.8,126.6,1.72,26.6,0,0,0,0,Atención,27.1,85.8,7.78,0.839,15.15,-92.47,52
P010,Palma,Huixtla,2021,Nov,11,82,5.42,65.7,23.6,12.1,121.5,1.78,26.7,0,0,0,0,Atención,27.5,79.5,2.01,0.657,15.15,-92.47,52
P010,Palma,Huixtla,2021,Dic,12,83,5.45,49.9,24.3,13.7,134.4,1.8,26.6,0,0,0,0,Atención,26.6,75.2,1.13,0.499,15.15,-92.47,52
P010,Palma,Huixtla,2022,Ene,1,84,5.35,37.7,29.1,16.6,126.4,1.72,26.9,5,3,7,0,Atención,27,76.7,1.07,0.377,15.15,-92.47,52
P010,Palma,Huixtla,2022,Feb,2,85,5.33,41.7,23.9,13.5,126.6,1.71,27.3,0,0,0,0,Atención,27.8,71,1.44,0.417,15.15,-92.47,52
P010,Palma,Huixtla,2022,Mar,3,86,5.37,31.2,24.8,13,125.8,1.64,28.6,0,0,0,0,Crítico,28.9,69,0.59,0.312,15.15,-92.47,52
P010,Palma,Huixtla,2022,Abr,4,87,5.34,36.1,23.8,12.6,129.9,1.76,28.5,0,0,0,0,Atención,29.2,70.9,0.1,0.361,15.15,-92.47,52
P010,Palma,Huixtla,2022,May,5,88,5.41,66.2,26.5,12.9,122.9,1.83,28.7,0,0,0,0,Atención,29.1,78.5,4.93,0.662,15.15,-92.47,52
P010,Palma,Huixtla,2022,Jun,6,89,5.38,83.7,23,14.1,123.6,1.78,27.5,0,0,0,0,Atención,27.4,86,7.58,0.837,15.15,-92.47,52
P010,Palma,Huixtla,2022,Jul,7,90,5.38,78.2,27.8,11.9,131.3,1.79,27.3,5,0,7,0,Atención,27,85.8,6.53,0.782,15.15,-92.47,52
P010,Palma,Huixtla,2022,Ago,8,91,5.37,83.6,26.1,11.3,129.4,1.75,26.6,0,0,0,0,Atención,26.8,85.4,8.13,0.836,15.15,-92.47,52
P010,Palma,Huixtla,2022,Sep,9,92,5.34,90.5,26,12.9,126.5,1.77,26.2,0,0,0,0,Crítico,27.5,85,9.11,0.905,15.15,-92.47,52
P010,Palma,Huixtla,2022,Oct,10,93,5.27,81.1,23.2,12.5,131.8,1.85,26.6,0,0,0,0,Atención,27.3,82.7,8.17,0.811,15.15,-92.47,52
P010,Palma,Huixtla,2022,Nov,11,94,5.33,67.1,24.7,13,127.7,1.79,26.6,0,0,0,0,Atención,26.1,85.8,1.38,0.671,15.15,-92.47,52
P010,Palma,Huixtla,2022,Dic,12,95,5.36,50.7,24.1,12.3,128.8,1.71,27.1,0,0,0,0,Atención,27.1,75.1,0.42,0.507,15.15,-92.47,52
P010,Palma,Huixtla,2023,Ene,1,96,5.35,36.3,29.9,17.3,132.6,1.74,26.5,5,3,7,0.1,Atención,26.7,75.9,0,0.363,15.15,-92.47,52
P010,Palma,Huixtla,2023,Feb,2,97,5.28,37.8,24.3,12.2,123.9,1.83,27.1,0,0,0,0,Atención,27.6,72.1,0,0.378,15.15,-92.47,52
P010,Palma,Huixtla,2023,Mar,3,98,5.3,37.2,24.2,12.6,124.5,1.8,28.5,0,0,0,0,Atención,29.2,69.6,0,0.372,15.15,-92.47,52
P010,Palma,Huixtla,2023,Abr,4,99,5.27,38.8,24.3,11.4,124.6,1.83,29.6,0,0,0,0,Atención,29.8,69.5,0.21,0.388,15.15,-92.47,52
P010,Palma,Huixtla,2023,May,5,100,5.31,65.9,23.9,12.9,128.7,1.88,28.9,0,0,0,0,Atención,28.8,81.3,3.75,0.659,15.15,-92.47,52
P010,Palma,Huixtla,2023,Jun,6,101,5.32,82.9,25.2,12.1,122.5,1.84,27.3,0,0,0,0,Atención,27.9,85.5,7.45,0.829,15.15,-92.47,52
P010,Palma,Huixtla,2023,Jul,7,102,5.33,81.3,29.5,11.6,130.5,1.8,26.9,5,0,7,0,Atención,27.2,87.7,6.37,0.813,15.15,-92.47,52
P010,Palma,Huixtla,2023,Ago,8,103,5.31,85.4,22.4,12.2,125.3,1.83,26.9,0,0,0,0,Atención,26.8,87,8.34,0.854,15.15,-92.47,52
P010,Palma,Huixtla,2023,Sep,9,104,5.3,90.3,23.9,13.1,130.4,1.79,26.8,0,0,0,0,Crítico,27.4,82.7,8.43,0.903,15.15,-92.47,52
P010,Palma,Huixtla,2023,Oct,10,105,5.34,79.8,23.9,11.6,124.9,1.84,26.5,0,0,0,0,Atención,26.8,86.2,7.3,0.798,15.15,-92.47,52
P010,Palma,Huixtla,2023,Nov,11,106,5.23,61.6,24.4,13,123.6,1.77,26.3,0,0,0,0,Atención,27,80.9,1.99,0.616,15.15,-92.47,52
P010,Palma,Huixtla,2023,Dic,12,107,5.22,58.2,25.5,13,129,1.85,26.4,0,0,0,0,Atención,27.9,76.9,0,0.582,15.15,-92.47,52
P010,Palma,Huixtla,2024,Ene,1,108,5.21,40.7,30,15.4,125.8,1.85,26.8,5,3,7,0,Atención,27.3,73.6,0.27,0.407,15.15,-92.47,52
P010,Palma,Huixtla,2024,Feb,2,109,5.18,39.8,23.2,11.8,122,1.88,27.2,0,0,0,0,Atención,27.6,72.5,0.37,0.398,15.15,-92.47,52
P010,Palma,Huixtla,2024,Mar,3,110,5.24,42.5,26.6,14.4,126.6,1.86,29,0,0,0,0,Atención,29.2,72.4,0.52,0.425,15.15,-92.47,52
P010,Palma,Huixtla,2024,Abr,4,111,5.25,37.8,22.2,12.7,123.5,1.89,28.7,0,0,0,0,Atención,29.3,66.2,0.61,0.378,15.15,-92.47,52
P010,Palma,Huixtla,2024,May,5,112,5.28,68.2,23.7,12.5,124.2,1.89,28.7,0,0,0,0,Atención,28.8,76.3,3.67,0.682,15.15,-92.47,52
P010,Palma,Huixtla,2024,Jun,6,113,5.21,82.2,22.4,11.9,119.9,1.93,27,0,0,0,0,Atención,28.1,82,8.06,0.822,15.15,-92.47,52
P010,Palma,Huixtla,2024,Jul,7,114,5.28,85.1,27.8,12.5,125.2,1.82,26.7,5,0,7,0,Atención,27.3,86.4,7.76,0.851,15.15,-92.47,52
P010,Palma,Huixtla,2024,Ago,8,115,5.22,83.5,23.9,12.6,127.9,1.91,27,0,0,0,0,Atención,27.3,89,7.93,0.835,15.15,-92.47,52
P010,Palma,Huixtla,2024,Sep,9,116,5.24,94.9,25.5,13.5,120.8,1.92,26.7,0,0,0,0,Crítico,27.1,87.3,9.59,0.949,15.15,-92.47,52
P010,Palma,Huixtla,2024,Oct,10,117,5.25,81,22.8,12.2,128.7,1.87,26.9,0,0,0,0,Atención,26.5,91.2,7.57,0.81,15.15,-92.47,52
P010,Palma,Huixtla,2024,Nov,11,118,5.25,62.2,24.8,13.4,126.8,1.9,26.6,0,0,0,0,Atención,26.7,84.4,1.83,0.622,15.15,-92.47,52
P010,Palma,Huixtla,2024,Dic,12,119,5.15,47.1,23.5,11.7,128,1.92,26.8,0,0,0,0,Atención,27.1,75.6,1.74,0.471,15.15,-92.47,52
P011,Café,Cacahoatán,2015,Ene,1,0,6.07,40.6,29.3,16.2,125.2,1.11,25.6,0,0,0,0,Óptimo,25.3,71.5,0,0.406,14.99,-92.17,244
P011,Café,Cacahoatán,2015,Feb,2,1,6.05,38.6,26.9,15.8,125.9,1.11,25.6,0,0,0,0,Óptimo,26.1,71.5,0.29,0.386,14.99,-92.17,244
P011,Café,Cacahoatán,2015,Mar,3,2,5.99,34.7,28.1,15.6,121.2,1.12,27.3,0,0,0,0,Precaución,27.3,73.2,0.54,0.347,14.99,-92.17,244
P011,Café,Cacahoatán,2015,Abr,4,3,5.99,37.7,29.3,15.4,118.4,1.16,27.8,0,0,0,0,Precaución,28.3,72.7,0.49,0.377,14.99,-92.17,244
P011,Café,Cacahoatán,2015,May,5,4,6.08,64.7,26.5,15.2,120.8,1.16,27.2,0,0,0,0,Óptimo,28,79.4,3.94,0.647,14.99,-92.17,244
P011,Café,Cacahoatán,2015,Jun,6,5,6.05,83.4,26.2,14.9,124.1,1.1,26.3,0,0,0,0,Precaución,26.1,88.1,8,0.834,14.99,-92.17,244
P011,Café,Cacahoatán,2015,Jul,7,6,6.03,81.1,32.4,15.7,128.4,1.13,25.2,6,0,5,0,Óptimo,26.2,90.6,7.72,0.811,14.99,-92.17,244
P011,Café,Cacahoatán,2015,Ago,8,7,6.06,76.2,24.5,14.5,121.7,1.18,25,0,0,0,0,Precaución,25.6,80.9,7.8,0.762,14.99,-92.17,244
P011,Café,Cacahoatán,2015,Sep,9,8,5.97,91.7,26.8,15.2,121.9,1.07,25.3,0,0,0,0,Precaución,25.6,83.5,9.28,0.917,14.99,-92.17,244
P011,Café,Cacahoatán,2015,Oct,10,9,5.97,82.2,24.3,15.1,121.1,1.06,25,0,0,0,0,Precaución,25.3,90,7.34,0.822,14.99,-92.17,244
P011,Café,Cacahoatán,2015,Nov,11,10,5.99,66.6,26.7,15.8,124.2,1.1,25,0,0,0,0,Precaución,26,84.6,1.95,0.666,14.99,-92.17,244
P011,Café,Cacahoatán,2015,Dic,12,11,6.13,46.4,27.5,15,117.3,1.21,25.6,0,0,0,0,Óptimo,25.7,74.9,0.61,0.464,14.99,-92.17,244
P011,Café,Cacahoatán,2016,Ene,1,12,6.01,38.2,31.6,20.2,132.1,1.18,25,6,3,5,0,Óptimo,26.1,72.3,1.38,0.382,14.99,-92.17,244
P011,Café,Cacahoatán,2016,Feb,2,13,6.03,41.5,27.1,15.5,121.4,1.17,26.1,0,0,0,0,Óptimo,26.3,73.8,0.31,0.415,14.99,-92.17,244
P011,Café,Cacahoatán,2016,Mar,3,14,5.96,29,25.6,14.5,127.6,1.18,27,0,0,0,0,Atención,27.5,69.3,0,0.29,14.99,-92.17,244
P011,Café,Cacahoatán,2016,Abr,4,15,5.95,41.8,26.9,16.4,125.3,1.17,27.4,0,0,0,0,Precaución,27.5,71.5,0,0.418,14.99,-92.17,244
P011,Café,Cacahoatán,2016,May,5,16,5.91,71.2,27.2,16.9,118,1.22,27.4,0,0,0,0,Precaución,28.4,81.8,4.11,0.712,14.99,-92.17,244
P011,Café,Cacahoatán,2016,Jun,6,17,5.96,84.7,27.5,15.5,123.2,1.25,26,0,0,0,0,Precaución,25.8,84.6,8.2,0.847,14.99,-92.17,244
P011,Café,Cacahoatán,2016,Jul,7,18,5.9,79.7,35.4,15.5,123,1.14,25.6,6,0,5,0,Precaución,26,86.8,6.82,0.797,14.99,-92.17,244
P011,Café,Cacahoatán,2016,Ago,8,19,6.06,84.5,27.1,16.4,118.2,1.25,25.9,0,0,0,0,Óptimo,25.7,88.2,7.43,0.845,14.99,-92.17,244
P011,Café,Cacahoatán,2016,Sep,9,20,5.96,90.4,25.4,14.6,129.2,1.21,25.1,0,0,0,0,Atención,25.9,85.9,8.95,0.904,14.99,-92.17,244
P011,Café,Cacahoatán,2016,Oct,10,21,5.9,85.1,27,15.6,119.1,1.22,25,0,0,0,0,Precaución,26,88.7,7.17,0.851,14.99,-92.17,244
P011,Café,Cacahoatán,2016,Nov,11,22,5.94,68,25.5,15.4,125.1,1.22,25.3,0,0,0,0,Precaución,25.1,81.9,2.87,0.68,14.99,-92.17,244
P011,Café,Cacahoatán,2016,Dic,12,23,5.95,49.9,26.8,17.3,122.1,1.13,25.2,0,0,0,0,Precaución,25.7,75.1,0.27,0.499,14.99,-92.17,244
P011,Café,Cacahoatán,2017,Ene,1,24,5.87,43.3,30.3,18.8,127.2,1.19,25,6,3,5,0,Precaución,26.1,76,0.48,0.433,14.99,-92.17,244
P011,Café,Cacahoatán,2017,Feb,2,25,5.95,35,26,15.2,126.6,1.18,25.7,0,0,0,0,Precaución,26.4,75.1,0.51,0.35,14.99,-92.17,244
P011,Café,Cacahoatán,2017,Mar,3,26,6,32.9,26.8,15.2,121.3,1.25,27.4,0,0,0,0,Precaución,27.2,69,0,0.329,14.99,-92.17,244
P011,Café,Cacahoatán,2017,Abr,4,27,5.86,43.7,27,14.8,121.6,1.19,28.1,0,0,0,0,Precaución,27.7,74.4,1.04,0.437,14.99,-92.17,244
P011,Café,Cacahoatán,2017,May,5,28,5.97,69.6,23.5,15.9,121,1.22,27.6,0,0,0,0,Precaución,27.9,76.2,4.36,0.696,14.99,-92.17,244
P011,Café,Cacahoatán,2017,Jun,6,29,5.92,88.6,26.6,15.2,122.9,1.21,26,0,0,0,0,Precaución,26.4,82.8,8.5,0.886,14.99,-92.17,244
P011,Café,Cacahoatán,2017,Jul,7,30,5.84,83,33.2,14.9,126.1,1.2,25.3,6,0,5,0,Precaución,25.6,88.7,8.05,0.83,14.99,-92.17,244
P011,Café,Cacahoatán,2017,Ago,8,31,5.99,85.3,25.3,14.6,117.2,1.2,25.5,0,0,0,0,Precaución,26,88.2,7.32,0.853,14.99,-92.17,244
P011,Café,Cacahoatán,2017,Sep,9,32,5.91,89.2,27.5,17.1,118,1.26,25.5,0,0,0,0,Precaución,25.8,87.6,9.68,0.892,14.99,-92.17,244
P011,Café,Cacahoatán,2017,Oct,10,33,5.92,77.5,27.9,14.2,128.8,1.24,24.8,0,0,0,0,Precaución,25.5,86.4,6.53,0.775,14.99,-92.17,244
P011,Café,Cacahoatán,2017,Nov,11,34,5.89,67.4,27.7,15.4,116.4,1.24,25,0,0,0,0,Precaución,25.7,83.1,1.66,0.674,14.99,-92.17,244
P011,Café,Cacahoatán,2017,Dic,12,35,5.91,49.3,26.5,16.3,113.2,1.28,25.6,0,0,0,0,Precaución,25.3,76.2,0.97,0.493,14.99,-92.17,244
P011,Café,Cacahoatán,2018,Ene,1,36,6.05,47.2,33.3,17.9,122.9,1.24,25.8,6,3,5,0.12,Óptimo,26.2,74.3,0,0.472,14.99,-92.17,244
P011,Café,Cacahoatán,2018,Feb,2,37,5.92,36.4,26.5,14.8,122.7,1.21,26.1,0,0,0,0,Precaución,26.5,74.2,0,0.364,14.99,-92.17,244
P011,Café,Cacahoatán,2018,Mar,3,38,5.86,35.6,25.6,14.2,122.2,1.22,27.2,0,0,0,0,Precaución,27.3,70.8,0.91,0.356,14.99,-92.17,244
P011,Café,Cacahoatán,2018,Abr,4,39,5.94,38,27.2,16.4,121.7,1.3,27.7,0,0,0,0,Precaución,27.9,73.4,0.11,0.38,14.99,-92.17,244
P011,Café,Cacahoatán,2018,May,5,40,5.86,71.8,26.8,14.6,116.8,1.26,27.7,0,0,0,0,Precaución,27.9,81,4.11,0.718,14.99,-92.17,244
P011,Café,Cacahoatán,2018,Jun,6,41,5.84,82.6,27.1,16.4,128.9,1.32,26.4,0,0,0,0,Precaución,26.3,82.2,7.99,0.826,14.99,-92.17,244
P011,Café,Cacahoatán,2018,Jul,7,42,5.82,84.6,30.1,15.7,128.8,1.22,25.5,6,0,5,0,Precaución,25.8,84.3,7.32,0.846,14.99,-92.17,244
P011,Café,Cacahoatán,2018,Ago,8,43,5.81,82.7,27.3,15.8,120.2,1.22,25.4,0,0,0,0,Precaución,26.1,86.3,8.49,0.827,14.99,-92.17,244
P011,Café,Cacahoatán,2018,Sep,9,44,5.86,84.3,27.4,14.6,120.4,1.23,25.2,0,0,0,0,Precaución,25.2,88.8,9.43,0.843,14.99,-92.17,244
P011,Café,Cacahoatán,2018,Oct,10,45,5.82,83.5,26.8,14.3,124.3,1.3,25.5,0,0,0,0,Precaución,25.7,86.1,7.39,0.835,14.99,-92.17,244
P011,Café,Cacahoatán,2018,Nov,11,46,5.77,66.4,25.7,14.2,117.4,1.27,25.3,0,0,0,0,Precaución,25.6,80.9,2.51,0.664,14.99,-92.17,244
P011,Café,Cacahoatán,2018,Dic,12,47,5.77,51.8,25.8,14.7,122,1.26,24.9,0,0,0,0,Precaución,25.6,73.9,0.14,0.518,14.99,-92.17,244
P011,Café,Cacahoatán,2019,Ene,1,48,5.83,46.3,32.8,18.4,128.4,1.23,25.6,6,3,5,0,Precaución,26,74.3,0.52,0.463,14.99,-92.17,244
P011,Café,Cacahoatán,2019,Feb,2,49,5.8,37,24.9,14.7,126.9,1.29,26.1,0,0,0,0,Precaución,25.9,71.1,0.55,0.37,14.99,-92.17,244
P011,Café,Cacahoatán,2019,Mar,3,50,5.86,33.2,25,14.9,125.1,1.29,27.4,0,0,0,0,Atención,27.2,70.6,1.07,0.332,14.99,-92.17,244
P011,Café,Cacahoatán,2019,Abr,4,51,5.79,44.5,26,14.2,123.6,1.29,27.7,0,0,0,0,Precaución,28,70.9,0.59,0.445,14.99,-92.17,244
P011,Café,Cacahoatán,2019,May,5,52,5.77,67.1,25.4,15.1,121.5,1.32,27.4,0,0,0,0,Precaución,28,75.6,3.64,0.671,14.99,-92.17,244
P011,Café,Cacahoatán,2019,Jun,6,53,5.7,83.2,26,14.4,118.2,1.34,26.3,0,0,0,0,Precaución,26.1,87.7,7.6,0.832,14.99,-92.17,244
P011,Café,Cacahoatán,2019,Jul,7,54,5.77,86.6,31,15.3,123.5,1.37,25.6,6,0,5,0,Precaución,26.3,84.5,7.59,0.866,14.99,-92.17,244
P011,Café,Cacahoatán,2019,Ago,8,55,5.77,83.7,26.9,15.9,117.5,1.32,25.6,0,0,0,0,Precaución,26.1,82.7,8.71,0.837,14.99,-92.17,244
P011,Café,Cacahoatán,2019,Sep,9,56,5.79,89.6,23.9,14.4,112.6,1.34,25.2,0,0,0,0,Atención,25.5,83.1,9.86,0.896,14.99,-92.17,244
P011,Café,Cacahoatán,2019,Oct,10,57,5.76,85.3,26.2,15.1,121.5,1.28,25.6,0,0,0,0,Precaución,25.4,86.2,6.9,0.853,14.99,-92.17,244
P011,Café,Cacahoatán,2019,Nov,11,58,5.71,68.9,23.7,15.6,119.7,1.3,25.3,0,0,0,0,Precaución,25,84.4,2.56,0.689,14.99,-92.17,244
P011,Café,Cacahoatán,2019,Dic,12,59,5.75,47.6,25.8,14.7,123.2,1.33,24.9,0,0,0,0,Precaución,25.7,77.3,0,0.476,14.99,-92.17,244
P011,Café,Cacahoatán,2020,Ene,1,60,5.72,43.6,32.1,18.4,126.7,1.35,26,6,3,5,0,Precaución,26.1,73.3,0.74,0.436,14.99,-92.17,244
P011,Café,Cacahoatán,2020,Feb,2,61,5.73,41.4,23.5,14.4,122,1.33,26,0,0,0,0,Precaución,26.4,70.6,0.28,0.414,14.99,-92.17,244
P011,Café,Cacahoatán,2020,Mar,3,62,5.78,35.5,25.4,14.2,120.8,1.3,27,0,0,0,0,Precaución,27.8,69.8,0.21,0.355,14.99,-92.17,244
P011,Café,Cacahoatán,2020,Abr,4,63,5.71,35.9,25.5,15,125.6,1.29,27.5,0,0,0,0,Precaución,28.4,73,0.33,0.359,14.99,-92.17,244
P011,Café,Cacahoatán,2020,May,5,64,5.71,71.2,27,15.8,119.8,1.32,27.2,0,0,0,0,Precaución,27.5,80.8,3.67,0.712,14.99,-92.17,244
P011,Café,Cacahoatán,2020,Jun,6,65,5.69,83.9,23.4,13.7,125.8,1.33,26.2,0,0,0,0,Precaución,26.5,84.4,8.3,0.839,14.99,-92.17,244
P011,Café,Cacahoatán,2020,Jul,7,66,5.72,83.8,30.5,14.3,128.1,1.33,25.7,6,0,5,0,Precaución,25.9,85.5,7.46,0.838,14.99,-92.17,244
P011,Café,Cacahoatán,2020,Ago,8,67,5.77,80.2,23,14.4,126,1.34,25.8,0,0,0,0,Precaución,26.8,84.1,8.41,0.802,14.99,-92.17,244
P011,Café,Cacahoatán,2020,Sep,9,68,5.7,90.4,24.2,14.4,120.5,1.3,25.6,0,0,0,0,Atención,25.7,86.1,9.5,0.904,14.99,-92.17,244
P011,Café,Cacahoatán,2020,Oct,10,69,5.68,79.8,24.6,15.6,119.1,1.33,25.6,0,0,0,0,Precaución,25.7,86.5,6.21,0.798,14.99,-92.17,244
P011,Café,Cacahoatán,2020,Nov,11,70,5.75,64.6,25.9,15.5,121.2,1.32,24.9,0,0,0,0,Precaución,26.2,79.7,2.45,0.646,14.99,-92.17,244
P011,Café,Cacahoatán,2020,Dic,12,71,5.7,46.1,25.5,14.8,122.8,1.37,25,0,0,0,0,Precaución,25.8,74.1,0.39,0.461,14.99,-92.17,244
P011,Café,Cacahoatán,2021,Ene,1,72,5.79,46.1,33.1,16.1,129.9,1.3,25.9,6,3,5,0.12,Precaución,26.2,75.5,0.34,0.461,14.99,-92.17,244
P011,Café,Cacahoatán,2021,Feb,2,73,5.73,32.6,26.6,14.7,121.4,1.32,26.3,0,0,0,0,Atención,26.6,73.7,0,0.326,14.99,-92.17,244
P011,Café,Cacahoatán,2021,Mar,3,74,5.68,36.2,26.4,14.7,125.1,1.36,27.5,0,0,0,0,Precaución,27.7,73.4,0.72,0.362,14.99,-92.17,244
P011,Café,Cacahoatán,2021,Abr,4,75,5.77,32.9,27.9,14.6,116,1.31,28,0,0,0,0,Atención,28.7,75.1,1.27,0.329,14.99,-92.17,244
P011,Café,Cacahoatán,2021,May,5,76,5.61,65.2,23.4,15.8,121.7,1.35,27.3,0,0,0,0,Precaución,27.7,79.7,4.55,0.652,14.99,-92.17,244
P011,Café,Cacahoatán,2021,Jun,6,77,5.65,81,24.8,14.1,121.5,1.35,26.1,0,0,0,0,Precaución,25.3,85.6,8.27,0.81,14.99,-92.17,244
P011,Café,Cacahoatán,2021,Jul,7,78,5.6,78.5,31.5,15,129.3,1.34,25.7,6,0,5,0,Precaución,26.2,81.3,7.79,0.785,14.99,-92.17,244
P011,Café,Cacahoatán,2021,Ago,8,79,5.67,87.2,23.7,14.1,126.6,1.4,25.8,0,0,0,0,Precaución,25.9,85.6,8.11,0.872,14.99,-92.17,244
P011,Café,Cacahoatán,2021,Sep,9,80,5.69,91.4,24.5,16,123.3,1.39,25.6,0,0,0,0,Precaución,25.4,91.9,9.35,0.914,14.99,-92.17,244
P011,Café,Cacahoatán,2021,Oct,10,81,5.67,76.9,25.8,15.3,125.3,1.39,25,0,0,0,0,Precaución,25.4,86.8,7.35,0.769,14.99,-92.17,244
P011,Café,Cacahoatán,2021,Nov,11,82,5.57,64.7,25.4,14.4,125.1,1.36,25.3,0,0,0,0,Precaución,26.3,79.8,1.85,0.647,14.99,-92.17,244
P011,Café,Cacahoatán,2021,Dic,12,83,5.7,52.7,25.2,15.2,126.2,1.43,25.2,0,0,0,0,Precaución,26.1,75.6,1.17,0.527,14.99,-92.17,244
P011,Café,Cacahoatán,2022,Ene,1,84,5.61,35.8,30.6,17.8,124.6,1.4,25.4,6,3,5,0,Precaución,25.6,72,0.64,0.358,14.99,-92.17,244
P011,Café,Cacahoatán,2022,Feb,2,85,5.61,36.8,25.1,13.1,119.2,1.33,26.4,0,0,0,0,Precaución,27,72.1,0.71,0.368,14.99,-92.17,244
P011,Café,Cacahoatán,2022,Mar,3,86,5.56,30.9,24.9,14.9,123.7,1.41,27.5,0,0,0,0,Atención,27.4,67.9,0,0.309,14.99,-92.17,244
P011,Café,Cacahoatán,2022,Abr,4,87,5.6,39.6,24.5,14.4,120.4,1.42,27.5,0,0,0,0,Precaución,28.7,70.3,0.65,0.396,14.99,-92.17,244
P011,Café,Cacahoatán,2022,May,5,88,5.62,70.4,25.3,15.1,119.9,1.42,27.3,0,0,0,0,Precaución,27.8,79.6,3.96,0.704,14.99,-92.17,244
P011,Café,Cacahoatán,2022,Jun,6,89,5.62,85.9,23.3,13.3,125.5,1.36,26.2,0,0,0,0,Precaución,26.1,87.2,7.24,0.859,14.99,-92.17,244
P011,Café,Cacahoatán,2022,Jul,7,90,5.58,82.4,30.2,13.1,119.9,1.42,25.5,6,0,5,0,Precaución,26.3,88.5,7.36,0.824,14.99,-92.17,244
P011,Café,Cacahoatán,2022,Ago,8,91,5.65,80.8,23.2,14.7,114.6,1.37,25.5,0,0,0,0,Precaución,26.4,81.7,8.2,0.808,14.99,-92.17,244
P011,Café,Cacahoatán,2022,Sep,9,92,5.56,80.3,24.3,15.2,116,1.42,25.6,0,0,0,0,Precaución,25.8,84.6,9.17,0.803,14.99,-92.17,244
P011,Café,Cacahoatán,2022,Oct,10,93,5.46,83.2,25.7,14.9,123.6,1.41,24.9,0,0,0,0,Atención,25.7,85,7.3,0.832,14.99,-92.17,244
P011,Café,Cacahoatán,2022,Nov,11,94,5.56,63.8,25.4,14.8,126.5,1.5,25.1,0,0,0,0,Precaución,25.7,80.2,1.63,0.638,14.99,-92.17,244
P011,Café,Cacahoatán,2022,Dic,12,95,5.56,51.4,25.6,14.5,118.6,1.39,25.3,0,0,0,0,Precaución,25.9,74.8,1.49,0.514,14.99,-92.17,244
P011,Café,Cacahoatán,2023,Ene,1,96,5.54,36.4,30.8,15.7,123.4,1.45,25.3,6,3,5,0,Precaución,25.6,75,1.03,0.364,14.99,-92.17,244
P011,Café,Cacahoatán,2023,Feb,2,97,5.57,38.4,25.4,13.9,127.6,1.45,26.3,0,0,0,0,Precaución,26.8,69.6,0.8,0.384,14.99,-92.17,244
P011,Café,Cacahoatán,2023,Mar,3,98,5.59,34.2,23.9,13.7,115.3,1.38,27,0,0,0,0,Atención,27,64.3,0.32,0.342,14.99,-92.17,244
P011,Café,Cacahoatán,2023,Abr,4,99,5.49,37.3,24.7,15.9,121.4,1.45,27.6,0,0,0,0,Precaución,28.6,70.7,0.27,0.373,14.99,-92.17,244
P011,Café,Cacahoatán,2023,May,5,100,5.56,66.7,23.2,14.7,111.3,1.41,27.6,0,0,0,0,Precaución,27.6,76.1,5.74,0.667,14.99,-92.17,244
P011,Café,Cacahoatán,2023,Jun,6,101,5.6,85.7,25.7,15.1,124.2,1.46,26,0,0,0,0,Precaución,26.6,83,8.73,0.857,14.99,-92.17,244
P011,Café,Cacahoatán,2023,Jul,7,102,5.51,80.9,32.1,14.9,133.8,1.45,26.1,6,0,5,0,Precaución,26.1,87.5,6.93,0.809,14.99,-92.17,244
P011,Café,Cacahoatán,2023,Ago,8,103,5.55,81.9,24.5,14.9,117.5,1.37,25.6,0,0,0,0,Precaución,25.7,87.5,7.2,0.819,14.99,-92.17,244
P011,Café,Cacahoatán,2023,Sep,9,104,5.61,86.5,24.7,15.7,121.9,1.43,25.6,0,0,0,0,Precaución,25.9,91.3,8.05,0.865,14.99,-92.17,244
P011,Café,Cacahoatán,2023,Oct,10,105,5.46,79,26.5,15.9,122.9,1.5,25.7,0,0,0,0,Precaución,26.2,88.3,6.86,0.79,14.99,-92.17,244
P011,Café,Cacahoatán,2023,Nov,11,106,5.51,60,25.8,13.3,122.6,1.48,25.8,0,0,0,0,Precaución,25.2,82.7,1.98,0.6,14.99,-92.17,244
P011,Café,Cacahoatán,2023,Dic,12,107,5.59,46.7,25.6,15.2,117.8,1.5,25.4,0,0,0,0,Precaución,26.3,74.2,0.91,0.467,14.99,-92.17,244
P011,Café,Cacahoatán,2024,Ene,1,108,5.71,42.7,30,17.8,127.1,1.48,25.8,6,3,5,0.12,Precaución,25.9,72.5,0.47,0.427,14.99,-92.17,244
P011,Café,Cacahoatán,2024,Feb,2,109,5.48,36,24.7,13.3,122.2,1.51,26,0,0,0,0,Atención,26.4,71.9,0.29,0.36,14.99,-92.17,244
P011,Café,Cacahoatán,2024,Mar,3,110,5.45,39.6,27.4,15.3,120.6,1.46,27,0,0,0,0,Precaución,27.8,72.2,0.36,0.396,14.99,-92.17,244
P011,Café,Cacahoatán,2024,Abr,4,111,5.54,39.3,24.2,13.8,122.5,1.42,27.5,0,0,0,0,Precaución,28.5,68.9,0.21,0.393,14.99,-92.17,244
P011,Café,Cacahoatán,2024,May,5,112,5.44,72.9,25.9,15.1,119.8,1.53,27.4,0,0,0,0,Atención,28,77.6,5.01,0.729,14.99,-92.17,244
P011,Café,Cacahoatán,2024,Jun,6,113,5.49,85.9,23.3,14.3,112,1.53,26,0,0,0,0,Atención,26.4,83.3,8.81,0.859,14.99,-92.17,244
P011,Café,Cacahoatán,2024,Jul,7,114,5.46,80.2,29.8,14.5,124.9,1.47,25.7,6,0,5,0,Atención,26.4,83.1,7.73,0.802,14.99,-92.17,244
P011,Café,Cacahoatán,2024,Ago,8,115,5.51,82.8,24.4,14.4,120,1.49,26.2,0,0,0,0,Precaución,26.2,79.8,8.7,0.828,14.99,-92.17,244
P011,Café,Cacahoatán,2024,Sep,9,116,5.47,89.1,22.6,13,110.7,1.42,25.9,0,0,0,0,Atención,25.8,86.4,8.82,0.891,14.99,-92.17,244
P011,Café,Cacahoatán,2024,Oct,10,117,5.43,80.8,23.9,13.7,124.3,1.48,25.7,0,0,0,0,Atención,25.7,87.4,7.44,0.808,14.99,-92.17,244
P011,Café,Cacahoatán,2024,Nov,11,118,5.48,64.4,24.2,14.5,121.1,1.46,25.3,0,0,0,0,Atención,25.9,82.9,1.17,0.644,14.99,-92.17,244
P011,Café,Cacahoatán,2024,Dic,12,119,5.48,52.1,24.9,14.1,120.9,1.43,25.4,0,0,0,0,Atención,25.7,77.1,0,0.521,14.99,-92.17,244
P012,Cacao,Cacahoatán,2015,Ene,1,0,6.34,41.1,31.1,16.7,154.2,1.32,25.4,0,0,0,0,Óptimo,25.6,75,0.78,0.411,14.99,-92.17,244
P012,Cacao,Cacahoatán,2015,Feb,2,1,6.34,34.9,31.5,18.7,141.9,1.17,25.6,0,0,0,0,Precaución,25.7,70.9,0.66,0.349,14.99,-92.17,244
P012,Cacao,Cacahoatán,2015,Mar,3,2,6.34,35.7,30.4,17.8,144.1,1.27,26.8,0,0,0,0,Óptimo,27.4,71.4,0.34,0.357,14.99,-92.17,244
P012,Cacao,Cacahoatán,2015,Abr,4,3,6.32,36.4,33.6,19.1,136.2,1.25,27.5,0,0,0,0,Óptimo,27.9,69.4,0.3,0.364,14.99,-92.17,244
P012,Cacao,Cacahoatán,2015,May,5,4,6.28,65.2,33.1,17.7,141.5,1.24,27.2,0,0,0,0,Óptimo,28.1,81.8,4.07,0.652,14.99,-92.17,244
P012,Cacao,Cacahoatán,2015,Jun,6,5,6.36,87.8,33.5,17.7,150.4,1.24,26.3,0,0,0,0,Óptimo,26.9,86,8.32,0.878,14.99,-92.17,244
P012,Cacao,Cacahoatán,2015,Jul,7,6,6.28,86.8,38.9,17.3,150.1,1.26,25.3,8,0,6,0,Óptimo,26.4,88.1,8.05,0.868,14.99,-92.17,244
P012,Cacao,Cacahoatán,2015,Ago,8,7,6.25,85,30.6,18.2,147.7,1.23,25.8,0,0,0,0,Óptimo,26,90.6,8.2,0.85,14.99,-92.17,244
P012,Cacao,Cacahoatán,2015,Sep,9,8,6.23,90.8,31.9,18.8,150.5,1.22,25,0,0,0,0,Precaución,25.8,85.4,9.65,0.908,14.99,-92.17,244
P012,Cacao,Cacahoatán,2015,Oct,10,9,6.32,80.6,32.7,18.4,149.4,1.22,25.3,0,0,0,0,Óptimo,25.6,85.4,7.91,0.806,14.99,-92.17,244
P012,Cacao,Cacahoatán,2015,Nov,11,10,6.29,63.6,32.2,17.7,152.8,1.27,25.5,0,0,0,0,Óptimo,25.6,86,1.33,0.636,14.99,-92.17,244
P012,Cacao,Cacahoatán,2015,Dic,12,11,6.3,51.3,31.7,17.9,156.6,1.28,25.3,0,0,0,0,Óptimo,25.6,73.9,1.44,0.513,14.99,-92.17,244
P012,Cacao,Cacahoatán,2016,Ene,1,12,6.28,44.7,39.1,23,152.8,1.3,25.5,8,4,6,0,Óptimo,25.3,72.1,0.33,0.447,14.99,-92.17,244
P012,Cacao,Cacahoatán,2016,Feb,2,13,6.28,32.7,29.4,18,153.2,1.29,25.9,0,0,0,0,Precaución,26,74.1,0.7,0.327,14.99,-92.17,244
P012,Cacao,Cacahoatán,2016,Mar,3,14,6.29,39,30.8,19.7,151.9,1.37,27.7,0,0,0,0,Óptimo,26.9,67.7,0.28,0.39,14.99,-92.17,244
P012,Cacao,Cacahoatán,2016,Abr,4,15,6.23,41.8,31,17.5,144.2,1.42,27.3,0,0,0,0,Óptimo,27.9,70.5,1.24,0.418,14.99,-92.17,244
P012,Cacao,Cacahoatán,2016,May,5,16,6.23,71.8,32,19.1,149,1.35,27.2,0,0,0,0,Óptimo,27.9,75.4,4.64,0.718,14.99,-92.17,244
P012,Cacao,Cacahoatán,2016,Jun,6,17,6.26,88.4,31.8,18.3,145.8,1.29,26.6,0,0,0,0,Precaución,26.5,84.2,8,0.884,14.99,-92.17,244
P012,Cacao,Cacahoatán,2016,Jul,7,18,6.3,81.5,42,17.8,155.5,1.29,26,8,0,6,0,Óptimo,26,86.9,7.76,0.815,14.99,-92.17,244
P012,Cacao,Cacahoatán,2016,Ago,8,19,6.19,83.4,31.5,17.6,144.3,1.34,25.5,0,0,0,0,Óptimo,25.6,86.3,7.84,0.834,14.99,-92.17,244
P012,Cacao,Cacahoatán,2016,Sep,9,20,6.18,91.8,33.4,18.9,147,1.29,25.1,0,0,0,0,Precaución,25.6,87.8,9.18,0.918,14.99,-92.17,244
P012,Cacao,Cacahoatán,2016,Oct,10,21,6.28,85.5,31.7,18.7,144.1,1.33,25.4,0,0,0,0,Óptimo,25.5,88.9,7.3,0.855,14.99,-92.17,244
P012,Cacao,Cacahoatán,2016,Nov,11,22,6.1,68.9,33,16.8,141.1,1.29,25.4,0,0,0,0,Óptimo,25.4,83.8,2.55,0.689,14.99,-92.17,244
P012,Cacao,Cacahoatán,2016,Dic,12,23,6.21,57.1,31.7,16.5,143.1,1.34,24.8,0,0,0,0,Óptimo,25.2,76.7,0.29,0.571,14.99,-92.17,244
P012,Cacao,Cacahoatán,2017,Ene,1,24,6.3,41.5,37.2,21.8,152.8,1.41,25.1,8,4,6,0.15,Óptimo,25.5,69.5,0.79,0.415,14.99,-92.17,244
P012,Cacao,Cacahoatán,2017,Feb,2,25,6.15,35.5,31.4,16.8,146.6,1.32,26,0,0,0,0,Óptimo,25.8,75.4,0.99,0.355,14.99,-92.17,244
P012,Cacao,Cacahoatán,2017,Mar,3,26,6.22,38.2,31.1,18.1,137.2,1.34,27.3,0,0,0,0,Óptimo,27.4,69.6,1.27,0.382,14.99,-92.17,244
P012,Cacao,Cacahoatán,2017,Abr,4,27,6.17,39.8,32.7,18,150.9,1.31,27.7,0,0,0,0,Óptimo,28.1,74.7,0,0.398,14.99,-92.17,244
P012,Cacao,Cacahoatán,2017,May,5,28,6.15,69.5,31.1,19.6,140.7,1.36,27.5,0,0,0,0,Óptimo,26.7,75.9,3.82,0.695,14.99,-92.17,244
P012,Cacao,Cacahoatán,2017,Jun,6,29,6.1,79.9,31.9,19.6,143,1.34,26.1,0,0,0,0,Óptimo,26.8,83.9,8.33,0.799,14.99,-92.17,244
P012,Cacao,Cacahoatán,2017,Jul,7,30,6.18,80.2,38.2,16.5,154.3,1.38,25.5,8,0,6,0,Óptimo,26.5,87.8,8.12,0.802,14.99,-92.17,244
P012,Cacao,Cacahoatán,2017,Ago,8,31,6.13,83.5,32,17.9,141.5,1.31,25.1,0,0,0,0,Óptimo,25.9,86.7,7.87,0.835,14.99,-92.17,244
P012,Cacao,Cacahoatán,2017,Sep,9,32,6.23,88.4,32.8,17.6,144.7,1.36,25.1,0,0,0,0,Precaución,25.6,90.2,9.39,0.884,14.99,-92.17,244
P012,Cacao,Cacahoatán,2017,Oct,10,33,6.17,85.3,29.2,17.9,149.3,1.35,25.3,0,0,0,0,Óptimo,25.5,83.5,6.36,0.853,14.99,-92.17,244
P012,Cacao,Cacahoatán,2017,Nov,11,34,6.15,66.8,31.3,18.6,148.8,1.36,25.3,0,0,0,0,Óptimo,24.9,83.9,1.8,0.668,14.99,-92.17,244
P012,Cacao,Cacahoatán,2017,Dic,12,35,6.11,48.5,31.2,17.9,141.3,1.34,25.6,0,0,0,0,Óptimo,25.7,73.5,0.44,0.485,14.99,-92.17,244
P012,Cacao,Cacahoatán,2018,Ene,1,36,6.22,40.2,37.7,21.1,162.8,1.42,25.4,8,4,6,0,Óptimo,25.8,73.8,1.26,0.402,14.99,-92.17,244
P012,Cacao,Cacahoatán,2018,Feb,2,37,6.12,38.5,30.6,17.3,137.6,1.44,25.7,0,0,0,0,Óptimo,26.6,71,0.55,0.385,14.99,-92.17,244
P012,Cacao,Cacahoatán,2018,Mar,3,38,6.02,38.8,32.4,16.9,145.2,1.3,27.3,0,0,0,0,Óptimo,27.9,73.6,0,0.388,14.99,-92.17,244
P012,Cacao,Cacahoatán,2018,Abr,4,39,6.13,41.8,31.2,17.8,147.4,1.42,27.7,0,0,0,0,Óptimo,28.1,69.8,0.63,0.418,14.99,-92.17,244
P012,Cacao,Cacahoatán,2018,May,5,40,6.06,67.1,30.7,17.9,139.5,1.4,27.6,0,0,0,0,Óptimo,28,77,3.77,0.671,14.99,-92.17,244
P012,Cacao,Cacahoatán,2018,Jun,6,41,6.19,91.5,33.6,18.1,148.1,1.42,25.9,0,0,0,0,Precaución,26.2,85.8,8.41,0.915,14.99,-92.17,244
P012,Cacao,Cacahoatán,2018,Jul,7,42,6.01,77.2,37.6,18.4,152.9,1.38,25.3,8,0,6,0,Óptimo,26.1,85.4,7.56,0.772,14.99,-92.17,244
P012,Cacao,Cacahoatán,2018,Ago,8,43,6.1,82.7,31.3,16.7,144.8,1.37,25.7,0,0,0,0,Óptimo,25.2,81.6,6.87,0.827,14.99,-92.17,244
P012,Cacao,Cacahoatán,2018,Sep,9,44,6.05,90,30.1,17.7,143.9,1.41,25.3,0,0,0,0,Precaución,25.7,87.2,9.56,0.9,14.99,-92.17,244
P012,Cacao,Cacahoatán,2018,Oct,10,45,5.98,86.3,29.9,16.4,148.6,1.4,25.7,0,0,0,0,Precaución,26.3,87.1,6.65,0.863,14.99,-92.17,244
P012,Cacao,Cacahoatán,2018,Nov,11,46,5.98,69,32.1,18.1,143.4,1.42,25.4,0,0,0,0,Precaución,25.1,84.5,1.72,0.69,14.99,-92.17,244
P012,Cacao,Cacahoatán,2018,Dic,12,47,6.05,49.6,30,17.1,143.7,1.47,25.4,0,0,0,0,Óptimo,25.8,74.5,0.87,0.496,14.99,-92.17,244
P012,Cacao,Cacahoatán,2019,Ene,1,48,6.21,38.5,37.3,21.9,152.6,1.43,25.7,8,4,6,0.15,Óptimo,26.7,77.6,1.53,0.385,14.99,-92.17,244
P012,Cacao,Cacahoatán,2019,Feb,2,49,6.01,40.5,31,18,142.2,1.47,26.4,0,0,0,0,Óptimo,26.4,71.7,0.07,0.405,14.99,-92.17,244
P012,Cacao,Cacahoatán,2019,Mar,3,50,5.97,32.7,31.7,17.4,148.4,1.44,27.6,0,0,0,0,Precaución,27.6,72.3,0,0.327,14.99,-92.17,244
P012,Cacao,Cacahoatán,2019,Abr,4,51,6.04,43,31.1,17.2,142.9,1.44,28,0,0,0,0,Óptimo,28.3,72,0.45,0.43,14.99,-92.17,244
P012,Cacao,Cacahoatán,2019,May,5,52,6.03,68.3,29.2,17.5,141.2,1.45,28.1,0,0,0,0,Óptimo,27.8,80,3.93,0.683,14.99,-92.17,244
P012,Cacao,Cacahoatán,2019,Jun,6,53,6,85.7,31.7,17.5,150.1,1.44,25.6,0,0,0,0,Óptimo,26.7,84.4,8.1,0.857,14.99,-92.17,244
P012,Cacao,Cacahoatán,2019,Jul,7,54,6,85.6,38.5,16,144.5,1.46,26.2,8,0,6,0,Óptimo,26.4,86.1,6.89,0.856,14.99,-92.17,244
P012,Cacao,Cacahoatán,2019,Ago,8,55,5.99,86.9,30.6,16.5,149.1,1.44,25.6,0,0,0,0,Precaución,26.1,87.5,7.91,0.869,14.99,-92.17,244
P012,Cacao,Cacahoatán,2019,Sep,9,56,6,85.6,28.9,17.4,143.1,1.47,25.2,0,0,0,0,Óptimo,25.5,90.5,9.04,0.856,14.99,-92.17,244
P012,Cacao,Cacahoatán,2019,Oct,10,57,5.93,81.5,29.4,17.6,148.9,1.42,25.6,0,0,0,0,Precaución,25.4,85.7,8,0.815,14.99,-92.17,244
P012,Cacao,Cacahoatán,2019,Nov,11,58,6.02,62.5,30.5,17.1,141,1.49,25.6,0,0,0,0,Óptimo,25.9,81.2,2.89,0.625,14.99,-92.17,244
P012,Cacao,Cacahoatán,2019,Dic,12,59,6.05,49,29.1,18.5,145.4,1.48,25.6,0,0,0,0,Óptimo,25.6,77,0.57,0.49,14.99,-92.17,244
P012,Cacao,Cacahoatán,2020,Ene,1,60,5.97,42,37.8,21.9,152.5,1.46,25.4,8,4,6,0,Precaución,25.9,74.3,0,0.42,14.99,-92.17,244
P012,Cacao,Cacahoatán,2020,Feb,2,61,5.94,35.9,30.2,18.4,147.7,1.49,26.3,0,0,0,0,Precaución,27,74.7,0,0.359,14.99,-92.17,244
P012,Cacao,Cacahoatán,2020,Mar,3,62,6.02,36.3,31.5,17.1,143.1,1.55,27,0,0,0,0,Precaución,28.1,71.1,0.57,0.363,14.99,-92.17,244
P012,Cacao,Cacahoatán,2020,Abr,4,63,5.91,43,30.9,17.9,143.2,1.53,27.9,0,0,0,0,Precaución,28.5,70.1,0.37,0.43,14.99,-92.17,244
P012,Cacao,Cacahoatán,2020,May,5,64,5.99,67.1,30.4,18.6,144.2,1.46,27.7,0,0,0,0,Precaución,28.2,77.7,2.87,0.671,14.99,-92.17,244
P012,Cacao,Cacahoatán,2020,Jun,6,65,5.96,85.3,30.6,17.3,149.8,1.47,26.7,0,0,0,0,Precaución,26.3,84,8.12,0.853,14.99,-92.17,244
P012,Cacao,Cacahoatán,2020,Jul,7,66,5.93,87.5,37.8,16.7,150.3,1.46,25.2,8,0,6,0,Precaución,26.4,83.4,7.16,0.875,14.99,-92.17,244
P012,Cacao,Cacahoatán,2020,Ago,8,67,5.9,84.3,31.4,16.9,138.3,1.51,25.6,0,0,0,0,Precaución,25.7,89.9,7.03,0.843,14.99,-92.17,244
P012,Cacao,Cacahoatán,2020,Sep,9,68,5.85,85.7,33,17.5,146.4,1.57,25.5,0,0,0,0,Precaución,25.3,86.2,8.86,0.857,14.99,-92.17,244
P012,Cacao,Cacahoatán,2020,Oct,10,69,5.9,76.2,30.9,15.8,143,1.58,25.6,0,0,0,0,Precaución,25.7,86.7,7.26,0.762,14.99,-92.17,244
P012,Cacao,Cacahoatán,2020,Nov,11,70,5.84,64.3,31.6,16.2,139.3,1.59,25.7,0,0,0,0,Precaución,26,78.5,2.33,0.643,14.99,-92.17,244
P012,Cacao,Cacahoatán,2020,Dic,12,71,5.84,52.8,29.7,15.6,139.9,1.49,25.4,0,0,0,0,Precaución,25.9,73,0,0.528,14.99,-92.17,244
P012,Cacao,Cacahoatán,2021,Ene,1,72,6.07,40.2,37.4,21.6,147.6,1.52,25.6,8,4,6,0.15,Precaución,26.3,72,0.8,0.402,14.99,-92.17,244
P012,Cacao,Cacahoatán,2021,Feb,2,73,5.86,42.4,28.9,16.9,144.1,1.47,26.1,0,0,0,0,Precaución,25.6,73.3,0.35,0.424,14.99,-92.17,244
P012,Cacao,Cacahoatán,2021,Mar,3,74,5.81,37.2,28.6,16.1,144.5,1.51,27.2,0,0,0,0,Precaución,27.8,70,0,0.372,14.99,-92.17,244
P012,Cacao,Cacahoatán,2021,Abr,4,75,5.97,36.9,29.2,16.5,145.7,1.54,27.2,0,0,0,0,Precaución,28.7,70.4,0.81,0.369,14.99,-92.17,244
P012,Cacao,Cacahoatán,2021,May,5,76,5.9,65.9,31.7,17,142.1,1.58,27.6,0,0,0,0,Precaución,27.7,78.1,4.12,0.659,14.99,-92.17,244
P012,Cacao,Cacahoatán,2021,Jun,6,77,5.89,85,31.6,15.7,148.3,1.56,26.5,0,0,0,0,Precaución,26.3,85.6,8.64,0.85,14.99,-92.17,244
P012,Cacao,Cacahoatán,2021,Jul,7,78,5.85,78.6,37.3,18,154,1.51,25.7,8,0,6,0,Precaución,25.8,85.4,6.44,0.786,14.99,-92.17,244
P012,Cacao,Cacahoatán,2021,Ago,8,79,5.9,87,29.4,17.6,147.2,1.49,25.5,0,0,0,0,Precaución,26.3,86.8,6.93,0.87,14.99,-92.17,244
P012,Cacao,Cacahoatán,2021,Sep,9,80,5.84,76.9,27.9,17.4,142.6,1.5,25.4,0,0,0,0,Precaución,25.9,84.2,9.38,0.769,14.99,-92.17,244
P012,Cacao,Cacahoatán,2021,Oct,10,81,5.88,80.8,29.2,17.1,144.7,1.52,25.3,0,0,0,0,Precaución,26.1,84.9,7.35,0.808,14.99,-92.17,244
P012,Cacao,Cacahoatán,2021,Nov,11,82,5.86,64.1,31.6,16.5,143.5,1.51,25.9,0,0,0,0,Precaución,24.9,79,2.52,0.641,14.99,-92.17,244
P012,Cacao,Cacahoatán,2021,Dic,12,83,5.87,50,28.7,16.8,143.5,1.6,25.4,0,0,0,0,Precaución,25.8,75.6,0.38,0.5,14.99,-92.17,244
P012,Cacao,Cacahoatán,2022,Ene,1,84,5.77,41.6,38.2,19.5,146.3,1.62,25.7,8,4,6,0,Precaución,26,72.4,0,0.416,14.99,-92.17,244
P012,Cacao,Cacahoatán,2022,Feb,2,85,5.82,34.9,30.5,17.8,146.1,1.66,26.5,0,0,0,0,Atención,26.7,72.2,0.54,0.349,14.99,-92.17,244
P012,Cacao,Cacahoatán,2022,Mar,3,86,5.8,32.5,29.9,17.4,146.9,1.6,27.2,0,0,0,0,Atención,27.8,67.6,0.08,0.325,14.99,-92.17,244
P012,Cacao,Cacahoatán,2022,Abr,4,87,5.84,38.8,28.6,16,138,1.61,27.8,0,0,0,0,Precaución,28.1,71.2,0.33,0.388,14.99,-92.17,244
P012,Cacao,Cacahoatán,2022,May,5,88,5.8,66,31.8,16.9,141.7,1.59,27.1,0,0,0,0,Precaución,27.7,73.8,4.85,0.66,14.99,-92.17,244
P012,Cacao,Cacahoatán,2022,Jun,6,89,5.83,78.8,31.3,16.6,149.3,1.62,26,0,0,0,0,Precaución,27.1,87.4,8.92,0.788,14.99,-92.17,244
P012,Cacao,Cacahoatán,2022,Jul,7,90,5.78,74.5,35.9,16.4,143,1.56,26,8,0,6,0,Precaución,26.3,83,7.52,0.745,14.99,-92.17,244
P012,Cacao,Cacahoatán,2022,Ago,8,91,5.84,86.5,27.4,15.9,140,1.61,25.6,0,0,0,0,Precaución,26.2,86.6,7.04,0.865,14.99,-92.17,244
P012,Cacao,Cacahoatán,2022,Sep,9,92,5.82,88.9,28.1,15.7,140.6,1.58,25.2,0,0,0,0,Atención,25.7,87.2,9.43,0.889,14.99,-92.17,244
P012,Cacao,Cacahoatán,2022,Oct,10,93,5.79,78.4,28.6,17.9,143.2,1.63,25.8,0,0,0,0,Precaución,26,84.8,7.25,0.784,14.99,-92.17,244
P012,Cacao,Cacahoatán,2022,Nov,11,94,5.76,67.5,28.2,17.1,139.7,1.59,25.7,0,0,0,0,Precaución,25.9,81.3,1.6,0.675,14.99,-92.17,244
P012,Cacao,Cacahoatán,2022,Dic,12,95,5.77,50,28.9,15.8,142.2,1.57,25.7,0,0,0,0,Precaución,26.2,73.5,0.45,0.5,14.99,-92.17,244
P012,Cacao,Cacahoatán,2023,Ene,1,96,5.83,41.7,36.1,20.7,145,1.67,25.5,8,4,6,0.15,Precaución,26.2,70.5,0.47,0.417,14.99,-92.17,244
P012,Cacao,Cacahoatán,2023,Feb,2,97,5.76,38.1,28.2,16.1,141.4,1.62,26,0,0,0,0,Precaución,26.4,73.8,0.71,0.381,14.99,-92.17,244
P012,Cacao,Cacahoatán,2023,Mar,3,98,5.79,33.8,28.9,15.5,155.5,1.68,27.4,0,0,0,0,Atención,27.6,71.5,0.11,0.338,14.99,-92.17,244
P012,Cacao,Cacahoatán,2023,Abr,4,99,5.77,38.7,28.9,18.1,149.1,1.68,27.6,0,0,0,0,Precaución,28.1,69.9,0.91,0.387,14.99,-92.17,244
P012,Cacao,Cacahoatán,2023,May,5,100,5.75,66.8,28.3,16.5,146.7,1.63,27.3,0,0,0,0,Precaución,28.2,76.2,3.9,0.668,14.99,-92.17,244
P012,Cacao,Cacahoatán,2023,Jun,6,101,5.69,82.5,29.5,17.5,140.5,1.62,26.2,0,0,0,0,Precaución,26.2,85.7,7.53,0.825,14.99,-92.17,244
P012,Cacao,Cacahoatán,2023,Jul,7,102,5.7,85.9,37.1,15.9,147,1.72,25.6,8,0,6,0,Precaución,26.3,85.5,8.06,0.859,14.99,-92.17,244
P012,Cacao,Cacahoatán,2023,Ago,8,103,5.63,84.7,26.8,16,142.9,1.7,25.8,0,0,0,0,Precaución,25.8,86.2,7.13,0.847,14.99,-92.17,244
P012,Cacao,Cacahoatán,2023,Sep,9,104,5.7,88.3,29.9,16.7,148.9,1.67,25.1,0,0,0,0,Atención,25.6,87.7,8.76,0.883,14.99,-92.17,244
P012,Cacao,Cacahoatán,2023,Oct,10,105,5.67,78.6,29.8,16.6,142.8,1.65,25.2,0,0,0,0,Precaución,25.5,86.9,7.7,0.786,14.99,-92.17,244
P012,Cacao,Cacahoatán,2023,Nov,11,106,5.64,58.5,27.7,16.3,146.5,1.66,25.4,0,0,0,0,Precaución,25.1,83.6,1.72,0.585,14.99,-92.17,244
P012,Cacao,Cacahoatán,2023,Dic,12,107,5.72,48.7,28.7,16.9,138.2,1.64,25.4,0,0,0,0,Precaución,25.6,73.9,0.65,0.487,14.99,-92.17,244
P012,Cacao,Cacahoatán,2024,Ene,1,108,5.71,45.8,37,21.4,147.7,1.69,25.7,8,4,6,0,Precaución,25.8,73.9,0.47,0.458,14.99,-92.17,244
P012,Cacao,Cacahoatán,2024,Feb,2,109,5.69,34.2,27.8,17.3,144.8,1.65,26.5,0,0,0,0,Atención,26.4,70.5,0.7,0.342,14.99,-92.17,244
P012,Cacao,Cacahoatán,2024,Mar,3,110,5.66,39.5,28.8,17.3,145.1,1.64,27.4,0,0,0,0,Precaución,28.2,69.8,0.43,0.395,14.99,-92.17,244
P012,Cacao,Cacahoatán,2024,Abr,4,111,5.61,47.4,30.1,18.1,146.8,1.64,28,0,0,0,0,Precaución,28.4,70.3,0,0.474,14.99,-92.17,244
P012,Cacao,Cacahoatán,2024,May,5,112,5.69,60.6,30.2,16.4,139.7,1.69,27.5,0,0,0,0,Precaución,28.7,78.5,3.91,0.606,14.99,-92.17,244
P012,Cacao,Cacahoatán,2024,Jun,6,113,5.64,84.5,30.8,16.8,138.8,1.65,26.3,0,0,0,0,Precaución,26.7,88.4,7.75,0.845,14.99,-92.17,244
P012,Cacao,Cacahoatán,2024,Jul,7,114,5.68,82,39.4,15.2,145.8,1.67,25.5,8,0,6,0,Precaución,26.6,85.1,7.57,0.82,14.99,-92.17,244
P012,Cacao,Cacahoatán,2024,Ago,8,115,5.66,86.1,30.2,17.1,147,1.67,25.3,0,0,0,0,Precaución,25.9,87.7,7.73,0.861,14.99,-92.17,244
P012,Cacao,Cacahoatán,2024,Sep,9,116,5.59,92.1,28.8,16.2,147.7,1.75,25.3,0,0,0,0,Atención,25.7,86.3,10.09,0.921,14.99,-92.17,244
P012,Cacao,Cacahoatán,2024,Oct,10,117,5.68,79.7,28.5,15.7,146.9,1.65,25.3,0,0,0,0,Precaución,25.8,86.4,9.09,0.797,14.99,-92.17,244
P012,Cacao,Cacahoatán,2024,Nov,11,118,5.69,65.9,28.2,16.3,140.4,1.65,25.7,0,0,0,0,Precaución,26,80,1.98,0.659,14.99,-92.17,244
P012,Cacao,Cacahoatán,2024,Dic,12,119,5.59,51.5,29.5,16.9,140.8,1.8,25.4,0,0,0,0,Precaución,26,79.2,0.41,0.515,14.99,-92.17,244
P013,Maíz,Cacahoatán,2015,Ene,1,0,6.38,43,34.1,21.4,142.2,1.47,25.5,0,0,0,0,Óptimo,25.2,73.1,0.2,0.43,14.99,-92.17,244
P013,Maíz,Cacahoatán,2015,Feb,2,1,6.48,39.7,32.7,19.1,135.8,1.48,26.3,0,0,0,0,Óptimo,25.8,70.8,0.53,0.397,14.99,-92.17,244
P013,Maíz,Cacahoatán,2015,Mar,3,2,6.39,34.4,33.5,19.2,134.5,1.57,27,0,0,0,0,Precaución,27.6,69.6,0,0.344,14.99,-92.17,244
P013,Maíz,Cacahoatán,2015,Abr,4,3,6.46,39.7,35.1,20.5,134.5,1.53,27.8,0,0,0,0,Precaución,27.3,71.8,0.77,0.397,14.99,-92.17,244
P013,Maíz,Cacahoatán,2015,May,5,4,6.39,69.9,46.2,20,141.6,1.52,27.3,12,0,8,0,Precaución,27.5,81.2,5.11,0.699,14.99,-92.17,244
P013,Maíz,Cacahoatán,2015,Jun,6,5,6.35,82.1,34.9,20.2,139.1,1.51,26.2,0,0,0,0,Precaución,26.7,84.6,7.97,0.821,14.99,-92.17,244
P013,Maíz,Cacahoatán,2015,Jul,7,6,6.38,89.3,33.1,20,137.4,1.5,25.9,0,0,0,0,Precaución,25.4,85.9,7.25,0.893,14.99,-92.17,244
P013,Maíz,Cacahoatán,2015,Ago,8,7,6.35,78.6,33.5,18.7,139.6,1.54,25.7,0,0,0,0,Precaución,25.2,84.9,7.36,0.786,14.99,-92.17,244
P013,Maíz,Cacahoatán,2015,Sep,9,8,6.39,83.4,45.7,25.6,138.6,1.51,25.7,12,6,8,0,Precaución,25.5,87.4,10.29,0.834,14.99,-92.17,244
P013,Maíz,Cacahoatán,2015,Oct,10,9,6.34,83.3,32.5,19.6,141,1.53,25.5,0,0,0,0,Precaución,25.7,83.1,7.58,0.833,14.99,-92.17,244
P013,Maíz,Cacahoatán,2015,Nov,11,10,6.37,58.5,32.9,19.7,134.7,1.53,24.8,0,0,0,0,Precaución,25.6,83.3,2.22,0.585,14.99,-92.17,244
P013,Maíz,Cacahoatán,2015,Dic,12,11,6.25,51.6,32.3,19.5,132.2,1.53,25.6,0,0,0,0,Precaución,25.2,76.1,0.27,0.516,14.99,-92.17,244
P013,Maíz,Cacahoatán,2016,Ene,1,12,6.38,44.8,45.1,19.2,138.5,1.6,25,12,0,8,0,Precaución,26,71.9,1.59,0.448,14.99,-92.17,244
P013,Maíz,Cacahoatán,2016,Feb,2,13,6.31,37.6,31,19.3,137.2,1.6,26.1,0,0,0,0,Precaución,26.6,70.8,0.5,0.376,14.99,-92.17,244
P013,Maíz,Cacahoatán,2016,Mar,3,14,6.29,35.6,32.5,20,133,1.5,27.1,0,0,0,0,Óptimo,27.8,75,0.51,0.356,14.99,-92.17,244
P013,Maíz,Cacahoatán,2016,Abr,4,15,6.26,44,32.8,19.1,134.8,1.53,27.9,0,0,0,0,Precaución,28.4,71.6,1.39,0.44,14.99,-92.17,244
P013,Maíz,Cacahoatán,2016,May,5,16,6.26,68.8,45.3,24.7,144.9,1.57,27.1,12,6,8,0,Precaución,27.7,79.5,3.71,0.688,14.99,-92.17,244
P013,Maíz,Cacahoatán,2016,Jun,6,17,6.24,87.4,33.1,20.3,136.1,1.58,26,0,0,0,0,Precaución,26.3,85.1,8.16,0.874,14.99,-92.17,244
P013,Maíz,Cacahoatán,2016,Jul,7,18,6.33,81,31.4,19.6,134.2,1.64,25.6,0,0,0,0,Precaución,25.9,86.1,7.24,0.81,14.99,-92.17,244
P013,Maíz,Cacahoatán,2016,Ago,8,19,6.24,82,34.9,18,141.4,1.62,25.5,0,0,0,0,Precaución,25.4,85,8.74,0.82,14.99,-92.17,244
P013,Maíz,Cacahoatán,2016,Sep,9,20,6.29,92.6,43.4,19.6,140.3,1.66,25.3,12,0,8,0,Precaución,25.4,86.1,8.37,0.926,14.99,-92.17,244
P013,Maíz,Cacahoatán,2016,Oct,10,21,6.24,86.1,31.5,19.1,134.9,1.51,25.3,0,0,0,0,Precaución,25.7,84.4,8.04,0.861,14.99,-92.17,244
P013,Maíz,Cacahoatán,2016,Nov,11,22,6.19,64.9,33.3,19.2,129.2,1.61,25.1,0,0,0,0,Precaución,25.6,83.3,1.58,0.649,14.99,-92.17,244
P013,Maíz,Cacahoatán,2016,Dic,12,23,6.2,49.4,34.4,19.4,137.9,1.55,25.5,0,0,0,0,Precaución,25.3,73.8,1.29,0.494,14.99,-92.17,244
P013,Maíz,Cacahoatán,2017,Ene,1,24,6.4,45.5,46.6,25.2,146,1.56,25.5,12,6,8,0.2,Precaución,26.4,75.6,0.36,0.455,14.99,-92.17,244
P013,Maíz,Cacahoatán,2017,Feb,2,25,6.19,35.5,32.2,17.1,133.7,1.64,25.8,0,0,0,0,Precaución,26.1,71.9,1.01,0.355,14.99,-92.17,244
P013,Maíz,Cacahoatán,2017,Mar,3,26,6.15,40.6,33.6,18.8,135.4,1.64,27.7,0,0,0,0,Precaución,27.7,71.3,1.12,0.406,14.99,-92.17,244
P013,Maíz,Cacahoatán,2017,Abr,4,27,6.2,38.2,32.3,19.2,134.8,1.58,27.3,0,0,0,0,Precaución,28.4,66.9,0.41,0.382,14.99,-92.17,244
P013,Maíz,Cacahoatán,2017,May,5,28,6.14,73.8,44.5,18.9,138.1,1.71,27.7,12,0,8,0,Precaución,27.1,80.7,4.54,0.738,14.99,-92.17,244
P013,Maíz,Cacahoatán,2017,Jun,6,29,6.21,83.5,32.6,18.6,138.4,1.61,26,0,0,0,0,Precaución,26.9,84.9,8.33,0.835,14.99,-92.17,244
P013,Maíz,Cacahoatán,2017,Jul,7,30,6.13,79.9,32,19.4,137.4,1.61,25.6,0,0,0,0,Precaución,25.7,84.5,7.89,0.799,14.99,-92.17,244
P013,Maíz,Cacahoatán,2017,Ago,8,31,6.1,84.3,32.5,19,128.9,1.64,25.7,0,0,0,0,Precaución,26.6,88.4,8.31,0.843,14.99,-92.17,244
P013,Maíz,Cacahoatán,2017,Sep,9,32,6.07,89,41.5,23.3,147.1,1.72,24.9,12,6,8,0,Precaución,26,88.1,9.99,0.89,14.99,-92.17,244
P013,Maíz,Cacahoatán,2017,Oct,10,33,6.1,86.1,32.8,19.2,133.3,1.61,25.2,0,0,0,0,Precaución,25.5,85.4,6.83,0.861,14.99,-92.17,244
P013,Maíz,Cacahoatán,2017,Nov,11,34,6.08,68.8,30.8,19.5,132.9,1.68,25.3,0,0,0,0,Precaución,25.5,82.2,1.57,0.688,14.99,-92.17,244
P013,Maíz,Cacahoatán,2017,Dic,12,35,6.18,50.7,31.9,19.6,131.7,1.69,25.2,0,0,0,0,Precaución,25.6,79.1,1.51,0.507,14.99,-92.17,244
P013,Maíz,Cacahoatán,2018,Ene,1,36,6.11,41.5,43.6,18.9,139.4,1.77,25.3,12,0,8,0,Precaución,25.7,75.6,0,0.415,14.99,-92.17,244
P013,Maíz,Cacahoatán,2018,Feb,2,37,6.07,40,31,18,137,1.72,26.2,0,0,0,0,Precaución,26.3,70.1,0.67,0.4,14.99,-92.17,244
P013,Maíz,Cacahoatán,2018,Mar,3,38,6.07,37.7,32,19.2,135.4,1.73,27.5,0,0,0,0,Precaución,26.9,74.7,1.05,0.377,14.99,-92.17,244
P013,Maíz,Cacahoatán,2018,Abr,4,39,6.15,38.8,31.5,17.4,139.5,1.7,27.4,0,0,0,0,Precaución,28,73,0.73,0.388,14.99,-92.17,244
P013,Maíz,Cacahoatán,2018,May,5,40,6.09,72.7,44.1,24.1,142.3,1.68,27.6,12,6,8,0,Precaución,28,79,4.53,0.727,14.99,-92.17,244
P013,Maíz,Cacahoatán,2018,Jun,6,41,6.04,86.4,31.3,18.3,136.9,1.73,26.2,0,0,0,0,Precaución,26.5,85.6,7.95,0.864,14.99,-92.17,244
P013,Maíz,Cacahoatán,2018,Jul,7,42,6.07,84.1,30.9,17.8,140.9,1.74,25.4,0,0,0,0,Precaución,26,84.6,7.5,0.841,14.99,-92.17,244
P013,Maíz,Cacahoatán,2018,Ago,8,43,6.01,83.9,32.5,18.9,135.2,1.74,25.9,0,0,0,0,Precaución,25.7,85.2,7.7,0.839,14.99,-92.17,244
P013,Maíz,Cacahoatán,2018,Sep,9,44,6.06,85.9,43.4,17.7,137.5,1.76,25.9,12,0,8,0,Precaución,25.2,85,9.56,0.859,14.99,-92.17,244
P013,Maíz,Cacahoatán,2018,Oct,10,45,6.07,81.7,32.4,18.1,129.5,1.83,25.4,0,0,0,0,Precaución,25.5,87.2,7.77,0.817,14.99,-92.17,244
P013,Maíz,Cacahoatán,2018,Nov,11,46,5.98,65.5,31.5,19.4,131,1.7,25.1,0,0,0,0,Precaución,25.3,80.6,1.4,0.655,14.99,-92.17,244
P013,Maíz,Cacahoatán,2018,Dic,12,47,5.96,51.1,31.4,17.2,138.5,1.75,25.4,0,0,0,0,Precaución,25.7,80.9,1.28,0.511,14.99,-92.17,244
P013,Maíz,Cacahoatán,2019,Ene,1,48,6.18,46.9,45.9,25.1,134.1,1.73,25.4,12,6,8,0.2,Precaución,25.9,72.6,0.48,0.469,14.99,-92.17,244
P013,Maíz,Cacahoatán,2019,Feb,2,49,5.93,43,30.5,18,135.1,1.78,26,0,0,0,0,Precaución,26.5,72.9,0.96,0.43,14.99,-92.17,244
P013,Maíz,Cacahoatán,2019,Mar,3,50,6.05,35.3,33,18.1,140.5,1.76,27.5,0,0,0,0,Precaución,27.7,67,0.98,0.353,14.99,-92.17,244
P013,Maíz,Cacahoatán,2019,Abr,4,51,5.97,43.4,30.7,19.7,131.2,1.81,27.3,0,0,0,0,Precaución,28.1,73.2,1.66,0.434,14.99,-92.17,244
P013,Maíz,Cacahoatán,2019,May,5,52,5.89,68.6,43.9,17.9,145.2,1.78,27.6,12,0,8,0,Precaución,28,78.3,3.61,0.686,14.99,-92.17,244
P013,Maíz,Cacahoatán,2019,Jun,6,53,5.91,77.8,31.2,19.5,136.6,1.82,26.5,0,0,0,0,Precaución,26.1,79.9,8.02,0.778,14.99,-92.17,244
P013,Maíz,Cacahoatán,2019,Jul,7,54,5.87,84.2,30,17.6,132.5,1.9,25.7,0,0,0,0,Precaución,25.7,87.8,7.27,0.842,14.99,-92.17,244
P013,Maíz,Cacahoatán,2019,Ago,8,55,5.9,83.8,34,18.5,129,1.85,25.2,0,0,0,0,Precaución,26.1,82.3,7.18,0.838,14.99,-92.17,244
P013,Maíz,Cacahoatán,2019,Sep,9,56,5.95,86,43.2,24,144.5,1.83,25.4,12,6,8,0,Precaución,25.5,85.8,9.02,0.86,14.99,-92.17,244
P013,Maíz,Cacahoatán,2019,Oct,10,57,5.88,85,31.9,16.9,136.7,1.77,25,0,0,0,0,Precaución,25.9,86.2,7.44,0.85,14.99,-92.17,244
P013,Maíz,Cacahoatán,2019,Nov,11,58,5.89,68.6,32.5,18.2,133.6,1.82,25.4,0,0,0,0,Precaución,25.7,82.7,1.82,0.686,14.99,-92.17,244
P013,Maíz,Cacahoatán,2019,Dic,12,59,5.96,51.9,30.8,17.2,132.5,1.88,25.6,0,0,0,0,Precaución,25.9,76.1,1.24,0.519,14.99,-92.17,244
P013,Maíz,Cacahoatán,2020,Ene,1,60,5.86,47.1,42.4,17.6,142.7,1.8,25.3,12,0,8,0,Precaución,25.8,75.5,0.78,0.471,14.99,-92.17,244
P013,Maíz,Cacahoatán,2020,Feb,2,61,5.91,42.2,32.7,17.3,133.4,1.85,26.1,0,0,0,0,Precaución,26.6,72.6,0.52,0.422,14.99,-92.17,244
P013,Maíz,Cacahoatán,2020,Mar,3,62,5.81,32.9,31.1,16.5,129,1.85,27.4,0,0,0,0,Atención,27.8,71,0.29,0.329,14.99,-92.17,244
P013,Maíz,Cacahoatán,2020,Abr,4,63,5.83,47.6,29.1,19.3,137.5,1.84,28.2,0,0,0,0,Precaución,27.8,72.2,1.35,0.476,14.99,-92.17,244
P013,Maíz,Cacahoatán,2020,May,5,64,5.84,66.2,41.6,24.1,146.8,1.94,27.3,12,6,8,0,Precaución,28.3,84.3,4.63,0.662,14.99,-92.17,244
P013,Maíz,Cacahoatán,2020,Jun,6,65,5.82,89,29.4,18.3,133.3,1.85,26.2,0,0,0,0,Atención,26.5,83.3,7.44,0.89,14.99,-92.17,244
P013,Maíz,Cacahoatán,2020,Jul,7,66,5.86,80.8,29.9,17.7,131.9,1.88,25.3,0,0,0,0,Precaución,26.2,87,7.69,0.808,14.99,-92.17,244
P013,Maíz,Cacahoatán,2020,Ago,8,67,5.82,82.8,31.3,18.6,139,1.83,26,0,0,0,0,Precaución,26.3,84.7,7.29,0.828,14.99,-92.17,244
P013,Maíz,Cacahoatán,2020,Sep,9,68,5.82,85.2,42.8,18.3,142.1,1.86,25.3,12,0,8,0,Precaución,25.6,87.8,9.27,0.852,14.99,-92.17,244
P013,Maíz,Cacahoatán,2020,Oct,10,69,5.74,82.2,30.4,18.2,137.4,1.97,25.3,0,0,0,0,Precaución,26.1,89.3,7.89,0.822,14.99,-92.17,244
P013,Maíz,Cacahoatán,2020,Nov,11,70,5.78,60.6,31.6,18.2,127.3,1.89,25.4,0,0,0,0,Precaución,26.1,82.6,2.12,0.606,14.99,-92.17,244
P013,Maíz,Cacahoatán,2020,Dic,12,71,5.8,44.5,30.4,18.6,129.4,1.88,25.2,0,0,0,0,Precaución,25.6,78.6,0.6,0.445,14.99,-92.17,244
P013,Maíz,Cacahoatán,2021,Ene,1,72,5.95,43.8,41.5,22.6,145,1.93,24.9,12,6,8,0.2,Precaución,26.1,73.8,0,0.438,14.99,-92.17,244
P013,Maíz,Cacahoatán,2021,Feb,2,73,5.76,33.8,29.5,17.9,128.1,1.9,26.1,0,0,0,0,Atención,26.4,73,0.35,0.338,14.99,-92.17,244
P013,Maíz,Cacahoatán,2021,Mar,3,74,5.88,31.7,30.4,15.8,128.9,1.94,27.4,0,0,0,0,Atención,27.3,72.7,0.28,0.317,14.99,-92.17,244
P013,Maíz,Cacahoatán,2021,Abr,4,75,5.74,42.6,28.9,18.2,133.4,1.92,27.5,0,0,0,0,Precaución,28.3,72.3,0,0.426,14.99,-92.17,244
P013,Maíz,Cacahoatán,2021,May,5,76,5.74,62.7,42.2,18.3,145.2,2.01,27.4,12,0,8,0,Precaución,27.5,84.4,3.34,0.627,14.99,-92.17,244
P013,Maíz,Cacahoatán,2021,Jun,6,77,5.73,87.1,30.3,16.8,140,1.85,26.1,0,0,0,0,Precaución,26.5,81.4,8.43,0.871,14.99,-92.17,244
P013,Maíz,Cacahoatán,2021,Jul,7,78,5.71,81.1,30.3,16.3,127.5,1.99,25.6,0,0,0,0,Precaución,25.7,84.6,5.87,0.811,14.99,-92.17,244
P013,Maíz,Cacahoatán,2021,Ago,8,79,5.72,84.6,29.2,17.6,136,1.95,25.5,0,0,0,0,Precaución,26.4,88.1,8.99,0.846,14.99,-92.17,244
P013,Maíz,Cacahoatán,2021,Sep,9,80,5.7,87.4,41.7,22.9,142,1.98,25,12,6,8,0,Precaución,25.7,89.4,9.04,0.874,14.99,-92.17,244
P013,Maíz,Cacahoatán,2021,Oct,10,81,5.66,83.7,31.4,16.5,120,1.96,25.6,0,0,0,0,Precaución,25.5,84.3,7.49,0.837,14.99,-92.17,244
P013,Maíz,Cacahoatán,2021,Nov,11,82,5.73,64.8,30.4,16.4,124.6,1.91,25.5,0,0,0,0,Precaución,25.5,83.6,2.61,0.648,14.99,-92.17,244
P013,Maíz,Cacahoatán,2021,Dic,12,83,5.71,44.1,30.5,16.9,134.1,1.91,25.6,0,0,0,0,Precaución,25.5,76.7,0.92,0.441,14.99,-92.17,244
P013,Maíz,Cacahoatán,2022,Ene,1,84,5.7,40.1,41.2,17.5,136.9,1.98,25,12,0,8,0,Precaución,26.2,74.8,0.66,0.401,14.99,-92.17,244
P013,Maíz,Cacahoatán,2022,Feb,2,85,5.6,37.7,29.5,18.9,131.9,1.97,26.4,0,0,0,0,Precaución,26.1,73.7,1.43,0.377,14.99,-92.17,244
P013,Maíz,Cacahoatán,2022,Mar,3,86,5.66,35,31.5,15.7,132.8,1.98,27.4,0,0,0,0,Precaución,27.9,68.8,1.53,0.35,14.99,-92.17,244
P013,Maíz,Cacahoatán,2022,Abr,4,87,5.59,37.4,28.9,17,130.1,2.03,27.9,0,0,0,0,Precaución,28.5,72.1,0.58,0.374,14.99,-92.17,244
P013,Maíz,Cacahoatán,2022,May,5,88,5.62,68,43.5,22.9,139.4,2,27.4,12,6,8,0,Precaución,27.4,81.8,3.74,0.68,14.99,-92.17,244
P013,Maíz,Cacahoatán,2022,Jun,6,89,5.66,80.7,29.9,17.2,136.2,2.01,25.6,0,0,0,0,Precaución,26.6,84.4,7.99,0.807,14.99,-92.17,244
P013,Maíz,Cacahoatán,2022,Jul,7,90,5.57,84.7,31.1,16.9,132.5,2.06,25.4,0,0,0,0,Precaución,25.9,87.5,6.71,0.847,14.99,-92.17,244
P013,Maíz,Cacahoatán,2022,Ago,8,91,5.54,86.7,27.8,16.8,142.9,2.03,25.9,0,0,0,0,Precaución,25.9,85.5,7.95,0.867,14.99,-92.17,244
P013,Maíz,Cacahoatán,2022,Sep,9,92,5.62,85.5,42.9,17.1,146.5,2.06,25.3,12,0,8,0,Precaución,25.7,85.7,9.87,0.855,14.99,-92.17,244
P013,Maíz,Cacahoatán,2022,Oct,10,93,5.67,82.5,30.9,17.2,135.3,1.99,25.4,0,0,0,0,Precaución,25.9,86.4,7.22,0.825,14.99,-92.17,244
P013,Maíz,Cacahoatán,2022,Nov,11,94,5.64,61.2,28.7,16.3,134.3,1.99,25.7,0,0,0,0,Precaución,25.9,83.4,2.79,0.612,14.99,-92.17,244
P013,Maíz,Cacahoatán,2022,Dic,12,95,5.58,52.6,28.5,15.7,132.4,2,25.2,0,0,0,0,Precaución,25.5,78.7,1.41,0.526,14.99,-92.17,244
P013,Maíz,Cacahoatán,2023,Ene,1,96,5.76,47.6,42.1,20.7,138.9,2.04,25.9,12,6,8,0.2,Precaución,26.6,74.8,0.76,0.476,14.99,-92.17,244
P013,Maíz,Cacahoatán,2023,Feb,2,97,5.55,36.6,28.9,17.1,132.5,2.07,26.1,0,0,0,0,Precaución,26.1,70.9,0.88,0.366,14.99,-92.17,244
P013,Maíz,Cacahoatán,2023,Mar,3,98,5.61,35.6,29.7,16.3,130.7,2.07,27.1,0,0,0,0,Precaución,28,72,0,0.356,14.99,-92.17,244
P013,Maíz,Cacahoatán,2023,Abr,4,99,5.52,39.9,29.4,17.6,127.4,2.04,28.1,0,0,0,0,Precaución,28.4,71,1.73,0.399,14.99,-92.17,244
P013,Maíz,Cacahoatán,2023,May,5,100,5.5,67.2,41.4,17.2,140.6,2.14,27.4,12,0,8,0,Precaución,27.8,82.8,3.69,0.672,14.99,-92.17,244
P013,Maíz,Cacahoatán,2023,Jun,6,101,5.46,81.6,30.8,15.1,132.6,2.04,26,0,0,0,0,Atención,27.2,86,8.15,0.816,14.99,-92.17,244
P013,Maíz,Cacahoatán,2023,Jul,7,102,5.47,85.2,27.9,17.2,132.6,2.11,25.7,0,0,0,0,Atención,26.4,84.6,7.72,0.852,14.99,-92.17,244
P013,Maíz,Cacahoatán,2023,Ago,8,103,5.46,82.7,30.5,16,134.1,2.16,25.8,0,0,0,0,Atención,25.6,85,7.52,0.827,14.99,-92.17,244
P013,Maíz,Cacahoatán,2023,Sep,9,104,5.54,91.2,39.2,20.9,143.1,2.06,25.3,12,6,8,0,Atención,25.5,86.9,8.52,0.912,14.99,-92.17,244
P013,Maíz,Cacahoatán,2023,Oct,10,105,5.46,77.9,27.7,17.2,135.8,2.12,25.5,0,0,0,0,Atención,26.5,85.5,7.13,0.779,14.99,-92.17,244
P013,Maíz,Cacahoatán,2023,Nov,11,106,5.38,66.1,28,16.6,126.6,2.09,25.7,0,0,0,0,Atención,25.1,83.1,1.91,0.661,14.99,-92.17,244
P013,Maíz,Cacahoatán,2023,Dic,12,107,5.44,52.4,25.2,17.2,133.5,2.13,25.6,0,0,0,0,Atención,25.2,74.3,0.53,0.524,14.99,-92.17,244
P013,Maíz,Cacahoatán,2024,Ene,1,108,5.5,41.8,41.3,16.2,139.7,2.16,25.6,12,0,8,0,Precaución,26,73.7,0.68,0.418,14.99,-92.17,244
P013,Maíz,Cacahoatán,2024,Feb,2,109,5.38,37,29.8,16.8,130.4,2.04,25.9,0,0,0,0,Atención,26.8,71.7,0,0.37,14.99,-92.17,244
P013,Maíz,Cacahoatán,2024,Mar,3,110,5.45,35.3,27.3,16.2,135.1,2.13,27.5,0,0,0,0,Atención,27.9,72.2,0.76,0.353,14.99,-92.17,244
P013,Maíz,Cacahoatán,2024,Abr,4,111,5.42,39.3,28.8,15.9,131.7,2.21,27.8,0,0,0,0,Atención,29,70,1.33,0.393,14.99,-92.17,244
P013,Maíz,Cacahoatán,2024,May,5,112,5.4,67.3,39.5,23,141.2,2.05,27.5,12,6,8,0,Atención,27.7,79.2,4.55,0.673,14.99,-92.17,244
P013,Maíz,Cacahoatán,2024,Jun,6,113,5.43,82.4,27.7,16.3,135.2,2.17,26.3,0,0,0,0,Atención,26.2,87.2,8.84,0.824,14.99,-92.17,244
P013,Maíz,Cacahoatán,2024,Jul,7,114,5.43,83.4,29.1,17.5,135,2.13,25.5,0,0,0,0,Atención,26,87.9,7.37,0.834,14.99,-92.17,244
P013,Maíz,Cacahoatán,2024,Ago,8,115,5.42,83.7,30.8,15.4,134.1,2.18,26.1,0,0,0,0,Atención,26,89.2,7.59,0.837,14.99,-92.17,244
P013,Maíz,Cacahoatán,2024,Sep,9,116,5.4,86.9,38.9,15.5,134.8,2.15,25.9,12,0,8,0,Atención,25.7,86.2,9.99,0.869,14.99,-92.17,244
P013,Maíz,Cacahoatán,2024,Oct,10,117,5.32,81.6,28.2,15.8,125.9,2.14,25.9,0,0,0,0,Atención,26.3,85.5,8.04,0.816,14.99,-92.17,244
P013,Maíz,Cacahoatán,2024,Nov,11,118,5.4,63.8,25.5,14.9,131,2.22,25.6,0,0,0,0,Atención,26,77.5,1.91,0.638,14.99,-92.17,244
P013,Maíz,Cacahoatán,2024,Dic,12,119,5.32,47.5,27.9,15.8,133.4,2.19,25.5,0,0,0,0,Atención,25.2,74.5,1.71,0.475,14.99,-92.17,244
P014,Plátano,Cacahoatán,2015,Ene,1,0,6.08,40.9,35.1,14.8,195.3,1.25,25.1,0,0,0,0,Precaución,25.6,75.4,0.02,0.409,14.99,-92.17,244
P014,Plátano,Cacahoatán,2015,Feb,2,1,6.01,33.3,36.4,14.8,191,1.28,26,0,0,0,0,Precaución,26.4,69.4,0,0.333,14.99,-92.17,244
P014,Plátano,Cacahoatán,2015,Mar,3,2,6.09,31.5,35.5,16.8,190.3,1.31,26.9,0,0,0,0,Precaución,27.5,69.1,1.07,0.315,14.99,-92.17,244
P014,Plátano,Cacahoatán,2015,Abr,4,3,6.11,37.6,36.5,16.3,215.2,1.32,28.2,0,0,12,0,Óptimo,27.8,70.6,0.87,0.376,14.99,-92.17,244
P014,Plátano,Cacahoatán,2015,May,5,4,6.04,67.8,44.8,15.2,193.1,1.32,27.5,10,0,0,0,Óptimo,27.7,77.8,4.76,0.678,14.99,-92.17,244
P014,Plátano,Cacahoatán,2015,Jun,6,5,6.06,85.6,33.4,14.7,198.5,1.36,26.1,0,0,0,0,Precaución,25.9,85,7.97,0.856,14.99,-92.17,244
P014,Plátano,Cacahoatán,2015,Jul,7,6,6.06,83.1,36.1,15,201.9,1.32,25.3,0,0,12,0,Óptimo,26,82.7,6.71,0.831,14.99,-92.17,244
P014,Plátano,Cacahoatán,2015,Ago,8,7,6.05,87.2,35.4,14.5,197.8,1.27,25.6,0,0,0,0,Precaución,25.5,86.8,7.39,0.872,14.99,-92.17,244
P014,Plátano,Cacahoatán,2015,Sep,9,8,6.02,89.5,45.8,19,196.4,1.3,24.9,10,4,0,0,Precaución,25.9,82.6,9.13,0.895,14.99,-92.17,244
P014,Plátano,Cacahoatán,2015,Oct,10,9,6.01,79.8,34.4,15.1,208.5,1.32,25.1,0,0,12,0,Óptimo,25.8,86.9,7.23,0.798,14.99,-92.17,244
P014,Plátano,Cacahoatán,2015,Nov,11,10,5.97,68.5,32.7,14.5,190.7,1.29,25.2,0,0,0,0,Precaución,25.6,81.6,1.99,0.685,14.99,-92.17,244
P014,Plátano,Cacahoatán,2015,Dic,12,11,5.96,43.4,33.6,13.9,194.4,1.37,25.3,0,0,0,0,Precaución,25.3,72.9,0.61,0.434,14.99,-92.17,244
P014,Plátano,Cacahoatán,2016,Ene,1,12,6.01,41.3,43.3,15.7,206.4,1.3,25,10,0,12,0,Óptimo,25.8,71.5,0.08,0.413,14.99,-92.17,244
P014,Plátano,Cacahoatán,2016,Feb,2,13,5.93,37.3,34.9,16.2,193.4,1.36,26.1,0,0,0,0,Precaución,26.4,71.3,0.21,0.373,14.99,-92.17,244
P014,Plátano,Cacahoatán,2016,Mar,3,14,5.94,39,33.1,15.9,192.2,1.29,26.9,0,0,0,0,Precaución,27.5,68.6,0.07,0.39,14.99,-92.17,244
P014,Plátano,Cacahoatán,2016,Abr,4,15,5.91,38.2,35.7,15.3,211.6,1.33,27.8,0,0,12,0,Precaución,28.4,74.2,0,0.382,14.99,-92.17,244
P014,Plátano,Cacahoatán,2016,May,5,16,5.89,64.7,44.8,19.1,200.4,1.37,27.5,10,4,0,0,Precaución,27.8,81.6,4.33,0.647,14.99,-92.17,244
P014,Plátano,Cacahoatán,2016,Jun,6,17,5.94,85.3,32.5,15.6,199.1,1.34,25.8,0,0,0,0,Precaución,26.2,89.8,8.67,0.853,14.99,-92.17,244
P014,Plátano,Cacahoatán,2016,Jul,7,18,5.92,79,33.5,14.3,206.1,1.4,25.9,0,0,12,0,Precaución,25.9,85.5,7.33,0.79,14.99,-92.17,244
P014,Plátano,Cacahoatán,2016,Ago,8,19,5.9,82.6,35.7,16.4,191.5,1.45,25.7,0,0,0,0,Precaución,25.8,88.7,8.33,0.826,14.99,-92.17,244
P014,Plátano,Cacahoatán,2016,Sep,9,20,5.94,85.7,44.5,14.5,198.3,1.43,25,10,0,0,0,Precaución,25.8,85.6,9.01,0.857,14.99,-92.17,244
P014,Plátano,Cacahoatán,2016,Oct,10,21,5.95,86.9,35.2,14.9,214.5,1.33,25.2,0,0,12,0,Precaución,25.6,84.3,7.09,0.869,14.99,-92.17,244
P014,Plátano,Cacahoatán,2016,Nov,11,22,5.9,64.5,31.4,16.1,194.5,1.32,25.2,0,0,0,0,Precaución,25,82.8,2.82,0.645,14.99,-92.17,244
P014,Plátano,Cacahoatán,2016,Dic,12,23,5.96,50.5,34,14.7,193.8,1.35,25,0,0,0,0,Precaución,26,76.7,1.25,0.505,14.99,-92.17,244
P014,Plátano,Cacahoatán,2017,Ene,1,24,5.89,42.7,45.4,18.5,212.8,1.33,25.6,10,4,12,0,Precaución,25.4,72.1,0.53,0.427,14.99,-92.17,244
P014,Plátano,Cacahoatán,2017,Feb,2,25,5.96,33.7,34.1,15.9,195.9,1.36,26.3,0,0,0,0,Precaución,26.6,73.1,0,0.337,14.99,-92.17,244
P014,Plátano,Cacahoatán,2017,Mar,3,26,5.88,38.6,35.1,13.4,201.4,1.35,27.1,0,0,0,0,Precaución,28.2,67.1,0.8,0.386,14.99,-92.17,244
P014,Plátano,Cacahoatán,2017,Abr,4,27,5.89,35.6,33.4,15.8,205.1,1.42,27.8,0,0,12,0,Precaución,27.8,71.6,0.37,0.356,14.99,-92.17,244
P014,Plátano,Cacahoatán,2017,May,5,28,5.8,67.9,42.3,16.5,197.5,1.4,27.5,10,0,0,0,Precaución,27.6,80.3,3.98,0.679,14.99,-92.17,244
P014,Plátano,Cacahoatán,2017,Jun,6,29,5.88,88.1,33.4,14.1,190.3,1.45,26.4,0,0,0,0,Atención,26.6,85.5,8.03,0.881,14.99,-92.17,244
P014,Plátano,Cacahoatán,2017,Jul,7,30,5.85,85.9,34.4,15.6,203,1.44,25.5,0,0,12,0,Precaución,25.9,91.4,7.69,0.859,14.99,-92.17,244
P014,Plátano,Cacahoatán,2017,Ago,8,31,5.83,83.5,34.4,13.8,195.4,1.41,25.2,0,0,0,0,Precaución,26.6,84.9,8.26,0.835,14.99,-92.17,244
P014,Plátano,Cacahoatán,2017,Sep,9,32,5.83,85.9,44.1,19.5,196.2,1.45,25.3,10,4,0,0,Precaución,25.9,88.7,9.56,0.859,14.99,-92.17,244
P014,Plátano,Cacahoatán,2017,Oct,10,33,5.84,81.8,34.2,15,199,1.5,25.5,0,0,12,0,Precaución,25.9,85.1,8.47,0.818,14.99,-92.17,244
P014,Plátano,Cacahoatán,2017,Nov,11,34,5.78,65.2,33.7,15,200.8,1.42,25,0,0,0,0,Precaución,25.7,80.8,2.68,0.652,14.99,-92.17,244
P014,Plátano,Cacahoatán,2017,Dic,12,35,5.88,53.2,33.3,14.1,188.9,1.41,25.2,0,0,0,0,Precaución,25.5,75.6,1.12,0.532,14.99,-92.17,244
P014,Plátano,Cacahoatán,2018,Ene,1,36,5.9,35.6,42.7,14.2,201.8,1.44,25.4,10,0,12,0.12,Precaución,25.5,75.5,1.08,0.356,14.99,-92.17,244
P014,Plátano,Cacahoatán,2018,Feb,2,37,5.81,39.6,33.5,14.8,195.4,1.5,26.4,0,0,0,0,Precaución,26.6,72.8,0,0.396,14.99,-92.17,244
P014,Plátano,Cacahoatán,2018,Mar,3,38,5.84,32.9,32.7,15,194,1.44,27.2,0,0,0,0,Precaución,27.9,69.9,0.52,0.329,14.99,-92.17,244
P014,Plátano,Cacahoatán,2018,Abr,4,39,5.83,36.5,35.5,15.8,210.8,1.42,27.8,0,0,12,0,Precaución,29,72.2,0.65,0.365,14.99,-92.17,244
P014,Plátano,Cacahoatán,2018,May,5,40,5.85,69.1,43.7,19,183.4,1.51,27.5,10,4,0,0,Precaución,27.5,81,4.78,0.691,14.99,-92.17,244
P014,Plátano,Cacahoatán,2018,Jun,6,41,5.71,91.8,33.1,13,193.8,1.55,26.1,0,0,0,0,Atención,26.3,86.9,8.2,0.918,14.99,-92.17,244
P014,Plátano,Cacahoatán,2018,Jul,7,42,5.81,83.3,33.9,13.9,211.6,1.42,25,0,0,12,0,Precaución,26.5,84.2,7.18,0.833,14.99,-92.17,244
P014,Plátano,Cacahoatán,2018,Ago,8,43,5.7,82.3,32.4,14.9,190.8,1.45,25.6,0,0,0,0,Precaución,25.8,86.4,8.11,0.823,14.99,-92.17,244
P014,Plátano,Cacahoatán,2018,Sep,9,44,5.74,87.7,44.3,15.3,187.3,1.53,25.2,10,0,0,0,Precaución,26,89.8,9.83,0.877,14.99,-92.17,244
P014,Plátano,Cacahoatán,2018,Oct,10,45,5.8,82.2,31.9,13.7,207.4,1.49,25.1,0,0,12,0,Precaución,25.8,83,7.99,0.822,14.99,-92.17,244
P014,Plátano,Cacahoatán,2018,Nov,11,46,5.83,69,35,13.8,193.2,1.5,24.8,0,0,0,0,Precaución,25.8,84.1,2.43,0.69,14.99,-92.17,244
P014,Plátano,Cacahoatán,2018,Dic,12,47,5.79,47.2,32.8,15.1,185.9,1.54,25.1,0,0,0,0,Precaución,25.9,76.1,1.14,0.472,14.99,-92.17,244
P014,Plátano,Cacahoatán,2019,Ene,1,48,5.77,39.8,43.5,18.3,208.2,1.49,25.2,10,4,12,0,Precaución,25.3,73.9,0,0.398,14.99,-92.17,244
P014,Plátano,Cacahoatán,2019,Feb,2,49,5.69,38,33.4,13.7,192,1.47,26.1,0,0,0,0,Precaución,26.2,74.3,0,0.38,14.99,-92.17,244
P014,Plátano,Cacahoatán,2019,Mar,3,50,5.73,31,33.3,14.7,192.3,1.58,26.9,0,0,0,0,Atención,28,66.5,1.34,0.31,14.99,-92.17,244
P014,Plátano,Cacahoatán,2019,Abr,4,51,5.77,37.3,33.9,15,206.3,1.52,27.9,0,0,12,0,Precaución,28,68.9,1.21,0.373,14.99,-92.17,244
P014,Plátano,Cacahoatán,2019,May,5,52,5.7,69.2,42.2,14.6,191.2,1.6,27.3,10,0,0,0,Atención,27.5,76.3,4.71,0.692,14.99,-92.17,244
P014,Plátano,Cacahoatán,2019,Jun,6,53,5.75,82.1,35.1,14,186.6,1.56,26.4,0,0,0,0,Atención,26.8,81.9,8.44,0.821,14.99,-92.17,244
P014,Plátano,Cacahoatán,2019,Jul,7,54,5.78,80.6,32.5,15.4,205.7,1.61,25.6,0,0,12,0,Precaución,25.8,89,8.78,0.806,14.99,-92.17,244
P014,Plátano,Cacahoatán,2019,Ago,8,55,5.76,89.1,33.3,14.4,195.5,1.48,25.6,0,0,0,0,Atención,25.9,88.7,7.21,0.891,14.99,-92.17,244
P014,Plátano,Cacahoatán,2019,Sep,9,56,5.68,91.3,45.4,17.7,196.6,1.64,25.3,10,4,0,0,Atención,26.2,84.7,9.72,0.913,14.99,-92.17,244
P014,Plátano,Cacahoatán,2019,Oct,10,57,5.74,82.7,33.8,15,209.2,1.52,25.5,0,0,12,0,Precaución,25.9,85.6,7.49,0.827,14.99,-92.17,244
P014,Plátano,Cacahoatán,2019,Nov,11,58,5.71,71.4,34,13.4,187.4,1.59,25.2,0,0,0,0,Atención,25.8,82,0.81,0.714,14.99,-92.17,244
P014,Plátano,Cacahoatán,2019,Dic,12,59,5.72,42.5,33.7,13.9,195.5,1.58,25.1,0,0,0,0,Atención,25.4,77.7,1.45,0.425,14.99,-92.17,244
P014,Plátano,Cacahoatán,2020,Ene,1,60,5.68,40.5,43,13.9,201,1.59,24.8,10,0,12,0,Atención,25.6,70.8,0.24,0.405,14.99,-92.17,244
P014,Plátano,Cacahoatán,2020,Feb,2,61,5.63,42,33.5,13.4,191.5,1.53,26.3,0,0,0,0,Atención,26.2,73.3,0,0.42,14.99,-92.17,244
P014,Plátano,Cacahoatán,2020,Mar,3,62,5.69,38,32.4,13.8,195.9,1.6,27.5,0,0,0,0,Atención,27.6,70.7,0.5,0.38,14.99,-92.17,244
P014,Plátano,Cacahoatán,2020,Abr,4,63,5.67,38,34.9,13.7,208.5,1.61,27.8,0,0,12,0,Atención,28.2,69.5,1.37,0.38,14.99,-92.17,244
P014,Plátano,Cacahoatán,2020,May,5,64,5.69,65.8,42.7,19,189.2,1.63,27.5,10,4,0,0,Precaución,28.2,80.7,4.76,0.658,14.99,-92.17,244
P014,Plátano,Cacahoatán,2020,Jun,6,65,5.63,83.9,32.2,13.3,189.8,1.65,25.9,0,0,0,0,Atención,26.5,83.5,7.86,0.839,14.99,-92.17,244
P014,Plátano,Cacahoatán,2020,Jul,7,66,5.66,83.2,31.4,13.4,208.6,1.67,25.6,0,0,12,0,Atención,26.5,84.7,7.19,0.832,14.99,-92.17,244
P014,Plátano,Cacahoatán,2020,Ago,8,67,5.66,86.3,32.4,14.3,186.7,1.61,25.6,0,0,0,0,Atención,25.9,85.9,7.03,0.863,14.99,-92.17,244
P014,Plátano,Cacahoatán,2020,Sep,9,68,5.67,86.1,40.9,12.8,190.3,1.69,25.1,10,0,0,0,Atención,25.8,83.8,9.73,0.861,14.99,-92.17,244
P014,Plátano,Cacahoatán,2020,Oct,10,69,5.66,80.1,33,13.5,202.4,1.65,25.4,0,0,12,0,Atención,25.7,85.3,6.61,0.801,14.99,-92.17,244
P014,Plátano,Cacahoatán,2020,Nov,11,70,5.59,67,32.7,13.5,203.9,1.64,25.4,0,0,0,0,Atención,25.8,82.6,1.59,0.67,14.99,-92.17,244
P014,Plátano,Cacahoatán,2020,Dic,12,71,5.6,52.6,33.4,13.7,193,1.65,25.3,0,0,0,0,Atención,25.3,73.4,1.69,0.526,14.99,-92.17,244
P014,Plátano,Cacahoatán,2021,Ene,1,72,5.74,42.8,42.5,17.9,210.7,1.63,25.3,10,4,12,0.12,Precaución,26.4,78.5,0.09,0.428,14.99,-92.17,244
P014,Plátano,Cacahoatán,2021,Feb,2,73,5.67,37.9,31.5,14.9,198.7,1.67,25.9,0,0,0,0,Atención,26,73.1,2.12,0.379,14.99,-92.17,244
P014,Plátano,Cacahoatán,2021,Mar,3,74,5.61,37.9,34.9,14.3,192.6,1.61,27.4,0,0,0,0,Atención,26.8,66.7,0.49,0.379,14.99,-92.17,244
P014,Plátano,Cacahoatán,2021,Abr,4,75,5.56,34.1,32.6,12.6,201.3,1.63,27.8,0,0,12,0,Atención,27.9,69.8,0.53,0.341,14.99,-92.17,244
P014,Plátano,Cacahoatán,2021,May,5,76,5.63,68,40.9,13.2,197,1.59,27.5,10,0,0,0,Atención,27.4,77.1,3.73,0.68,14.99,-92.17,244
P014,Plátano,Cacahoatán,2021,Jun,6,77,5.51,85.1,31,13.9,193,1.61,25.7,0,0,0,0,Atención,26.9,82.3,8.26,0.851,14.99,-92.17,244
P014,Plátano,Cacahoatán,2021,Jul,7,78,5.61,86.2,32.6,14.6,203.2,1.72,25.9,0,0,12,0,Atención,26.1,84.5,7.57,0.862,14.99,-92.17,244
P014,Plátano,Cacahoatán,2021,Ago,8,79,5.54,74.9,30.5,13.8,197.9,1.66,25.7,0,0,0,0,Atención,25.8,85.2,8.19,0.749,14.99,-92.17,244
P014,Plátano,Cacahoatán,2021,Sep,9,80,5.61,87.6,41.7,17.4,189.1,1.62,25.5,10,4,0,0,Precaución,25.8,84.5,8.83,0.876,14.99,-92.17,244
P014,Plátano,Cacahoatán,2021,Oct,10,81,5.63,79.5,31.3,13.7,199.6,1.74,25.7,0,0,12,0,Atención,25.2,86.5,6.34,0.795,14.99,-92.17,244
P014,Plátano,Cacahoatán,2021,Nov,11,82,5.57,62,30.8,14.1,182,1.66,25.1,0,0,0,0,Atención,25.9,84.4,1.81,0.62,14.99,-92.17,244
P014,Plátano,Cacahoatán,2021,Dic,12,83,5.5,47.6,32.8,14.1,190.7,1.67,25.2,0,0,0,0,Atención,25.6,77,0.77,0.476,14.99,-92.17,244
P014,Plátano,Cacahoatán,2022,Ene,1,84,5.56,41.3,41.3,13.3,205.6,1.78,25.9,10,0,12,0,Atención,26.3,75.3,0.65,0.413,14.99,-92.17,244
P014,Plátano,Cacahoatán,2022,Feb,2,85,5.62,42.1,31.5,13.7,192,1.66,26.3,0,0,0,0,Atención,26.9,73,0.24,0.421,14.99,-92.17,244
P014,Plátano,Cacahoatán,2022,Mar,3,86,5.57,33.9,32.7,13.7,197.4,1.73,27.2,0,0,0,0,Atención,28.3,67.9,1.25,0.339,14.99,-92.17,244
P014,Plátano,Cacahoatán,2022,Abr,4,87,5.51,34.9,32.9,13.8,199.5,1.69,27.8,0,0,12,0,Atención,28,70,0.43,0.349,14.99,-92.17,244
P014,Plátano,Cacahoatán,2022,May,5,88,5.58,67.4,40.6,17.8,194.3,1.71,27.4,10,4,0,0,Precaución,27.8,78.7,4.51,0.674,14.99,-92.17,244
P014,Plátano,Cacahoatán,2022,Jun,6,89,5.49,80.1,31.3,14,194.3,1.72,26.7,0,0,0,0,Atención,27.1,85.6,7.87,0.801,14.99,-92.17,244
P014,Plátano,Cacahoatán,2022,Jul,7,90,5.56,81.3,32.2,14,193.4,1.72,25.8,0,0,12,0,Atención,25.6,88.7,8.5,0.813,14.99,-92.17,244
P014,Plátano,Cacahoatán,2022,Ago,8,91,5.51,81.7,32.9,13.7,196.4,1.79,26.1,0,0,0,0,Atención,26.1,83.2,7.01,0.817,14.99,-92.17,244
P014,Plátano,Cacahoatán,2022,Sep,9,92,5.52,90.3,41.5,12.9,186,1.77,24.9,10,0,0,0,Atención,25.9,86.5,10.13,0.903,14.99,-92.17,244
P014,Plátano,Cacahoatán,2022,Oct,10,93,5.48,79.8,33.1,12.6,201.6,1.74,25.6,0,0,12,0,Atención,26.1,85.5,7.31,0.798,14.99,-92.17,244
P014,Plátano,Cacahoatán,2022,Nov,11,94,5.52,67.5,31.7,12.4,187.3,1.77,25.4,0,0,0,0,Atención,25.7,78.6,2.22,0.675,14.99,-92.17,244
P014,Plátano,Cacahoatán,2022,Dic,12,95,5.45,50.4,32.3,14.1,197.2,1.79,25.1,0,0,0,0,Atención,25.6,78.3,0.38,0.504,14.99,-92.17,244
P014,Plátano,Cacahoatán,2023,Ene,1,96,5.43,43.4,40.8,17.6,200.6,1.77,25.8,10,4,12,0,Atención,25.4,74.2,0.72,0.434,14.99,-92.17,244
P014,Plátano,Cacahoatán,2023,Feb,2,97,5.47,37.9,32.2,13.8,185.3,1.77,26.4,0,0,0,0,Atención,25.8,73.4,0.56,0.379,14.99,-92.17,244
P014,Plátano,Cacahoatán,2023,Mar,3,98,5.49,32.3,30.9,12.6,192.5,1.8,26.6,0,0,0,0,Crítico,28.2,71.2,0.2,0.323,14.99,-92.17,244
P014,Plátano,Cacahoatán,2023,Abr,4,99,5.51,40.6,33.2,12,197.6,1.78,28,0,0,12,0,Atención,28.3,71.5,0.34,0.406,14.99,-92.17,244
P014,Plátano,Cacahoatán,2023,May,5,100,5.38,65.7,40.1,11.3,197.1,1.8,27.6,10,0,0,0,Atención,28.1,80.5,3.56,0.657,14.99,-92.17,244
P014,Plátano,Cacahoatán,2023,Jun,6,101,5.48,80.6,30.9,13.5,189.1,1.79,26.2,0,0,0,0,Atención,26.4,85.1,7.19,0.806,14.99,-92.17,244
P014,Plátano,Cacahoatán,2023,Jul,7,102,5.47,84.3,32,13.6,205.4,1.81,25.5,0,0,12,0,Atención,25.6,87,8.06,0.843,14.99,-92.17,244
P014,Plátano,Cacahoatán,2023,Ago,8,103,5.38,80.3,31.4,13,188.7,1.76,25.3,0,0,0,0,Atención,26.2,87.9,7.72,0.803,14.99,-92.17,244
P014,Plátano,Cacahoatán,2023,Sep,9,104,5.36,90,40.9,16.9,193,1.82,25.3,10,4,0,0,Atención,25.3,83,10.15,0.9,14.99,-92.17,244
P014,Plátano,Cacahoatán,2023,Oct,10,105,5.42,76.8,31.1,13.3,201.2,1.72,25,0,0,12,0,Atención,26,88.6,8.77,0.768,14.99,-92.17,244
P014,Plátano,Cacahoatán,2023,Nov,11,106,5.41,61.7,28.3,11.8,184.2,1.86,25.4,0,0,0,0,Atención,25.6,80.6,2.12,0.617,14.99,-92.17,244
P014,Plátano,Cacahoatán,2023,Dic,12,107,5.39,45.8,30.9,13.1,191,1.75,25.6,0,0,0,0,Atención,25.4,75.6,0.27,0.458,14.99,-92.17,244
P014,Plátano,Cacahoatán,2024,Ene,1,108,5.56,43,40.9,12.6,209.1,1.77,25.4,10,0,12,0.12,Atención,25.2,73.7,0,0.43,14.99,-92.17,244
P014,Plátano,Cacahoatán,2024,Feb,2,109,5.4,36,31.4,12.9,187.7,1.9,25.9,0,0,0,0,Atención,26.5,72.8,0.52,0.36,14.99,-92.17,244
P014,Plátano,Cacahoatán,2024,Mar,3,110,5.38,37,29.2,14.1,191.6,1.91,27.2,0,0,0,0,Atención,28.3,74.8,0,0.37,14.99,-92.17,244
P014,Plátano,Cacahoatán,2024,Abr,4,111,5.37,42.8,29.6,12.9,197.3,1.94,27.7,0,0,12,0,Atención,28.1,73.3,0.79,0.428,14.99,-92.17,244
P014,Plátano,Cacahoatán,2024,May,5,112,5.41,71.4,38.9,16.3,190.9,1.9,27.5,10,4,0,0,Atención,28,77.3,4.08,0.714,14.99,-92.17,244
P014,Plátano,Cacahoatán,2024,Jun,6,113,5.39,80.9,30.5,11.6,190.7,1.84,26.3,0,0,0,0,Atención,26.7,84.5,8.74,0.809,14.99,-92.17,244
P014,Plátano,Cacahoatán,2024,Jul,7,114,5.43,81.2,31.4,12,205.5,1.78,25.5,0,0,12,0,Atención,25.6,87.3,7.63,0.812,14.99,-92.17,244
P014,Plátano,Cacahoatán,2024,Ago,8,115,5.37,84.9,31.7,13.8,181.7,1.89,25.6,0,0,0,0,Atención,25.6,85.3,7.81,0.849,14.99,-92.17,244
P014,Plátano,Cacahoatán,2024,Sep,9,116,5.4,87,39.1,12.4,190.1,1.86,25.5,10,0,0,0,Atención,25.5,88.9,9.12,0.87,14.99,-92.17,244
P014,Plátano,Cacahoatán,2024,Oct,10,117,5.4,83.6,31.3,13.6,195,1.87,25.6,0,0,12,0,Atención,25.8,86.7,6.76,0.836,14.99,-92.17,244
P014,Plátano,Cacahoatán,2024,Nov,11,118,5.38,64.1,31.7,12.5,188.8,1.86,25.6,0,0,0,0,Atención,25.6,87,2.38,0.641,14.99,-92.17,244
P014,Plátano,Cacahoatán,2024,Dic,12,119,5.27,51.7,29.3,13.9,186.6,1.83,25.6,0,0,0,0,Atención,26.4,74.3,0.77,0.517,14.99,-92.17,244
P015,Palma,Cacahoatán,2015,Ene,1,0,5.89,37.8,26.8,17.7,130.9,1.54,25.3,0,0,0,0,Precaución,25.9,74.5,0.29,0.378,14.99,-92.17,244
P015,Palma,Cacahoatán,2015,Feb,2,1,5.87,37.9,28.2,14.5,134.2,1.57,26.4,0,0,0,0,Atención,25.7,73.5,0,0.379,14.99,-92.17,244
P015,Palma,Cacahoatán,2015,Mar,3,2,5.83,32.4,26.2,15.9,129.6,1.55,27,0,0,0,0,Atención,27.4,67.1,0.14,0.324,14.99,-92.17,244
P015,Palma,Cacahoatán,2015,Abr,4,3,5.84,41.3,25.1,16.2,139.3,1.57,28.1,0,0,0,0,Precaución,27.3,70.2,1.22,0.413,14.99,-92.17,244
P015,Palma,Cacahoatán,2015,May,5,4,5.84,70.8,26.5,16.3,127.2,1.59,27.8,0,0,0,0,Precaución,27.5,83.4,3.11,0.708,14.99,-92.17,244
P015,Palma,Cacahoatán,2015,Jun,6,5,5.86,92.3,23.4,16,137.7,1.62,25.8,0,0,0,0,Atención,26.6,85.7,7.64,0.923,14.99,-92.17,244
P015,Palma,Cacahoatán,2015,Jul,7,6,5.83,84,30.5,16.4,136.6,1.55,25.4,5,0,7,0,Precaución,25.5,83.3,8.13,0.84,14.99,-92.17,244
P015,Palma,Cacahoatán,2015,Ago,8,7,5.86,93.6,25.7,14.8,142,1.57,25.1,0,0,0,0,Atención,25.6,85.4,7.34,0.936,14.99,-92.17,244
P015,Palma,Cacahoatán,2015,Sep,9,8,5.78,82.8,25.4,15.8,129.2,1.61,25.4,0,0,0,0,Precaución,26.1,87.4,9.74,0.828,14.99,-92.17,244
P015,Palma,Cacahoatán,2015,Oct,10,9,5.81,88.8,25.3,15.4,134,1.58,24.9,0,0,0,0,Atención,25.7,83.4,7.33,0.888,14.99,-92.17,244
P015,Palma,Cacahoatán,2015,Nov,11,10,5.8,67.5,26.4,15.8,134.6,1.59,25.5,0,0,0,0,Precaución,26.1,81,2.3,0.675,14.99,-92.17,244
P015,Palma,Cacahoatán,2015,Dic,12,11,5.86,52.3,29.4,14.6,135.1,1.57,25,0,0,0,0,Atención,25.3,77.9,0.7,0.523,14.99,-92.17,244
P015,Palma,Cacahoatán,2016,Ene,1,12,5.84,41.1,32,16.7,142.9,1.56,25.2,5,3,7,0,Precaución,26,74.7,0.59,0.411,14.99,-92.17,244
P015,Palma,Cacahoatán,2016,Feb,2,13,5.8,34,24.3,15.3,134.9,1.59,26.2,0,0,0,0,Atención,26.9,71.1,0.57,0.34,14.99,-92.17,244
P015,Palma,Cacahoatán,2016,Mar,3,14,5.81,33.4,26.1,15.2,131.8,1.59,27.4,0,0,0,0,Atención,27.3,69.6,0,0.334,14.99,-92.17,244
P015,Palma,Cacahoatán,2016,Abr,4,15,5.82,34.9,26.5,15.3,134.4,1.68,27.7,0,0,0,0,Atención,28,73.6,0.32,0.349,14.99,-92.17,244
P015,Palma,Cacahoatán,2016,May,5,16,5.81,71,27.5,15.2,136.8,1.63,27.5,0,0,0,0,Precaución,27,81.9,4.18,0.71,14.99,-92.17,244
P015,Palma,Cacahoatán,2016,Jun,6,17,5.73,88.3,25.4,13.9,134.5,1.61,26.1,0,0,0,0,Atención,26.7,87.5,8.99,0.883,14.99,-92.17,244
P015,Palma,Cacahoatán,2016,Jul,7,18,5.71,87.4,31.7,14.5,141.2,1.65,25.8,5,0,7,0,Atención,26.3,85.9,8.53,0.874,14.99,-92.17,244
P015,Palma,Cacahoatán,2016,Ago,8,19,5.8,92.3,26.6,15.3,130.1,1.64,25.5,0,0,0,0,Atención,25.5,84.6,8.5,0.923,14.99,-92.17,244
P015,Palma,Cacahoatán,2016,Sep,9,20,5.83,87.7,24.3,16,131.9,1.59,25.4,0,0,0,0,Precaución,25.8,87.6,8.66,0.877,14.99,-92.17,244
P015,Palma,Cacahoatán,2016,Oct,10,21,5.84,77.7,24.1,15.4,130.6,1.66,25.4,0,0,0,0,Precaución,25.2,87.9,6.45,0.777,14.99,-92.17,244
P015,Palma,Cacahoatán,2016,Nov,11,22,5.78,65.4,25.5,15.6,131.9,1.56,25.4,0,0,0,0,Precaución,26.2,82.6,1.67,0.654,14.99,-92.17,244
P015,Palma,Cacahoatán,2016,Dic,12,23,5.75,51.1,25.6,15.3,136.3,1.61,25.4,0,0,0,0,Precaución,25.2,75.8,0.83,0.511,14.99,-92.17,244
P015,Palma,Cacahoatán,2017,Ene,1,24,5.72,36.7,30.6,17.9,140.8,1.69,25.6,5,3,7,0,Precaución,25.9,72,0,0.367,14.99,-92.17,244
P015,Palma,Cacahoatán,2017,Feb,2,25,5.66,40,24.7,15.4,136.7,1.67,26,0,0,0,0,Precaución,26.1,72.3,0.07,0.4,14.99,-92.17,244
P015,Palma,Cacahoatán,2017,Mar,3,26,5.73,35.5,24.9,14.6,131.9,1.63,26.7,0,0,0,0,Atención,27.8,71.6,0,0.355,14.99,-92.17,244
P015,Palma,Cacahoatán,2017,Abr,4,27,5.83,40.1,27.2,14.5,130.6,1.7,27.2,0,0,0,0,Atención,27.7,68.7,1.38,0.401,14.99,-92.17,244
P015,Palma,Cacahoatán,2017,May,5,28,5.73,69.7,24.1,15.6,131.3,1.64,27.8,0,0,0,0,Precaución,27.4,79.1,3.88,0.697,14.99,-92.17,244
P015,Palma,Cacahoatán,2017,Jun,6,29,5.74,85.5,24.4,14.8,138.7,1.63,25.9,0,0,0,0,Atención,26.5,84.2,8.27,0.855,14.99,-92.17,244
P015,Palma,Cacahoatán,2017,Jul,7,30,5.75,80.7,31.2,16.4,134,1.67,26,5,0,7,0,Precaución,25.8,84.7,7.26,0.807,14.99,-92.17,244
P015,Palma,Cacahoatán,2017,Ago,8,31,5.67,83.3,26,13.4,133.1,1.66,25.5,0,0,0,0,Atención,25.6,85,7.64,0.833,14.99,-92.17,244
P015,Palma,Cacahoatán,2017,Sep,9,32,5.75,92.6,25.5,14,137.3,1.58,25.6,0,0,0,0,Atención,25.6,84.4,10.11,0.926,14.99,-92.17,244
P015,Palma,Cacahoatán,2017,Oct,10,33,5.61,86.3,25.4,14.5,131,1.68,25.9,0,0,0,0,Atención,25.4,88.4,7.41,0.863,14.99,-92.17,244
P015,Palma,Cacahoatán,2017,Nov,11,34,5.68,63.1,24.9,14.7,132.4,1.68,25.3,0,0,0,0,Atención,25.7,80.9,2.41,0.631,14.99,-92.17,244
P015,Palma,Cacahoatán,2017,Dic,12,35,5.71,51.3,27.2,16.8,137.7,1.68,25,0,0,0,0,Precaución,25.9,75.6,1.07,0.513,14.99,-92.17,244
P015,Palma,Cacahoatán,2018,Ene,1,36,5.66,44.5,29.5,18.1,137,1.64,25,5,3,7,0,Precaución,26.6,73.8,1.04,0.445,14.99,-92.17,244
P015,Palma,Cacahoatán,2018,Feb,2,37,5.64,41.4,26.9,14.5,135.3,1.63,25.8,0,0,0,0,Atención,26.4,70.5,1.23,0.414,14.99,-92.17,244
P015,Palma,Cacahoatán,2018,Mar,3,38,5.71,42.9,27.1,14,139.1,1.73,27.3,0,0,0,0,Atención,27.6,71.2,0.31,0.429,14.99,-92.17,244
P015,Palma,Cacahoatán,2018,Abr,4,39,5.68,37.1,25.2,15,136.5,1.76,27.6,0,0,0,0,Precaución,28.6,72.5,0.57,0.371,14.99,-92.17,244
P015,Palma,Cacahoatán,2018,May,5,40,5.67,67,28.7,14.8,135.5,1.73,27.5,0,0,0,0,Atención,27.8,83.2,4.69,0.67,14.99,-92.17,244
P015,Palma,Cacahoatán,2018,Jun,6,41,5.75,83,27.4,16.3,127.5,1.68,26.5,0,0,0,0,Precaución,25.5,87.2,7.68,0.83,14.99,-92.17,244
P015,Palma,Cacahoatán,2018,Jul,7,42,5.68,85.3,31.4,15.1,141.8,1.77,25.8,5,0,7,0,Precaución,26.1,86.7,7.37,0.853,14.99,-92.17,244
P015,Palma,Cacahoatán,2018,Ago,8,43,5.73,85.9,24.7,14.8,130.3,1.79,25.9,0,0,0,0,Atención,26.5,85.9,8.05,0.859,14.99,-92.17,244
P015,Palma,Cacahoatán,2018,Sep,9,44,5.68,84.5,27.2,14.8,128.7,1.73,25.6,0,0,0,0,Atención,25,88.2,9.53,0.845,14.99,-92.17,244
P015,Palma,Cacahoatán,2018,Oct,10,45,5.66,82.3,26.3,14.5,136.2,1.63,25.5,0,0,0,0,Atención,25.8,86.9,6.77,0.823,14.99,-92.17,244
P015,Palma,Cacahoatán,2018,Nov,11,46,5.73,68.5,26.9,15.1,131.1,1.77,25.1,0,0,0,0,Precaución,26,83.9,1.37,0.685,14.99,-92.17,244
P015,Palma,Cacahoatán,2018,Dic,12,47,5.63,49.1,25.3,15.2,130.4,1.77,25.5,0,0,0,0,Precaución,25.4,74.4,0.34,0.491,14.99,-92.17,244
P015,Palma,Cacahoatán,2019,Ene,1,48,5.75,43.5,30,19.2,144,1.77,25.5,5,3,7,0.1,Precaución,25.9,77,0,0.435,14.99,-92.17,244
P015,Palma,Cacahoatán,2019,Feb,2,49,5.72,35.9,24.5,15.4,129,1.76,26.1,0,0,0,0,Precaución,26.7,73.2,0,0.359,14.99,-92.17,244
P015,Palma,Cacahoatán,2019,Mar,3,50,5.69,41.2,26.2,12.5,137.9,1.71,26.9,0,0,0,0,Atención,27.6,70.7,1.63,0.412,14.99,-92.17,244
P015,Palma,Cacahoatán,2019,Abr,4,51,5.62,39.6,26.9,14.5,132.9,1.75,27.9,0,0,0,0,Atención,28.4,67.8,0.45,0.396,14.99,-92.17,244
P015,Palma,Cacahoatán,2019,May,5,52,5.67,65.7,25.7,14,131.2,1.77,27.5,0,0,0,0,Atención,28.7,80.8,4.83,0.657,14.99,-92.17,244
P015,Palma,Cacahoatán,2019,Jun,6,53,5.59,84.9,25.3,15.1,137.7,1.79,26.2,0,0,0,0,Precaución,26.5,81.3,8.15,0.849,14.99,-92.17,244
P015,Palma,Cacahoatán,2019,Jul,7,54,5.65,76.3,31.2,14.9,135.9,1.73,25.7,5,0,7,0,Atención,26.6,86.3,7.83,0.763,14.99,-92.17,244
P015,Palma,Cacahoatán,2019,Ago,8,55,5.58,83.7,25.9,16.2,133.8,1.79,26,0,0,0,0,Precaución,25.7,85.5,7.6,0.837,14.99,-92.17,244
P015,Palma,Cacahoatán,2019,Sep,9,56,5.64,90.9,23.5,14.8,131.3,1.77,25.4,0,0,0,0,Atención,25.9,87.6,8.96,0.909,14.99,-92.17,244
P015,Palma,Cacahoatán,2019,Oct,10,57,5.63,83,25.3,13.7,139.5,1.73,25.7,0,0,0,0,Atención,25.2,87.1,7.25,0.83,14.99,-92.17,244
P015,Palma,Cacahoatán,2019,Nov,11,58,5.67,65,24.4,13.5,133.6,1.78,24.8,0,0,0,0,Atención,25.8,79.6,2.15,0.65,14.99,-92.17,244
P015,Palma,Cacahoatán,2019,Dic,12,59,5.6,53.3,25.9,14.5,135.6,1.78,25.3,0,0,0,0,Atención,26.4,76.5,0.45,0.533,14.99,-92.17,244
P015,Palma,Cacahoatán,2020,Ene,1,60,5.61,38.2,28.1,16,138.8,1.78,25.2,5,3,7,0,Precaución,25.7,75.3,0.57,0.382,14.99,-92.17,244
P015,Palma,Cacahoatán,2020,Feb,2,61,5.65,38.9,22.3,15.3,134.3,1.78,26.1,0,0,0,0,Precaución,25.9,70.4,0,0.389,14.99,-92.17,244
P015,Palma,Cacahoatán,2020,Mar,3,62,5.66,34.9,24.6,16.3,126.8,1.85,26.9,0,0,0,0,Atención,28.1,70,0,0.349,14.99,-92.17,244
P015,Palma,Cacahoatán,2020,Abr,4,63,5.6,39.6,26,13.3,129.4,1.76,27.8,0,0,0,0,Atención,27.9,74.1,0.18,0.396,14.99,-92.17,244
P015,Palma,Cacahoatán,2020,May,5,64,5.6,66.6,27.4,13.6,128.3,1.8,27.4,0,0,0,0,Atención,27.8,77.1,3.25,0.666,14.99,-92.17,244
P015,Palma,Cacahoatán,2020,Jun,6,65,5.61,86.8,26.2,14.5,132.6,1.85,26.5,0,0,0,0,Atención,26.5,87.1,8.5,0.868,14.99,-92.17,244
P015,Palma,Cacahoatán,2020,Jul,7,66,5.59,84.9,29.6,15.2,139,1.79,25.9,5,0,7,0,Precaución,25.9,86.3,7.25,0.849,14.99,-92.17,244
P015,Palma,Cacahoatán,2020,Ago,8,67,5.59,85.8,27.2,14.1,136.5,1.78,25.6,0,0,0,0,Atención,25.8,85.7,7.11,0.858,14.99,-92.17,244
P015,Palma,Cacahoatán,2020,Sep,9,68,5.64,88.6,26.9,15.7,137.6,1.77,25.4,0,0,0,0,Atención,25.5,86.9,8.97,0.886,14.99,-92.17,244
P015,Palma,Cacahoatán,2020,Oct,10,69,5.55,84.5,27.6,14.1,129.9,1.84,24.9,0,0,0,0,Atención,26.5,85.1,8.17,0.845,14.99,-92.17,244
P015,Palma,Cacahoatán,2020,Nov,11,70,5.63,70,23.3,14.4,138.9,1.74,25.4,0,0,0,0,Atención,25.2,81.7,2.84,0.7,14.99,-92.17,244
P015,Palma,Cacahoatán,2020,Dic,12,71,5.53,47.3,27.1,14.3,137.9,1.86,25.2,0,0,0,0,Atención,25.6,77.5,0.91,0.473,14.99,-92.17,244
P015,Palma,Cacahoatán,2021,Ene,1,72,5.64,38.9,28.7,17.4,136.8,1.77,25.5,5,3,7,0,Precaución,25.4,76.6,0,0.389,14.99,-92.17,244
P015,Palma,Cacahoatán,2021,Feb,2,73,5.53,36.2,25.7,14.3,128.5,1.86,25.8,0,0,0,0,Atención,26.7,69.2,0.41,0.362,14.99,-92.17,244
P015,Palma,Cacahoatán,2021,Mar,3,74,5.58,29.1,24.4,11.5,130.3,1.85,27.4,0,0,0,0,Atención,27.8,68.7,0.5,0.291,14.99,-92.17,244
P015,Palma,Cacahoatán,2021,Abr,4,75,5.6,37.7,26.6,13.7,131.8,1.84,27.9,0,0,0,0,Atención,28.6,72.1,0.03,0.377,14.99,-92.17,244
P015,Palma,Cacahoatán,2021,May,5,76,5.58,61.5,22.3,14.4,129.8,1.89,27.3,0,0,0,0,Atención,28.3,78.1,4.01,0.615,14.99,-92.17,244
P015,Palma,Cacahoatán,2021,Jun,6,77,5.51,83.4,25.3,14.2,128,1.88,26,0,0,0,0,Atención,25.7,81.5,7.39,0.834,14.99,-92.17,244
P015,Palma,Cacahoatán,2021,Jul,7,78,5.51,80.1,30.4,14.3,134.2,1.86,25.5,5,0,7,0,Atención,26.3,87.2,7.92,0.801,14.99,-92.17,244
P015,Palma,Cacahoatán,2021,Ago,8,79,5.52,80.7,24.5,15.2,130.6,1.84,25.6,0,0,0,0,Precaución,26.3,87.4,6.61,0.807,14.99,-92.17,244
P015,Palma,Cacahoatán,2021,Sep,9,80,5.57,89.8,25.5,13.3,130.7,1.86,25.2,0,0,0,0,Atención,26,91.1,8.71,0.898,14.99,-92.17,244
P015,Palma,Cacahoatán,2021,Oct,10,81,5.53,78,25.2,12.6,128.8,1.88,25.4,0,0,0,0,Atención,25.6,86.3,7.48,0.78,14.99,-92.17,244
P015,Palma,Cacahoatán,2021,Nov,11,82,5.56,64.1,23.9,14.4,125.6,1.89,25,0,0,0,0,Atención,25.2,79.1,2.05,0.641,14.99,-92.17,244
P015,Palma,Cacahoatán,2021,Dic,12,83,5.47,50,25.9,13.7,136,1.87,25.4,0,0,0,0,Atención,26.1,72.5,0,0.5,14.99,-92.17,244
P015,Palma,Cacahoatán,2022,Ene,1,84,5.57,42.3,28.6,15.6,140.6,1.88,25.5,5,3,7,0,Precaución,26,73.1,0.74,0.423,14.99,-92.17,244
P015,Palma,Cacahoatán,2022,Feb,2,85,5.52,35.5,26.6,15.6,128.5,1.88,26.1,0,0,0,0,Precaución,26.5,69.3,0,0.355,14.99,-92.17,244
P015,Palma,Cacahoatán,2022,Mar,3,86,5.48,33,26.1,12.5,133.8,1.86,27.6,0,0,0,0,Crítico,28,68.8,0,0.33,14.99,-92.17,244
P015,Palma,Cacahoatán,2022,Abr,4,87,5.6,33.3,24.6,13.1,138.4,1.91,28.1,0,0,0,0,Atención,28.1,71.8,0,0.333,14.99,-92.17,244
P015,Palma,Cacahoatán,2022,May,5,88,5.42,64.4,26.7,14.3,134,1.96,27.6,0,0,0,0,Atención,27.9,79.7,3.95,0.644,14.99,-92.17,244
P015,Palma,Cacahoatán,2022,Jun,6,89,5.62,88.5,24.4,14,122.7,1.98,26,0,0,0,0,Atención,26.3,86.3,7.96,0.885,14.99,-92.17,244
P015,Palma,Cacahoatán,2022,Jul,7,90,5.56,78.2,32.7,13.5,143.6,1.92,25.8,5,0,7,0,Atención,26,84.5,7.35,0.782,14.99,-92.17,244
P015,Palma,Cacahoatán,2022,Ago,8,91,5.55,82.2,27.3,14.4,125.8,1.87,25.7,0,0,0,0,Atención,26.1,86.3,7.39,0.822,14.99,-92.17,244
P015,Palma,Cacahoatán,2022,Sep,9,92,5.48,90.1,27.4,14,136.6,1.96,25.5,0,0,0,0,Crítico,25.3,90,9.52,0.901,14.99,-92.17,244
P015,Palma,Cacahoatán,2022,Oct,10,93,5.53,75.7,25,13.3,123,1.99,25.9,0,0,0,0,Atención,25.4,85.1,7.24,0.757,14.99,-92.17,244
P015,Palma,Cacahoatán,2022,Nov,11,94,5.52,62.2,23.3,14,136.8,1.92,25.7,0,0,0,0,Atención,25.5,79.1,2.52,0.622,14.99,-92.17,244
P015,Palma,Cacahoatán,2022,Dic,12,95,5.4,43.4,24.8,12.5,128,1.91,25,0,0,0,0,Atención,26.2,73.2,0.99,0.434,14.99,-92.17,244
P015,Palma,Cacahoatán,2023,Ene,1,96,5.58,42.7,30.8,17.6,138.6,1.94,25.9,5,3,7,0.1,Precaución,26.2,75.3,0.32,0.427,14.99,-92.17,244
P015,Palma,Cacahoatán,2023,Feb,2,97,5.49,38.6,25.4,12.9,132.7,1.95,26,0,0,0,0,Atención,26,73.3,0.44,0.386,14.99,-92.17,244
P015,Palma,Cacahoatán,2023,Mar,3,98,5.5,35.4,23.1,13.2,126.2,1.98,27.7,0,0,0,0,Atención,27.5,69.3,0.56,0.354,14.99,-92.17,244
P015,Palma,Cacahoatán,2023,Abr,4,99,5.42,42.4,24.5,14.5,136.1,1.93,28.4,0,0,0,0,Atención,28.2,74.2,1.32,0.424,14.99,-92.17,244
P015,Palma,Cacahoatán,2023,May,5,100,5.44,67,25.7,14,129.8,1.98,27.1,0,0,0,0,Atención,27.7,79.2,4.47,0.67,14.99,-92.17,244
P015,Palma,Cacahoatán,2023,Jun,6,101,5.43,85.3,23.5,14.5,131.4,1.96,26,0,0,0,0,Atención,26.5,85.2,8.09,0.853,14.99,-92.17,244
P015,Palma,Cacahoatán,2023,Jul,7,102,5.43,81.8,28.9,14.3,136.7,1.94,26.1,5,0,7,0,Atención,26,86.3,7.76,0.818,14.99,-92.17,244
P015,Palma,Cacahoatán,2023,Ago,8,103,5.5,85.9,24.5,14.7,129.4,1.97,25.6,0,0,0,0,Atención,26.1,86.3,7.67,0.859,14.99,-92.17,244
P015,Palma,Cacahoatán,2023,Sep,9,104,5.46,89.9,23.9,14.4,131.8,1.95,25.7,0,0,0,0,Crítico,25.8,90.9,9.33,0.899,14.99,-92.17,244
P015,Palma,Cacahoatán,2023,Oct,10,105,5.4,82.6,27.1,14.5,133.1,1.99,25.6,0,0,0,0,Atención,25.7,81.8,7.74,0.826,14.99,-92.17,244
P015,Palma,Cacahoatán,2023,Nov,11,106,5.42,66.2,26.6,14.4,129.3,1.92,25.9,0,0,0,0,Atención,26.1,84.6,1.9,0.662,14.99,-92.17,244
P015,Palma,Cacahoatán,2023,Dic,12,107,5.47,50.6,23.9,14.1,123.6,1.98,25.6,0,0,0,0,Atención,26.1,75.4,1.14,0.506,14.99,-92.17,244
P015,Palma,Cacahoatán,2024,Ene,1,108,5.5,40.6,29.4,16.6,136.5,1.96,25.8,5,3,7,0,Precaución,26.1,72.8,0,0.406,14.99,-92.17,244
P015,Palma,Cacahoatán,2024,Feb,2,109,5.41,40.6,23.8,13.2,129.2,1.99,26.4,0,0,0,0,Atención,26.3,71.9,0.33,0.406,14.99,-92.17,244
P015,Palma,Cacahoatán,2024,Mar,3,110,5.46,35.8,22.8,13,133.5,1.98,27.6,0,0,0,0,Atención,27.5,70.5,0.43,0.358,14.99,-92.17,244
P015,Palma,Cacahoatán,2024,Abr,4,111,5.32,43.6,24.9,15.4,131.6,1.99,27.8,0,0,0,0,Atención,27.8,75.5,0,0.436,14.99,-92.17,244
P015,Palma,Cacahoatán,2024,May,5,112,5.39,68.8,23.9,13.8,130.1,2.03,27.5,0,0,0,0,Atención,27.7,76.6,4.58,0.688,14.99,-92.17,244
P015,Palma,Cacahoatán,2024,Jun,6,113,5.43,86.5,24.9,13.4,130.1,2.02,25.7,0,0,0,0,Atención,26.6,81.5,7.71,0.865,14.99,-92.17,244
P015,Palma,Cacahoatán,2024,Jul,7,114,5.45,85.5,30.6,12.3,144.2,2.01,25.4,5,0,7,0,Atención,25.7,86.5,7.73,0.855,14.99,-92.17,244
P015,Palma,Cacahoatán,2024,Ago,8,115,5.42,83,24.4,13.8,133.3,2.02,25.3,0,0,0,0,Atención,26.4,86.7,7.07,0.83,14.99,-92.17,244
P015,Palma,Cacahoatán,2024,Sep,9,116,5.43,83.6,23.6,13.7,133.2,2.07,25.6,0,0,0,0,Atención,25.2,85.6,7.95,0.836,14.99,-92.17,244
P015,Palma,Cacahoatán,2024,Oct,10,117,5.4,82.5,24.2,14.3,132.3,2.04,25.5,0,0,0,0,Atención,26,84.5,7.96,0.825,14.99,-92.17,244
P015,Palma,Cacahoatán,2024,Nov,11,118,5.37,64,25.1,15,136.5,2,25.3,0,0,0,0,Atención,26,81.2,2.19,0.64,14.99,-92.17,244
P015,Palma,Cacahoatán,2024,Dic,12,119,5.41,52.7,24.7,14.6,134.8,2.1,25.3,0,0,0,0,Atención,25.3,71.9,0.72,0.527,14.99,-92.17,244
P016,Plátano,Huehuetán,2015,Ene,1,0,5.96,43.5,38.6,18.4,194.8,1.31,26.7,0,0,0,0,Precaución,26.8,74,0.07,0.435,15.07,-92.41,45
P016,Plátano,Huehuetán,2015,Feb,2,1,6.01,36.7,37.9,17.2,196.2,1.21,27.3,0,0,0,0,Óptimo,27.4,73.5,0.08,0.367,15.07,-92.41,45
P016,Plátano,Huehuetán,2015,Mar,3,2,6.01,31.5,36.7,17.4,196.3,1.22,28.8,0,0,0,0,Precaución,28.6,68.6,0,0.315,15.07,-92.41,45
P016,Plátano,Huehuetán,2015,Abr,4,3,6.08,35.2,39.6,18.8,207.6,1.33,29,0,0,12,0,Óptimo,29.1,73.4,0.68,0.352,15.07,-92.41,45
P016,Plátano,Huehuetán,2015,May,5,4,6.02,67.6,47,17.4,195.7,1.22,28.4,10,0,0,0,Óptimo,28.4,79.3,3.44,0.676,15.07,-92.41,45
P016,Plátano,Huehuetán,2015,Jun,6,5,6.03,84.2,37,16.7,191.3,1.31,27.6,0,0,0,0,Óptimo,27.7,85.1,8.41,0.842,15.07,-92.41,45
P016,Plátano,Huehuetán,2015,Jul,7,6,6.03,82.8,36.3,17.7,199.3,1.39,26.4,0,0,12,0,Óptimo,27.7,82.9,8.06,0.828,15.07,-92.41,45
P016,Plátano,Huehuetán,2015,Ago,8,7,5.87,84.9,36.3,15.6,201.5,1.41,26.5,0,0,0,0,Precaución,27,88.6,8.23,0.849,15.07,-92.41,45
P016,Plátano,Huehuetán,2015,Sep,9,8,5.94,90.9,48.8,20,197.7,1.3,26.2,10,4,0,0,Precaución,26.6,89,9.67,0.909,15.07,-92.41,45
P016,Plátano,Huehuetán,2015,Oct,10,9,5.94,81.1,34.6,16.6,208.6,1.26,26.8,0,0,12,0,Precaución,26.8,83.4,7.42,0.811,15.07,-92.41,45
P016,Plátano,Huehuetán,2015,Nov,11,10,5.95,67.3,35.5,15.8,193.9,1.26,26.6,0,0,0,0,Precaución,26.6,81.7,2.22,0.673,15.07,-92.41,45
P016,Plátano,Huehuetán,2015,Dic,12,11,5.89,50.5,38.1,16.4,207.3,1.33,26.6,0,0,0,0,Precaución,26.5,75.9,0.75,0.505,15.07,-92.41,45
P016,Plátano,Huehuetán,2016,Ene,1,12,5.93,45.5,45.7,17.5,204.8,1.32,26.7,10,0,12,0,Precaución,27.4,72.1,0.73,0.455,15.07,-92.41,45
P016,Plátano,Huehuetán,2016,Feb,2,13,5.89,41.1,36.1,16.1,194.5,1.3,27.2,0,0,0,0,Precaución,27.1,70.6,0,0.411,15.07,-92.41,45
P016,Plátano,Huehuetán,2016,Mar,3,14,6.01,36,38.8,17,197.9,1.28,28.2,0,0,0,0,Óptimo,29.2,69.5,0,0.36,15.07,-92.41,45
P016,Plátano,Huehuetán,2016,Abr,4,15,5.99,42.9,35.1,15.3,209.1,1.39,28.7,0,0,12,0,Precaución,29.5,70.8,0.54,0.429,15.07,-92.41,45
P016,Plátano,Huehuetán,2016,May,5,16,5.95,65.8,46.7,20.6,195.5,1.33,28.4,10,4,0,0,Precaución,28.6,79.1,3.92,0.658,15.07,-92.41,45
P016,Plátano,Huehuetán,2016,Jun,6,17,5.93,90,35.2,17.8,196,1.4,27.6,0,0,0,0,Precaución,27.8,87.1,7.49,0.9,15.07,-92.41,45
P016,Plátano,Huehuetán,2016,Jul,7,18,5.95,85.2,36.9,17.2,212.9,1.5,26.9,0,0,12,0,Precaución,26.4,87.2,7.39,0.852,15.07,-92.41,45
P016,Plátano,Huehuetán,2016,Ago,8,19,5.9,86.7,37.5,15.7,196.7,1.41,26.7,0,0,0,0,Precaución,27,89.3,8.04,0.867,15.07,-92.41,45
P016,Plátano,Huehuetán,2016,Sep,9,20,5.87,90.6,45.1,15.9,194.5,1.41,26.5,10,0,0,0,Precaución,27.1,83.8,9.41,0.906,15.07,-92.41,45
P016,Plátano,Huehuetán,2016,Oct,10,21,5.85,85.1,36.7,16.2,206.9,1.45,26.5,0,0,12,0,Precaución,26.7,89.5,7.68,0.851,15.07,-92.41,45
P016,Plátano,Huehuetán,2016,Nov,11,22,5.94,72.5,34.8,16.5,196.8,1.35,26.7,0,0,0,0,Precaución,26.8,80.5,1.97,0.725,15.07,-92.41,45
P016,Plátano,Huehuetán,2016,Dic,12,23,5.92,52.1,36.5,16.8,202.1,1.34,26.8,0,0,0,0,Precaución,26.9,73.7,0.74,0.521,15.07,-92.41,45
P016,Plátano,Huehuetán,2017,Ene,1,24,5.83,48.3,47.5,20.2,203.4,1.47,26.7,10,4,12,0,Precaución,26.9,73,0.23,0.483,15.07,-92.41,45
P016,Plátano,Huehuetán,2017,Feb,2,25,5.87,35.4,36.6,15.8,198,1.51,27.4,0,0,0,0,Precaución,27.4,71.9,0.24,0.354,15.07,-92.41,45
P016,Plátano,Huehuetán,2017,Mar,3,26,5.93,37.4,38.8,16.5,198.1,1.45,28.5,0,0,0,0,Precaución,27.9,69.3,0.16,0.374,15.07,-92.41,45
P016,Plátano,Huehuetán,2017,Abr,4,27,5.88,41.5,35.4,17.4,205.4,1.41,29.1,0,0,12,0,Precaución,29.5,72.6,1.81,0.415,15.07,-92.41,45
P016,Plátano,Huehuetán,2017,May,5,28,5.82,65.4,43.7,14.8,195.6,1.41,28.7,10,0,0,0,Precaución,28.6,79.8,3.66,0.654,15.07,-92.41,45
P016,Plátano,Huehuetán,2017,Jun,6,29,5.91,84.8,35.8,14.3,196,1.4,27.4,0,0,0,0,Precaución,28.3,86,7.57,0.848,15.07,-92.41,45
P016,Plátano,Huehuetán,2017,Jul,7,30,5.79,89.6,37.1,15.4,201.1,1.43,26.6,0,0,12,0,Precaución,27.9,84.4,7.81,0.896,15.07,-92.41,45
P016,Plátano,Huehuetán,2017,Ago,8,31,5.92,85.2,37,18.1,197.6,1.45,26.6,0,0,0,0,Precaución,27.1,85.1,7.84,0.852,15.07,-92.41,45
P016,Plátano,Huehuetán,2017,Sep,9,32,5.77,95.5,46.3,20.3,200,1.38,26.5,10,4,0,0,Precaución,27.7,90.7,9.61,0.955,15.07,-92.41,45
P016,Plátano,Huehuetán,2017,Oct,10,33,5.78,82,37.5,15.9,209.6,1.54,26.9,0,0,12,0,Precaución,26.6,87,8.64,0.82,15.07,-92.41,45
P016,Plátano,Huehuetán,2017,Nov,11,34,5.77,67,34.8,17.3,193.7,1.45,26.5,0,0,0,0,Precaución,27.1,78.6,2.45,0.67,15.07,-92.41,45
P016,Plátano,Huehuetán,2017,Dic,12,35,5.86,54.7,36,16.5,191.6,1.45,27.1,0,0,0,0,Precaución,27.1,76.5,1.05,0.547,15.07,-92.41,45
P016,Plátano,Huehuetán,2018,Ene,1,36,5.89,38.2,45.3,17,203.6,1.43,26.6,10,0,12,0.12,Precaución,26.9,74.3,0,0.382,15.07,-92.41,45
P016,Plátano,Huehuetán,2018,Feb,2,37,5.77,43.8,37.5,17.6,199.3,1.5,27.1,0,0,0,0,Precaución,27.6,70.3,0,0.438,15.07,-92.41,45
P016,Plátano,Huehuetán,2018,Mar,3,38,5.79,37,33.8,17.5,202.7,1.42,28.4,0,0,0,0,Precaución,28.5,68.8,0.07,0.37,15.07,-92.41,45
P016,Plátano,Huehuetán,2018,Abr,4,39,5.75,42.9,36,16.9,204.3,1.54,28.7,0,0,12,0,Precaución,29.1,71.5,0.63,0.429,15.07,-92.41,45
P016,Plátano,Huehuetán,2018,May,5,40,5.79,74.3,46.7,20.5,200.8,1.43,28.4,10,4,0,0,Precaución,29.2,80.3,3.53,0.743,15.07,-92.41,45
P016,Plátano,Huehuetán,2018,Jun,6,41,5.74,89.8,34.4,16.1,200.7,1.53,27.5,0,0,0,0,Atención,27.8,83.5,7.12,0.898,15.07,-92.41,45
P016,Plátano,Huehuetán,2018,Jul,7,42,5.74,83.2,36.3,15.7,214.6,1.51,26.9,0,0,12,0,Precaución,27.1,83.7,7.04,0.832,15.07,-92.41,45
P016,Plátano,Huehuetán,2018,Ago,8,43,5.73,88.2,35.1,17.7,193.6,1.52,27,0,0,0,0,Atención,26.8,87.5,7.56,0.882,15.07,-92.41,45
P016,Plátano,Huehuetán,2018,Sep,9,44,5.86,90.8,45.3,15.1,196.7,1.54,26.3,10,0,0,0,Atención,26.9,86,8.47,0.908,15.07,-92.41,45
P016,Plátano,Huehuetán,2018,Oct,10,45,5.76,86.3,34.7,17.5,210.4,1.52,26.4,0,0,12,0,Precaución,26.7,86.1,7.2,0.863,15.07,-92.41,45
P016,Plátano,Huehuetán,2018,Nov,11,46,5.77,68.4,34.5,17.4,190,1.49,26.5,0,0,0,0,Precaución,26.9,81.3,2.69,0.684,15.07,-92.41,45
P016,Plátano,Huehuetán,2018,Dic,12,47,5.76,56.5,34.2,16.8,200.8,1.49,26.5,0,0,0,0,Precaución,27.4,75.2,0.8,0.565,15.07,-92.41,45
P016,Plátano,Huehuetán,2019,Ene,1,48,5.72,38.6,45.6,18.9,202,1.57,27.2,10,4,12,0,Precaución,27.2,72.2,0.42,0.386,15.07,-92.41,45
P016,Plátano,Huehuetán,2019,Feb,2,49,5.72,35.4,35.9,15.8,185.7,1.56,27.3,0,0,0,0,Precaución,27.9,72,0.91,0.354,15.07,-92.41,45
P016,Plátano,Huehuetán,2019,Mar,3,50,5.73,36.9,36.7,16,188.9,1.52,28.5,0,0,0,0,Precaución,28.6,68.8,0.5,0.369,15.07,-92.41,45
P016,Plátano,Huehuetán,2019,Abr,4,51,5.71,37.6,33.7,16.6,202.7,1.48,29.1,0,0,12,0,Precaución,29.7,73.1,1.07,0.376,15.07,-92.41,45
P016,Plátano,Huehuetán,2019,May,5,52,5.69,68,47.5,15.9,191.5,1.53,28.8,10,0,0,0,Precaución,28.5,80.1,4.4,0.68,15.07,-92.41,45
P016,Plátano,Huehuetán,2019,Jun,6,53,5.69,87.3,36,16.9,199.5,1.57,27.3,0,0,0,0,Precaución,27.8,81.3,7.03,0.873,15.07,-92.41,45
P016,Plátano,Huehuetán,2019,Jul,7,54,5.65,85.7,35.4,16,215.3,1.55,26.9,0,0,12,0,Precaución,26.8,84.4,7.96,0.857,15.07,-92.41,45
P016,Plátano,Huehuetán,2019,Ago,8,55,5.66,82.7,34.2,16.2,190.8,1.61,27,0,0,0,0,Precaución,27.6,85.9,7.57,0.827,15.07,-92.41,45
P016,Plátano,Huehuetán,2019,Sep,9,56,5.66,94.6,44.1,18.9,198.9,1.58,26.7,10,4,0,0,Atención,26.7,85.2,9.35,0.946,15.07,-92.41,45
P016,Plátano,Huehuetán,2019,Oct,10,57,5.62,78.6,34.4,16.8,201.6,1.62,26.6,0,0,12,0,Precaución,26.7,85.2,7.34,0.786,15.07,-92.41,45
P016,Plátano,Huehuetán,2019,Nov,11,58,5.65,60,35.7,15.5,192,1.5,26.9,0,0,0,0,Precaución,26.9,82.7,2.32,0.6,15.07,-92.41,45
P016,Plátano,Huehuetán,2019,Dic,12,59,5.66,47.9,36.1,14.1,194.7,1.63,26.9,0,0,0,0,Atención,26.5,73.2,1.61,0.479,15.07,-92.41,45
P016,Plátano,Huehuetán,2020,Ene,1,60,5.68,44,44.7,14.6,206.4,1.59,26.6,10,0,12,0,Atención,27.5,72.2,0,0.44,15.07,-92.41,45
P016,Plátano,Huehuetán,2020,Feb,2,61,5.59,38.1,35.7,15.6,192,1.58,27.5,0,0,0,0,Precaución,27.7,72.8,0,0.381,15.07,-92.41,45
P016,Plátano,Huehuetán,2020,Mar,3,62,5.63,34.9,34.9,17.1,192.6,1.53,28.4,0,0,0,0,Atención,29.2,67.5,0,0.349,15.07,-92.41,45
P016,Plátano,Huehuetán,2020,Abr,4,63,5.68,39.2,37.1,16.7,206.4,1.59,29.2,0,0,12,0,Precaución,29.4,68,1.26,0.392,15.07,-92.41,45
P016,Plátano,Huehuetán,2020,May,5,64,5.68,71.8,44.1,19.7,198.5,1.61,29,10,4,0,0,Precaución,29.1,80.5,4.23,0.718,15.07,-92.41,45
P016,Plátano,Huehuetán,2020,Jun,6,65,5.64,86.1,33.2,16,191.3,1.63,27.3,0,0,0,0,Precaución,27.7,83.8,8.2,0.861,15.07,-92.41,45
P016,Plátano,Huehuetán,2020,Jul,7,66,5.63,79.9,39.7,15.7,203.8,1.6,27.2,0,0,12,0,Precaución,27.2,88.1,7.09,0.799,15.07,-92.41,45
P016,Plátano,Huehuetán,2020,Ago,8,67,5.65,83.7,33.4,14.7,193.7,1.6,26.1,0,0,0,0,Atención,26.9,86.8,7.53,0.837,15.07,-92.41,45
P016,Plátano,Huehuetán,2020,Sep,9,68,5.68,87.2,45.5,13.7,191.7,1.61,26.5,10,0,0,0,Atención,26.6,88.7,9.36,0.872,15.07,-92.41,45
P016,Plátano,Huehuetán,2020,Oct,10,69,5.62,81.5,33.9,15.4,201.6,1.56,26.9,0,0,12,0,Precaución,26.5,86.2,7.29,0.815,15.07,-92.41,45
P016,Plátano,Huehuetán,2020,Nov,11,70,5.57,61.7,32.1,16.6,185.1,1.61,26.5,0,0,0,0,Precaución,26.9,80,1.43,0.617,15.07,-92.41,45
P016,Plátano,Huehuetán,2020,Dic,12,71,5.57,40.3,31.3,15.5,192,1.62,26.4,0,0,0,0,Precaución,26.5,74.4,0.53,0.403,15.07,-92.41,45
P016,Plátano,Huehuetán,2021,Ene,1,72,5.8,41.5,43.3,19.1,200,1.65,26.7,10,4,12,0.12,Precaución,26.7,75.8,0.62,0.415,15.07,-92.41,45
P016,Plátano,Huehuetán,2021,Feb,2,73,5.6,37.4,36,14.6,193,1.62,27.2,0,0,0,0,Atención,27.6,73.1,0.12,0.374,15.07,-92.41,45
P016,Plátano,Huehuetán,2021,Mar,3,74,5.6,34,35.2,16,187.6,1.54,27.6,0,0,0,0,Atención,28.6,69.7,0.11,0.34,15.07,-92.41,45
P016,Plátano,Huehuetán,2021,Abr,4,75,5.6,35.4,34.1,16.3,211.3,1.68,28.9,0,0,12,0,Precaución,29.5,71.2,0,0.354,15.07,-92.41,45
P016,Plátano,Huehuetán,2021,May,5,76,5.57,67.7,47.6,16.7,194.1,1.65,28.7,10,0,0,0,Precaución,28.9,79.2,4.69,0.677,15.07,-92.41,45
P016,Plátano,Huehuetán,2021,Jun,6,77,5.58,85.4,34.1,14.8,192.6,1.62,27.6,0,0,0,0,Atención,27.3,84.3,7.22,0.854,15.07,-92.41,45
P016,Plátano,Huehuetán,2021,Jul,7,78,5.61,81.4,35.1,15.3,203.1,1.65,27,0,0,12,0,Precaución,27.1,86.9,6.83,0.814,15.07,-92.41,45
P016,Plátano,Huehuetán,2021,Ago,8,79,5.53,88.8,33.7,14.3,184.4,1.64,27.2,0,0,0,0,Atención,27.4,88.2,6.79,0.888,15.07,-92.41,45
P016,Plátano,Huehuetán,2021,Sep,9,80,5.48,89.9,44.3,19.6,192.2,1.7,26.2,10,4,0,0,Atención,26.8,84.8,9.48,0.899,15.07,-92.41,45
P016,Plátano,Huehuetán,2021,Oct,10,81,5.56,82.3,33.2,15.9,202.3,1.62,26.8,0,0,12,0,Precaución,26.7,83.7,6.86,0.823,15.07,-92.41,45
P016,Plátano,Huehuetán,2021,Nov,11,82,5.57,69.5,33.3,16.7,195.2,1.73,26.5,0,0,0,0,Precaución,26.8,81.7,2.12,0.695,15.07,-92.41,45
P016,Plátano,Huehuetán,2021,Dic,12,83,5.57,51.7,34.2,16.4,197.5,1.66,26.4,0,0,0,0,Precaución,26.7,75.2,0.48,0.517,15.07,-92.41,45
P016,Plátano,Huehuetán,2022,Ene,1,84,5.45,38.9,44.7,14.6,200.7,1.67,26.6,10,0,12,0,Atención,26.9,75.2,0.31,0.389,15.07,-92.41,45
P016,Plátano,Huehuetán,2022,Feb,2,85,5.53,36.9,34.6,14.9,195.2,1.74,27.6,0,0,0,0,Atención,28.1,71.4,0,0.369,15.07,-92.41,45
P016,Plátano,Huehuetán,2022,Mar,3,86,5.52,32.5,35.4,15.8,192.4,1.66,28.6,0,0,0,0,Atención,28.7,66.2,0.81,0.325,15.07,-92.41,45
P016,Plátano,Huehuetán,2022,Abr,4,87,5.51,35.9,33.8,15.1,208.7,1.76,28.7,0,0,12,0,Precaución,29.6,71.4,0.96,0.359,15.07,-92.41,45
P016,Plátano,Huehuetán,2022,May,5,88,5.47,65.9,45.7,18.6,184,1.72,28.6,10,4,0,0,Atención,29,77.9,4.12,0.659,15.07,-92.41,45
P016,Plátano,Huehuetán,2022,Jun,6,89,5.46,85.1,32.9,14,194.4,1.7,27.5,0,0,0,0,Atención,28.3,85.2,8.45,0.851,15.07,-92.41,45
P016,Plátano,Huehuetán,2022,Jul,7,90,5.47,80.1,34,14.9,204.6,1.8,26.9,0,0,12,0,Atención,27.4,92.5,7.09,0.801,15.07,-92.41,45
P016,Plátano,Huehuetán,2022,Ago,8,91,5.49,79.5,31.4,15.3,191.6,1.77,26.4,0,0,0,0,Atención,26.9,89.5,8.74,0.795,15.07,-92.41,45
P016,Plátano,Huehuetán,2022,Sep,9,92,5.48,87.3,44.3,14.6,188.3,1.77,26.4,10,0,0,0,Atención,27.3,86.9,8.61,0.873,15.07,-92.41,45
P016,Plátano,Huehuetán,2022,Oct,10,93,5.45,89.5,35.6,14,205.3,1.74,26.7,0,0,12,0,Crítico,26.3,85.4,7.21,0.895,15.07,-92.41,45
P016,Plátano,Huehuetán,2022,Nov,11,94,5.49,61.5,33.8,14.3,200.8,1.79,26.7,0,0,0,0,Atención,27,79.5,1.54,0.615,15.07,-92.41,45
P016,Plátano,Huehuetán,2022,Dic,12,95,5.49,50.5,33,15.6,191.9,1.74,26.3,0,0,0,0,Atención,26.7,78,0.39,0.505,15.07,-92.41,45
P016,Plátano,Huehuetán,2023,Ene,1,96,5.48,40.9,42.5,19.6,203.7,1.78,26.9,10,4,12,0,Atención,27.6,73.4,1.22,0.409,15.07,-92.41,45
P016,Plátano,Huehuetán,2023,Feb,2,97,5.48,35.7,33.3,14.3,194.1,1.77,27.6,0,0,0,0,Atención,28,72.9,1.25,0.357,15.07,-92.41,45
P016,Plátano,Huehuetán,2023,Mar,3,98,5.39,34.7,35.1,14.3,198.4,1.74,28.8,0,0,0,0,Crítico,28.6,74.3,0.03,0.347,15.07,-92.41,45
P016,Plátano,Huehuetán,2023,Abr,4,99,5.44,38.6,35,13.2,203,1.79,29.1,0,0,12,0,Atención,29.5,70.8,1.28,0.386,15.07,-92.41,45
P016,Plátano,Huehuetán,2023,May,5,100,5.44,64.3,42.1,15.3,196.4,1.72,29.4,10,0,0,0,Atención,29.3,77.6,4.03,0.643,15.07,-92.41,45
P016,Plátano,Huehuetán,2023,Jun,6,101,5.48,81.8,32.6,14.8,184,1.83,27.3,0,0,0,0,Atención,27.7,82.1,7.85,0.818,15.07,-92.41,45
P016,Plátano,Huehuetán,2023,Jul,7,102,5.37,84.2,34.7,15.4,199.7,1.82,26.9,0,0,12,0,Atención,26.9,82.3,7.07,0.842,15.07,-92.41,45
P016,Plátano,Huehuetán,2023,Ago,8,103,5.32,82.3,33.4,14.6,199,1.79,26.8,0,0,0,0,Atención,27.3,85.1,7.9,0.823,15.07,-92.41,45
P016,Plátano,Huehuetán,2023,Sep,9,104,5.43,83.3,43.1,19.3,187.6,1.77,26.5,10,4,0,0,Atención,26.4,85.5,9,0.833,15.07,-92.41,45
P016,Plátano,Huehuetán,2023,Oct,10,105,5.39,81,33.5,15.1,204.6,1.81,26.5,0,0,12,0,Atención,27,85.6,6.72,0.81,15.07,-92.41,45
P016,Plátano,Huehuetán,2023,Nov,11,106,5.41,62.3,32.3,15.4,192.4,1.75,26.7,0,0,0,0,Atención,26.7,79.5,1.28,0.623,15.07,-92.41,45
P016,Plátano,Huehuetán,2023,Dic,12,107,5.36,48.7,34.4,13.5,190,1.8,26.3,0,0,0,0,Atención,27.3,73.5,0,0.487,15.07,-92.41,45
P016,Plátano,Huehuetán,2024,Ene,1,108,5.47,40.5,43.6,13.4,200.9,1.78,27,10,0,12,0.12,Atención,27.4,72.1,0.69,0.405,15.07,-92.41,45
P016,Plátano,Huehuetán,2024,Feb,2,109,5.33,40.9,31.9,14.4,195.8,1.84,27.8,0,0,0,0,Atención,27.9,74.1,0.15,0.409,15.07,-92.41,45
P016,Plátano,Huehuetán,2024,Mar,3,110,5.35,34.3,34.8,14.6,189.9,1.78,28.4,0,0,0,0,Crítico,28.8,67.2,1.21,0.343,15.07,-92.41,45
P016,Plátano,Huehuetán,2024,Abr,4,111,5.31,39.9,33.4,13.5,202.3,1.82,29.2,0,0,12,0,Atención,29.5,69.6,1.07,0.399,15.07,-92.41,45
P016,Plátano,Huehuetán,2024,May,5,112,5.35,67.6,44.6,20.3,191.6,1.87,29.1,10,4,0,0,Atención,28.5,79.4,4.56,0.676,15.07,-92.41,45
P016,Plátano,Huehuetán,2024,Jun,6,113,5.38,87.4,30.9,14.5,190.8,1.85,27.5,0,0,0,0,Atención,27.5,86.1,8.79,0.874,15.07,-92.41,45
P016,Plátano,Huehuetán,2024,Jul,7,114,5.39,84,32.1,16,202.7,1.77,26.7,0,0,12,0,Atención,27.4,90.3,7.27,0.84,15.07,-92.41,45
P016,Plátano,Huehuetán,2024,Ago,8,115,5.3,89.7,32.7,15.4,190.4,1.92,26.7,0,0,0,0,Atención,26.6,85.9,7.96,0.897,15.07,-92.41,45
P016,Plátano,Huehuetán,2024,Sep,9,116,5.25,85.6,38.9,14.2,188.2,1.86,26.1,10,0,0,0,Atención,26.7,86,8.74,0.856,15.07,-92.41,45
P016,Plátano,Huehuetán,2024,Oct,10,117,5.29,79.1,34.2,14.6,210,1.88,26.8,0,0,12,0,Atención,27.5,84.2,8.16,0.791,15.07,-92.41,45
P016,Plátano,Huehuetán,2024,Nov,11,118,5.28,61.6,34.2,14,188.6,1.85,26.4,0,0,0,0,Atención,26.6,83.9,1.5,0.616,15.07,-92.41,45
P016,Plátano,Huehuetán,2024,Dic,12,119,5.34,47.4,32.9,14.3,186.6,1.89,26.9,0,0,0,0,Atención,26.9,77.3,0.17,0.474,15.07,-92.41,45
P017,Maíz,Huehuetán,2015,Ene,1,0,6.45,37.6,34.3,18.9,136.3,1.51,26.6,0,0,0,0,Precaución,27.8,72.6,1.25,0.376,15.07,-92.41,45
P017,Maíz,Huehuetán,2015,Feb,2,1,6.38,39,36.2,18.5,137.4,1.47,27.2,0,0,0,0,Óptimo,27.9,75.9,0.32,0.39,15.07,-92.41,45
P017,Maíz,Huehuetán,2015,Mar,3,2,6.43,31.1,34,19.4,141.9,1.46,28.6,0,0,0,0,Precaución,28.9,72.2,0.47,0.311,15.07,-92.41,45
P017,Maíz,Huehuetán,2015,Abr,4,3,6.35,37.9,34.1,19.3,140.1,1.45,29,0,0,0,0,Óptimo,28.7,71.1,0.02,0.379,15.07,-92.41,45
P017,Maíz,Huehuetán,2015,May,5,4,6.44,69.1,45,19.5,141.6,1.48,28.8,12,0,8,0,Óptimo,28.6,75.4,5.12,0.691,15.07,-92.41,45
P017,Maíz,Huehuetán,2015,Jun,6,5,6.46,83.5,34.3,20,140.5,1.5,26.9,0,0,0,0,Óptimo,27.4,82.5,9.36,0.835,15.07,-92.41,45
P017,Maíz,Huehuetán,2015,Jul,7,6,6.4,85,34.2,19.9,137.9,1.45,26.3,0,0,0,0,Óptimo,26.7,83,7.1,0.85,15.07,-92.41,45
P017,Maíz,Huehuetán,2015,Ago,8,7,6.4,84.7,33.8,17.4,140,1.5,26.4,0,0,0,0,Óptimo,27.4,84.2,7.72,0.847,15.07,-92.41,45
P017,Maíz,Huehuetán,2015,Sep,9,8,6.36,90.3,47.7,25.1,148.5,1.58,26.5,12,6,8,0,Precaución,26.3,87.4,9.69,0.903,15.07,-92.41,45
P017,Maíz,Huehuetán,2015,Oct,10,9,6.34,85.4,31.9,19,143.1,1.5,27.1,0,0,0,0,Óptimo,27,84.8,7.52,0.854,15.07,-92.41,45
P017,Maíz,Huehuetán,2015,Nov,11,10,6.4,62.5,34.7,19.8,138.9,1.55,26.8,0,0,0,0,Precaución,26.4,82.9,1.44,0.625,15.07,-92.41,45
P017,Maíz,Huehuetán,2015,Dic,12,11,6.3,56.2,34.4,18,141.4,1.55,26.5,0,0,0,0,Precaución,26.1,77.7,1.13,0.562,15.07,-92.41,45
P017,Maíz,Huehuetán,2016,Ene,1,12,6.31,39.4,44.4,17.7,142.5,1.56,26.4,12,0,8,0,Precaución,27.8,71,0.21,0.394,15.07,-92.41,45
P017,Maíz,Huehuetán,2016,Feb,2,13,6.32,36.9,32.6,20,139.2,1.6,27.2,0,0,0,0,Precaución,27.9,69.9,0,0.369,15.07,-92.41,45
P017,Maíz,Huehuetán,2016,Mar,3,14,6.35,33.2,36.5,17.9,140,1.52,28.8,0,0,0,0,Precaución,28.7,73,0.35,0.332,15.07,-92.41,45
P017,Maíz,Huehuetán,2016,Abr,4,15,6.23,40.4,33.5,18.7,136.4,1.58,29.4,0,0,0,0,Precaución,29,72,1.32,0.404,15.07,-92.41,45
P017,Maíz,Huehuetán,2016,May,5,16,6.23,71.8,45,24.3,146.2,1.58,28.3,12,6,8,0,Precaución,29.3,76.2,4.14,0.718,15.07,-92.41,45
P017,Maíz,Huehuetán,2016,Jun,6,17,6.27,81.3,31.6,19.2,135.7,1.55,27.3,0,0,0,0,Precaución,27.7,88.6,8.07,0.813,15.07,-92.41,45
P017,Maíz,Huehuetán,2016,Jul,7,18,6.3,83.6,29.9,17.9,142.8,1.55,26.9,0,0,0,0,Precaución,26.8,86.4,7.41,0.836,15.07,-92.41,45
P017,Maíz,Huehuetán,2016,Ago,8,19,6.24,88.5,34.4,18.3,135.6,1.55,26.5,0,0,0,0,Precaución,27.1,86,8.35,0.885,15.07,-92.41,45
P017,Maíz,Huehuetán,2016,Sep,9,20,6.24,94.2,45,19.7,149.3,1.6,26.5,12,0,8,0,Precaución,26.4,84.9,9.18,0.942,15.07,-92.41,45
P017,Maíz,Huehuetán,2016,Oct,10,21,6.12,81.9,32.1,18.4,138.4,1.65,27,0,0,0,0,Precaución,26.8,81.6,6.4,0.819,15.07,-92.41,45
P017,Maíz,Huehuetán,2016,Nov,11,22,6.22,63.8,32.3,20,143.4,1.67,26.4,0,0,0,0,Precaución,26.9,82.3,2.23,0.638,15.07,-92.41,45
P017,Maíz,Huehuetán,2016,Dic,12,23,6.19,55.3,32.6,19.3,137.8,1.56,26.3,0,0,0,0,Precaución,26.7,75.8,1.54,0.553,15.07,-92.41,45
P017,Maíz,Huehuetán,2017,Ene,1,24,6.41,40,46.3,25.2,149.1,1.67,26.9,12,6,8,0.2,Precaución,27,73.7,1.44,0.4,15.07,-92.41,45
P017,Maíz,Huehuetán,2017,Feb,2,25,6.25,41.5,32.1,19.1,129.8,1.61,27,0,0,0,0,Precaución,27.9,71.1,0.19,0.415,15.07,-92.41,45
P017,Maíz,Huehuetán,2017,Mar,3,26,6.18,39.6,32,16.8,137.4,1.61,28.1,0,0,0,0,Precaución,29,72.8,0,0.396,15.07,-92.41,45
P017,Maíz,Huehuetán,2017,Abr,4,27,6.18,41.9,32.7,19.8,134.3,1.63,28.9,0,0,0,0,Precaución,29,72.4,0.97,0.419,15.07,-92.41,45
P017,Maíz,Huehuetán,2017,May,5,28,6.2,66,44.8,18.9,144.7,1.67,28.7,12,0,8,0,Precaución,28.8,75.8,4.68,0.66,15.07,-92.41,45
P017,Maíz,Huehuetán,2017,Jun,6,29,6.14,90.5,30.6,18.4,136.2,1.7,26.7,0,0,0,0,Precaución,27.3,84.3,8.28,0.905,15.07,-92.41,45
P017,Maíz,Huehuetán,2017,Jul,7,30,6.15,88.2,33.7,18.1,135.8,1.64,26.5,0,0,0,0,Precaución,26.6,87.4,8.27,0.882,15.07,-92.41,45
P017,Maíz,Huehuetán,2017,Ago,8,31,6.09,84,33.4,17.8,137.7,1.62,26.6,0,0,0,0,Precaución,27.9,90.2,8.32,0.84,15.07,-92.41,45
P017,Maíz,Huehuetán,2017,Sep,9,32,6.15,90.5,45.5,24.4,138.7,1.69,26.3,12,6,8,0,Precaución,26.2,87.7,8.9,0.905,15.07,-92.41,45
P017,Maíz,Huehuetán,2017,Oct,10,33,6.14,80.7,30,17.9,137.1,1.7,26.4,0,0,0,0,Precaución,27,83.3,7.45,0.807,15.07,-92.41,45
P017,Maíz,Huehuetán,2017,Nov,11,34,6.1,67.5,32.3,17.7,132.5,1.72,26.6,0,0,0,0,Precaución,26.3,79.1,2.96,0.675,15.07,-92.41,45
P017,Maíz,Huehuetán,2017,Dic,12,35,6.07,56.5,34.5,18,136,1.71,26.8,0,0,0,0,Precaución,25.9,76.4,0.1,0.565,15.07,-92.41,45
P017,Maíz,Huehuetán,2018,Ene,1,36,6.13,39.9,44.3,17.3,141.2,1.66,26.8,12,0,8,0,Precaución,27.1,76,0.01,0.399,15.07,-92.41,45
P017,Maíz,Huehuetán,2018,Feb,2,37,6.14,38.9,31.7,18.5,134.4,1.76,27.5,0,0,0,0,Precaución,27.3,74.1,1.06,0.389,15.07,-92.41,45
P017,Maíz,Huehuetán,2018,Mar,3,38,6.12,33.7,31.1,17.2,142.7,1.72,28.6,0,0,0,0,Precaución,28.4,68.8,0.1,0.337,15.07,-92.41,45
P017,Maíz,Huehuetán,2018,Abr,4,39,6.11,41,33.4,18,137.7,1.7,29.1,0,0,0,0,Precaución,29.3,70.2,0.93,0.41,15.07,-92.41,45
P017,Maíz,Huehuetán,2018,May,5,40,6.05,75.5,45.1,24.2,145.6,1.8,28.6,12,6,8,0,Precaución,28.7,77.4,4.52,0.755,15.07,-92.41,45
P017,Maíz,Huehuetán,2018,Jun,6,41,6.08,86.8,32.9,17.6,138.9,1.69,27,0,0,0,0,Precaución,27.4,84.2,7.85,0.868,15.07,-92.41,45
P017,Maíz,Huehuetán,2018,Jul,7,42,6.05,78.6,33.9,18,138.2,1.68,27.1,0,0,0,0,Precaución,26.9,84.8,6.19,0.786,15.07,-92.41,45
P017,Maíz,Huehuetán,2018,Ago,8,43,6.08,84.7,31.5,18.2,139.2,1.76,26.9,0,0,0,0,Precaución,26.5,85.7,7.65,0.847,15.07,-92.41,45
P017,Maíz,Huehuetán,2018,Sep,9,44,5.97,86.3,43.6,17.9,136.5,1.74,26.4,12,0,8,0,Precaución,26,88.4,8.79,0.863,15.07,-92.41,45
P017,Maíz,Huehuetán,2018,Oct,10,45,6.04,84.4,31.1,18,130.8,1.66,26.9,0,0,0,0,Precaución,27.1,87.8,7.97,0.844,15.07,-92.41,45
P017,Maíz,Huehuetán,2018,Nov,11,46,5.92,65.3,31.2,17.6,135.4,1.75,26.7,0,0,0,0,Precaución,27.3,80.8,1.66,0.653,15.07,-92.41,45
P017,Maíz,Huehuetán,2018,Dic,12,47,5.96,49.7,33.5,15.1,137.2,1.8,26.1,0,0,0,0,Precaución,26.8,74.8,0.76,0.497,15.07,-92.41,45
P017,Maíz,Huehuetán,2019,Ene,1,48,6.27,44.4,44.7,23.7,142.8,1.73,26.7,12,6,8,0.2,Precaución,26.8,73.7,0.2,0.444,15.07,-92.41,45
P017,Maíz,Huehuetán,2019,Feb,2,49,6.03,32.2,32.3,16.3,133.4,1.73,27.4,0,0,0,0,Precaución,27.3,71.4,0.59,0.322,15.07,-92.41,45
P017,Maíz,Huehuetán,2019,Mar,3,50,5.96,37,31.5,18.1,138.1,1.79,28.2,0,0,0,0,Precaución,28.6,67.1,0,0.37,15.07,-92.41,45
P017,Maíz,Huehuetán,2019,Abr,4,51,6.01,37.4,31.1,18.5,137.3,1.83,28.9,0,0,0,0,Precaución,29.4,72.4,1.05,0.374,15.07,-92.41,45
P017,Maíz,Huehuetán,2019,May,5,52,5.96,66,43.6,18.2,142.8,1.78,28.8,12,0,8,0,Precaución,28.6,81.7,4.25,0.66,15.07,-92.41,45
P017,Maíz,Huehuetán,2019,Jun,6,53,5.94,83.4,32.6,17.7,135.9,1.75,27.2,0,0,0,0,Precaución,27.6,87.1,8.64,0.834,15.07,-92.41,45
P017,Maíz,Huehuetán,2019,Jul,7,54,5.97,83.3,31.8,17,138.8,1.84,27.2,0,0,0,0,Precaución,27.2,86.1,7.29,0.833,15.07,-92.41,45
P017,Maíz,Huehuetán,2019,Ago,8,55,5.94,84.6,33.1,18,132.3,1.79,26.9,0,0,0,0,Precaución,26.9,85.1,7.11,0.846,15.07,-92.41,45
P017,Maíz,Huehuetán,2019,Sep,9,56,5.92,88.8,44.3,23.8,145,1.81,26.4,12,6,8,0,Atención,26.6,88.4,9.32,0.888,15.07,-92.41,45
P017,Maíz,Huehuetán,2019,Oct,10,57,5.93,83.2,31.6,17.6,136.9,1.82,26.4,0,0,0,0,Precaución,26.8,87.5,7.48,0.832,15.07,-92.41,45
P017,Maíz,Huehuetán,2019,Nov,11,58,5.93,57.4,31,16.4,131.8,1.83,26.2,0,0,0,0,Precaución,27.2,84.1,3.05,0.574,15.07,-92.41,45
P017,Maíz,Huehuetán,2019,Dic,12,59,5.84,43.1,32.2,16.9,137,1.77,26.5,0,0,0,0,Precaución,27.3,77.7,1.14,0.431,15.07,-92.41,45
P017,Maíz,Huehuetán,2020,Ene,1,60,5.84,45.7,42.6,17.4,148.6,1.8,26.6,12,0,8,0,Precaución,26.7,73.9,0,0.457,15.07,-92.41,45
P017,Maíz,Huehuetán,2020,Feb,2,61,5.9,40,32.1,17.2,143.6,1.86,27.6,0,0,0,0,Precaución,27.6,70.4,0,0.4,15.07,-92.41,45
P017,Maíz,Huehuetán,2020,Mar,3,62,5.9,37.6,31.6,17,136.6,1.86,28.6,0,0,0,0,Precaución,28.5,70.3,0.2,0.376,15.07,-92.41,45
P017,Maíz,Huehuetán,2020,Abr,4,63,5.86,39.6,31.8,18.3,138.4,1.83,28.9,0,0,0,0,Precaución,29.6,67.3,0.4,0.396,15.07,-92.41,45
P017,Maíz,Huehuetán,2020,May,5,64,5.87,64.6,44,22.6,146.5,1.93,28.9,12,6,8,0,Precaución,29,80.6,4.57,0.646,15.07,-92.41,45
P017,Maíz,Huehuetán,2020,Jun,6,65,5.85,85.1,30.4,17.6,137.4,1.83,27.7,0,0,0,0,Precaución,27.5,81.9,8.62,0.851,15.07,-92.41,45
P017,Maíz,Huehuetán,2020,Jul,7,66,5.77,79.1,28.9,14.7,135.7,1.89,26.4,0,0,0,0,Atención,26.6,84.4,7.67,0.791,15.07,-92.41,45
P017,Maíz,Huehuetán,2020,Ago,8,67,5.82,88.2,30.3,17.1,138.7,1.93,26.8,0,0,0,0,Atención,27.4,85.5,7.91,0.882,15.07,-92.41,45
P017,Maíz,Huehuetán,2020,Sep,9,68,5.89,87.1,43.7,17,143.2,1.94,26.7,12,0,8,0,Precaución,27.3,89,9.41,0.871,15.07,-92.41,45
P017,Maíz,Huehuetán,2020,Oct,10,69,5.82,83.7,31.8,16.7,135.2,1.86,27.1,0,0,0,0,Precaución,27.1,87,7.14,0.837,15.07,-92.41,45
P017,Maíz,Huehuetán,2020,Nov,11,70,5.75,69.1,29.3,16.2,137.1,1.89,26.4,0,0,0,0,Precaución,27.1,82.9,2.39,0.691,15.07,-92.41,45
P017,Maíz,Huehuetán,2020,Dic,12,71,5.76,49.9,30.9,16.1,134.5,1.91,26.4,0,0,0,0,Precaución,26.6,74.3,1.45,0.499,15.07,-92.41,45
P017,Maíz,Huehuetán,2021,Ene,1,72,6.1,45.6,43.7,23.5,148.6,1.86,26.5,12,6,8,0.2,Precaución,27.2,74,0,0.456,15.07,-92.41,45
P017,Maíz,Huehuetán,2021,Feb,2,73,5.79,38.8,30.3,17.2,132.8,2.05,27.8,0,0,0,0,Precaución,28,70.7,0,0.388,15.07,-92.41,45
P017,Maíz,Huehuetán,2021,Mar,3,74,5.78,39.8,29.3,16.3,131.8,1.94,28.6,0,0,0,0,Precaución,29.2,71.1,0.91,0.398,15.07,-92.41,45
P017,Maíz,Huehuetán,2021,Abr,4,75,5.73,34.5,32.8,18.3,131.5,1.91,29,0,0,0,0,Atención,29.7,71,0.37,0.345,15.07,-92.41,45
P017,Maíz,Huehuetán,2021,May,5,76,5.77,66.1,44.1,18.4,146.1,1.93,28.7,12,0,8,0,Precaución,28.9,78.7,3.42,0.661,15.07,-92.41,45
P017,Maíz,Huehuetán,2021,Jun,6,77,5.83,86.8,29.8,17,134.9,1.91,27.2,0,0,0,0,Precaución,27,86.2,8.41,0.868,15.07,-92.41,45
P017,Maíz,Huehuetán,2021,Jul,7,78,5.71,86.2,29.7,15.9,131.8,1.99,26.7,0,0,0,0,Precaución,27.3,88.2,8.1,0.862,15.07,-92.41,45
P017,Maíz,Huehuetán,2021,Ago,8,79,5.73,89.5,30.3,16,139.4,1.97,26.7,0,0,0,0,Atención,26.7,87.9,7.28,0.895,15.07,-92.41,45
P017,Maíz,Huehuetán,2021,Sep,9,80,5.74,90.1,43.2,22.8,141.2,1.92,26.7,12,6,8,0,Atención,26.7,86.6,9.81,0.901,15.07,-92.41,45
P017,Maíz,Huehuetán,2021,Oct,10,81,5.75,83.8,29.9,17.5,129.8,1.92,26.7,0,0,0,0,Precaución,26.9,86,7.63,0.838,15.07,-92.41,45
P017,Maíz,Huehuetán,2021,Nov,11,82,5.73,63.2,29.9,18.9,133.5,1.9,26.4,0,0,0,0,Precaución,27.6,83.8,3.33,0.632,15.07,-92.41,45
P017,Maíz,Huehuetán,2021,Dic,12,83,5.66,49.6,31.8,16.7,132.2,1.98,26.5,0,0,0,0,Precaución,26.5,79,0.49,0.496,15.07,-92.41,45
P017,Maíz,Huehuetán,2022,Ene,1,84,5.65,46.1,41.9,15.1,143.9,1.95,26.4,12,0,8,0,Precaución,26.6,72.3,0.42,0.461,15.07,-92.41,45
P017,Maíz,Huehuetán,2022,Feb,2,85,5.68,38.1,30.5,16.4,135.9,2,27.4,0,0,0,0,Precaución,27.6,72.1,0.66,0.381,15.07,-92.41,45
P017,Maíz,Huehuetán,2022,Mar,3,86,5.6,33.5,30.7,16.6,142.6,1.98,28.4,0,0,0,0,Atención,29.3,71.9,0,0.335,15.07,-92.41,45
P017,Maíz,Huehuetán,2022,Abr,4,87,5.6,42.9,30.8,16.8,128.4,2.04,29,0,0,0,0,Precaución,29.8,68.3,1.54,0.429,15.07,-92.41,45
P017,Maíz,Huehuetán,2022,May,5,88,5.68,67.5,41.8,22,142.1,2.01,28.9,12,6,8,0,Precaución,29,79.4,3.71,0.675,15.07,-92.41,45
P017,Maíz,Huehuetán,2022,Jun,6,89,5.62,83.4,29.3,15.3,136.4,1.98,27.3,0,0,0,0,Precaución,28.2,85.8,7.43,0.834,15.07,-92.41,45
P017,Maíz,Huehuetán,2022,Jul,7,90,5.6,79.9,27.3,16,133.9,1.98,26.8,0,0,0,0,Precaución,27.3,86.4,6.36,0.799,15.07,-92.41,45
P017,Maíz,Huehuetán,2022,Ago,8,91,5.6,81.2,29.2,16.8,137.1,1.98,26.5,0,0,0,0,Precaución,27.5,85.7,6.72,0.812,15.07,-92.41,45
P017,Maíz,Huehuetán,2022,Sep,9,92,5.62,82.5,39,17,146.9,2.05,26.7,12,0,8,0,Precaución,26.9,90.5,8.13,0.825,15.07,-92.41,45
P017,Maíz,Huehuetán,2022,Oct,10,93,5.64,83.1,29.9,16.1,131,2.04,26.9,0,0,0,0,Precaución,27.1,86.2,7.35,0.831,15.07,-92.41,45
P017,Maíz,Huehuetán,2022,Nov,11,94,5.64,65.5,30.7,16.6,140.7,2.15,26.2,0,0,0,0,Precaución,26.7,82.3,1.67,0.655,15.07,-92.41,45
P017,Maíz,Huehuetán,2022,Dic,12,95,5.59,52.7,29.3,16,134.2,2.05,26.6,0,0,0,0,Precaución,26.8,73.4,0.45,0.527,15.07,-92.41,45
P017,Maíz,Huehuetán,2023,Ene,1,96,5.73,39.8,40.4,21.8,143.2,2.04,26.6,12,6,8,0.2,Precaución,26.7,75.5,0.65,0.398,15.07,-92.41,45
P017,Maíz,Huehuetán,2023,Feb,2,97,5.48,37.4,27.9,15.8,130.8,2.08,27.6,0,0,0,0,Atención,27.4,71.9,0,0.374,15.07,-92.41,45
P017,Maíz,Huehuetán,2023,Mar,3,98,5.56,33.1,28.7,16.7,135.2,2.09,28.4,0,0,0,0,Atención,28.4,71.3,0.5,0.331,15.07,-92.41,45
P017,Maíz,Huehuetán,2023,Abr,4,99,5.52,41.7,28.6,14,126.6,2.07,29,0,0,0,0,Atención,29.5,71.9,0.7,0.417,15.07,-92.41,45
P017,Maíz,Huehuetán,2023,May,5,100,5.53,65.6,42.6,16.6,146,2,29,12,0,8,0,Precaución,28.8,76.7,3.91,0.656,15.07,-92.41,45
P017,Maíz,Huehuetán,2023,Jun,6,101,5.46,83.9,30.3,15.6,140,2.09,27.3,0,0,0,0,Atención,27.8,85.7,7.7,0.839,15.07,-92.41,45
P017,Maíz,Huehuetán,2023,Jul,7,102,5.46,81.4,29.5,15.8,132.4,2.12,27,0,0,0,0,Atención,27.1,85.9,7.27,0.814,15.07,-92.41,45
P017,Maíz,Huehuetán,2023,Ago,8,103,5.49,78.1,27.5,15.6,137.7,2.1,27.1,0,0,0,0,Atención,27,85.2,6.92,0.781,15.07,-92.41,45
P017,Maíz,Huehuetán,2023,Sep,9,104,5.51,89.2,40.6,21.9,136.4,2.09,26.8,12,6,8,0,Atención,26.1,90.6,8.56,0.892,15.07,-92.41,45
P017,Maíz,Huehuetán,2023,Oct,10,105,5.47,82,29.4,16.7,125.7,2.09,27.1,0,0,0,0,Atención,27.3,86.9,6.99,0.82,15.07,-92.41,45
P017,Maíz,Huehuetán,2023,Nov,11,106,5.53,63,27.6,15,133.6,2.15,26,0,0,0,0,Precaución,26.5,78.7,1.5,0.63,15.07,-92.41,45
P017,Maíz,Huehuetán,2023,Dic,12,107,5.5,51,29.8,14.8,136.1,2.15,27,0,0,0,0,Atención,26.4,76.2,0.41,0.51,15.07,-92.41,45
P017,Maíz,Huehuetán,2024,Ene,1,108,5.39,41.3,40.4,17,142.6,2.17,27.1,12,0,8,0,Atención,27.3,72.3,0,0.413,15.07,-92.41,45
P017,Maíz,Huehuetán,2024,Feb,2,109,5.48,34.6,30.1,14.8,126.3,2.21,27.4,0,0,0,0,Crítico,27.8,74.6,0.28,0.346,15.07,-92.41,45
P017,Maíz,Huehuetán,2024,Mar,3,110,5.49,36.7,25.8,15.1,129.7,2.14,28.5,0,0,0,0,Atención,29.2,70.1,0.58,0.367,15.07,-92.41,45
P017,Maíz,Huehuetán,2024,Abr,4,111,5.39,48.3,29.2,15.9,137.1,2.16,28.7,0,0,0,0,Atención,29.1,76.6,0.34,0.483,15.07,-92.41,45
P017,Maíz,Huehuetán,2024,May,5,112,5.35,72.6,41.4,19.8,141.6,2.11,28.8,12,6,8,0,Atención,28.7,79.5,4.29,0.726,15.07,-92.41,45
P017,Maíz,Huehuetán,2024,Jun,6,113,5.47,87.5,26.9,14.4,136,2.2,26.6,0,0,0,0,Atención,27.6,82,9.18,0.875,15.07,-92.41,45
P017,Maíz,Huehuetán,2024,Jul,7,114,5.38,82.2,29.8,15.8,137.2,2.16,26.7,0,0,0,0,Atención,27.2,83.8,8.08,0.822,15.07,-92.41,45
P017,Maíz,Huehuetán,2024,Ago,8,115,5.42,82.7,28.1,15.2,132.9,2.12,26.6,0,0,0,0,Atención,27.4,83.8,8.29,0.827,15.07,-92.41,45
P017,Maíz,Huehuetán,2024,Sep,9,116,5.45,84.2,41.9,15,147.1,2.15,26.7,12,0,8,0,Atención,26.5,88.3,9.11,0.842,15.07,-92.41,45
P017,Maíz,Huehuetán,2024,Oct,10,117,5.35,82.6,29,14.5,134.9,2.16,26.7,0,0,0,0,Atención,27,86.1,6.57,0.826,15.07,-92.41,45
P017,Maíz,Huehuetán,2024,Nov,11,118,5.43,60,28.3,15.9,131,2.15,26.5,0,0,0,0,Atención,27,82.8,2.87,0.6,15.07,-92.41,45
P017,Maíz,Huehuetán,2024,Dic,12,119,5.34,53.5,26.8,14.4,137.3,2.19,26.5,0,0,0,0,Atención,26.8,73.8,0.69,0.535,15.07,-92.41,45
P018,Cacao,Huehuetán,2015,Ene,1,0,6,39.2,27.8,17.3,148.9,1.04,27.3,0,0,0,0,Óptimo,27.2,77.4,0,0.392,15.07,-92.41,45
P018,Cacao,Huehuetán,2015,Feb,2,1,5.98,38.5,31,15.5,151.3,1,27.1,0,0,0,0,Precaución,27.6,71.2,1.18,0.385,15.07,-92.41,45
P018,Cacao,Huehuetán,2015,Mar,3,2,6,34.1,30.8,19.3,144.6,1.1,28.3,0,0,0,0,Precaución,28.6,69.5,0.49,0.341,15.07,-92.41,45
P018,Cacao,Huehuetán,2015,Abr,4,3,5.89,40.6,28,18.3,150.9,1.05,29.4,0,0,0,0,Precaución,29.3,69.4,0.33,0.406,15.07,-92.41,45
P018,Cacao,Huehuetán,2015,May,5,4,5.9,70.2,29.7,17,154.1,1.04,28,0,0,0,0,Precaución,28.4,78.1,3.91,0.702,15.07,-92.41,45
P018,Cacao,Huehuetán,2015,Jun,6,5,5.94,86.6,29.5,18.2,156.4,1.1,26.9,0,0,0,0,Precaución,27.1,87.9,8.47,0.866,15.07,-92.41,45
P018,Cacao,Huehuetán,2015,Jul,7,6,5.92,87.9,37.1,19.3,161.8,1.01,26.6,8,0,6,0,Precaución,26.7,83.9,6.83,0.879,15.07,-92.41,45
P018,Cacao,Huehuetán,2015,Ago,8,7,5.93,80.5,29.3,17.9,145.7,1.09,26.9,0,0,0,0,Precaución,26.5,85.2,7.76,0.805,15.07,-92.41,45
P018,Cacao,Huehuetán,2015,Sep,9,8,5.9,85.9,26.6,18.3,142,1.07,26.4,0,0,0,0,Precaución,26.6,81.6,8.94,0.859,15.07,-92.41,45
P018,Cacao,Huehuetán,2015,Oct,10,9,5.9,85.6,27.9,18,157.5,1.06,26.5,0,0,0,0,Precaución,27.1,89.2,7.19,0.856,15.07,-92.41,45
P018,Cacao,Huehuetán,2015,Nov,11,10,5.89,64.8,27.3,17.7,156.3,1.06,26.8,0,0,0,0,Precaución,26.8,84.3,3.22,0.648,15.07,-92.41,45
P018,Cacao,Huehuetán,2015,Dic,12,11,5.88,52.3,31.2,19.7,150.2,1.17,26.1,0,0,0,0,Precaución,26.9,75.8,0.97,0.523,15.07,-92.41,45
P018,Cacao,Huehuetán,2016,Ene,1,12,5.92,41.7,35.8,22.4,157,1.1,26.8,8,4,6,0,Precaución,26.7,69,0,0.417,15.07,-92.41,45
P018,Cacao,Huehuetán,2016,Feb,2,13,5.82,42.8,29.9,18.6,141.9,1.04,27.2,0,0,0,0,Precaución,27.6,72,0.96,0.428,15.07,-92.41,45
P018,Cacao,Huehuetán,2016,Mar,3,14,5.76,37.1,27.1,19.1,154.9,1.08,28.1,0,0,0,0,Precaución,28.6,68.8,0.81,0.371,15.07,-92.41,45
P018,Cacao,Huehuetán,2016,Abr,4,15,5.89,34.8,29.6,17.4,146,1.12,29.2,0,0,0,0,Precaución,28.3,67.3,1.12,0.348,15.07,-92.41,45
P018,Cacao,Huehuetán,2016,May,5,16,5.87,70.6,28.3,16.6,153.1,1.11,29,0,0,0,0,Precaución,28.2,81.6,4.35,0.706,15.07,-92.41,45
P018,Cacao,Huehuetán,2016,Jun,6,17,5.88,86.7,28.8,17.6,149.2,1.05,27.1,0,0,0,0,Precaución,28.1,90,7.59,0.867,15.07,-92.41,45
P018,Cacao,Huehuetán,2016,Jul,7,18,5.81,82.8,37.8,18.9,163.2,1.14,27.2,8,0,6,0,Precaución,27.5,83.5,8.1,0.828,15.07,-92.41,45
P018,Cacao,Huehuetán,2016,Ago,8,19,5.8,89.8,29.2,17.3,154.7,1.1,26.3,0,0,0,0,Precaución,26.9,87.8,7.9,0.898,15.07,-92.41,45
P018,Cacao,Huehuetán,2016,Sep,9,20,5.89,91.9,30.7,17.2,149.8,1.13,26,0,0,0,0,Precaución,26.9,89.6,9.1,0.919,15.07,-92.41,45
P018,Cacao,Huehuetán,2016,Oct,10,21,5.88,86.4,27.5,18.2,147.2,1.13,26.8,0,0,0,0,Precaución,26.2,86.9,7.04,0.864,15.07,-92.41,45
P018,Cacao,Huehuetán,2016,Nov,11,22,5.85,61.3,28.7,19.3,155.3,1.13,26.4,0,0,0,0,Precaución,26.8,81.1,2.11,0.613,15.07,-92.41,45
P018,Cacao,Huehuetán,2016,Dic,12,23,5.82,51.4,29,17.7,154.2,1.18,26.6,0,0,0,0,Precaución,26.8,76.7,1.34,0.514,15.07,-92.41,45
P018,Cacao,Huehuetán,2017,Ene,1,24,5.98,40.8,39.3,23.5,157.6,1.15,26.6,8,4,6,0.15,Precaución,27.6,75.2,0.81,0.408,15.07,-92.41,45
P018,Cacao,Huehuetán,2017,Feb,2,25,5.8,36.9,28.8,16.7,152.8,1.14,27.1,0,0,0,0,Precaución,28,75,0,0.369,15.07,-92.41,45
P018,Cacao,Huehuetán,2017,Mar,3,26,5.72,31.7,27.5,18,149.6,1.15,28.3,0,0,0,0,Precaución,28.6,72.5,0.21,0.317,15.07,-92.41,45
P018,Cacao,Huehuetán,2017,Abr,4,27,5.8,41,28.2,17.9,152.5,1.17,29.1,0,0,0,0,Precaución,28.6,70.1,0.53,0.41,15.07,-92.41,45
P018,Cacao,Huehuetán,2017,May,5,28,5.76,64.3,30.1,18.8,144.9,1.13,28.2,0,0,0,0,Precaución,28.9,81.5,4.28,0.643,15.07,-92.41,45
P018,Cacao,Huehuetán,2017,Jun,6,29,5.82,84,29.2,17,152.4,1.13,27.6,0,0,0,0,Precaución,28,84.5,8.91,0.84,15.07,-92.41,45
P018,Cacao,Huehuetán,2017,Jul,7,30,5.82,84.6,36.1,17.6,156.3,1.11,26.8,8,0,6,0,Precaución,27.1,83.9,7.87,0.846,15.07,-92.41,45
P018,Cacao,Huehuetán,2017,Ago,8,31,5.73,86.7,28.4,17.8,147.6,1.18,26.5,0,0,0,0,Precaución,27.2,81.1,8.23,0.867,15.07,-92.41,45
P018,Cacao,Huehuetán,2017,Sep,9,32,5.75,82.5,28,16.7,158.9,1.1,26.3,0,0,0,0,Precaución,27,86.5,9.54,0.825,15.07,-92.41,45
P018,Cacao,Huehuetán,2017,Oct,10,33,5.79,79.7,24.9,16.7,151.7,1.16,26.6,0,0,0,0,Precaución,27.2,87.9,7.89,0.797,15.07,-92.41,45
P018,Cacao,Huehuetán,2017,Nov,11,34,5.75,62.8,30.3,16.3,153.2,1.1,26.5,0,0,0,0,Precaución,26.8,80.6,1.82,0.628,15.07,-92.41,45
P018,Cacao,Huehuetán,2017,Dic,12,35,5.78,54.3,26.5,16.9,149.2,1.22,26.5,0,0,0,0,Precaución,26.6,76.5,0.95,0.543,15.07,-92.41,45
P018,Cacao,Huehuetán,2018,Ene,1,36,5.77,42.6,38.2,21.7,158.9,1.17,26.9,8,4,6,0,Precaución,27.3,70.6,0,0.426,15.07,-92.41,45
P018,Cacao,Huehuetán,2018,Feb,2,37,5.73,43.8,28.3,18.8,151.5,1.17,27.4,0,0,0,0,Precaución,27.1,73.9,0.55,0.438,15.07,-92.41,45
P018,Cacao,Huehuetán,2018,Mar,3,38,5.72,33.6,28,17.1,149.2,1.19,28.5,0,0,0,0,Precaución,28.5,71,0,0.336,15.07,-92.41,45
P018,Cacao,Huehuetán,2018,Abr,4,39,5.66,37.5,27.1,18.1,146.1,1.18,28.9,0,0,0,0,Precaución,28.6,74,1.52,0.375,15.07,-92.41,45
P018,Cacao,Huehuetán,2018,May,5,40,5.66,67.9,27.8,17.9,145,1.13,28.3,0,0,0,0,Precaución,29.6,80.4,4.25,0.679,15.07,-92.41,45
P018,Cacao,Huehuetán,2018,Jun,6,41,5.67,83.7,27,18.7,145.7,1.23,27.3,0,0,0,0,Precaución,27.5,86.6,7.95,0.837,15.07,-92.41,45
P018,Cacao,Huehuetán,2018,Jul,7,42,5.67,92.5,35.6,18.6,155.5,1.25,26.7,8,0,6,0,Precaución,26.8,88,8.42,0.925,15.07,-92.41,45
P018,Cacao,Huehuetán,2018,Ago,8,43,5.73,89.3,28.1,17.2,149.7,1.19,26.6,0,0,0,0,Precaución,26.5,83.9,7.52,0.893,15.07,-92.41,45
P018,Cacao,Huehuetán,2018,Sep,9,44,5.71,84.2,29.5,17.7,154.9,1.22,26.5,0,0,0,0,Precaución,27,86.8,9.56,0.842,15.07,-92.41,45
P018,Cacao,Huehuetán,2018,Oct,10,45,5.65,81.1,27.5,18,148.5,1.24,26.7,0,0,0,0,Precaución,26.8,85,7.82,0.811,15.07,-92.41,45
P018,Cacao,Huehuetán,2018,Nov,11,46,5.72,65.4,26.5,17.1,144.5,1.21,26.3,0,0,0,0,Precaución,27,83,1.82,0.654,15.07,-92.41,45
P018,Cacao,Huehuetán,2018,Dic,12,47,5.64,51.1,26.3,16.1,154.7,1.19,26.3,0,0,0,0,Precaución,27.1,77.9,1.25,0.511,15.07,-92.41,45
P018,Cacao,Huehuetán,2019,Ene,1,48,5.76,49.1,36.8,21.4,161.2,1.24,26.3,8,4,6,0.15,Precaución,27.3,76.8,0.36,0.491,15.07,-92.41,45
P018,Cacao,Huehuetán,2019,Feb,2,49,5.66,40.3,28.6,15.9,152.1,1.26,27.6,0,0,0,0,Precaución,27.9,70.3,0,0.403,15.07,-92.41,45
P018,Cacao,Huehuetán,2019,Mar,3,50,5.71,34.9,27.3,17.7,150.2,1.23,28.5,0,0,0,0,Precaución,28.8,68.2,0.5,0.349,15.07,-92.41,45
P018,Cacao,Huehuetán,2019,Abr,4,51,5.62,39,27.7,17.7,153,1.17,29.3,0,0,0,0,Precaución,29.4,74,1.39,0.39,15.07,-92.41,45
P018,Cacao,Huehuetán,2019,May,5,52,5.64,70.3,27.5,17.7,154.5,1.29,28.5,0,0,0,0,Precaución,28.9,76.2,4.93,0.703,15.07,-92.41,45
P018,Cacao,Huehuetán,2019,Jun,6,53,5.63,81.2,27.7,16.9,152.7,1.23,27.1,0,0,0,0,Precaución,27.4,88.1,8.34,0.812,15.07,-92.41,45
P018,Cacao,Huehuetán,2019,Jul,7,54,5.61,84.3,36.9,17.9,153,1.28,27,8,0,6,0,Precaución,27,85.2,7.52,0.843,15.07,-92.41,45
P018,Cacao,Huehuetán,2019,Ago,8,55,5.63,81.2,27.5,17,152.3,1.29,26.9,0,0,0,0,Precaución,26.2,86.1,7.05,0.812,15.07,-92.41,45
P018,Cacao,Huehuetán,2019,Sep,9,56,5.56,90.3,27.6,17.9,150.5,1.2,26.4,0,0,0,0,Precaución,27.5,88,9.22,0.903,15.07,-92.41,45
P018,Cacao,Huehuetán,2019,Oct,10,57,5.66,82.9,28.1,16.2,149.2,1.3,26.6,0,0,0,0,Precaución,27.6,88.5,7.64,0.829,15.07,-92.41,45
P018,Cacao,Huehuetán,2019,Nov,11,58,5.6,67.1,27.3,17.9,151.5,1.25,26.6,0,0,0,0,Precaución,26.4,82.9,2.73,0.671,15.07,-92.41,45
P018,Cacao,Huehuetán,2019,Dic,12,59,5.6,46.7,26.8,16.4,145.5,1.28,26.6,0,0,0,0,Precaución,26.7,76.3,0.79,0.467,15.07,-92.41,45
P018,Cacao,Huehuetán,2020,Ene,1,60,5.54,43.2,34.4,21.3,159.5,1.26,26.5,8,4,6,0,Precaución,26.9,73.4,1.1,0.432,15.07,-92.41,45
P018,Cacao,Huehuetán,2020,Feb,2,61,5.58,38.7,29.7,17.2,143.1,1.23,27.6,0,0,0,0,Precaución,28.1,72.8,0.7,0.387,15.07,-92.41,45
P018,Cacao,Huehuetán,2020,Mar,3,62,5.61,37.3,25.9,17.1,151.8,1.29,28.3,0,0,0,0,Precaución,28.6,68.6,0.96,0.373,15.07,-92.41,45
P018,Cacao,Huehuetán,2020,Abr,4,63,5.57,40.1,25.9,16.4,150.5,1.33,29,0,0,0,0,Precaución,28.8,72.3,0.33,0.401,15.07,-92.41,45
P018,Cacao,Huehuetán,2020,May,5,64,5.63,64.4,28.6,17,142.9,1.29,28.6,0,0,0,0,Precaución,28.8,76.5,4.16,0.644,15.07,-92.41,45
P018,Cacao,Huehuetán,2020,Jun,6,65,5.53,85,26.7,16.7,150.3,1.33,27.4,0,0,0,0,Precaución,27.4,85.7,7.94,0.85,15.07,-92.41,45
P018,Cacao,Huehuetán,2020,Jul,7,66,5.59,85.8,35.8,15.3,157.3,1.27,26.9,8,0,6,0,Precaución,26.7,88.3,7.51,0.858,15.07,-92.41,45
P018,Cacao,Huehuetán,2020,Ago,8,67,5.66,84,28.6,15.7,149.1,1.29,26.6,0,0,0,0,Precaución,26.9,86.5,7.39,0.84,15.07,-92.41,45
P018,Cacao,Huehuetán,2020,Sep,9,68,5.55,88.5,27.1,18.1,149.9,1.28,26.6,0,0,0,0,Precaución,27.4,87.8,9.72,0.885,15.07,-92.41,45
P018,Cacao,Huehuetán,2020,Oct,10,69,5.55,80,25.4,16.6,154.5,1.32,26.7,0,0,0,0,Precaución,27.1,85,7.04,0.8,15.07,-92.41,45
P018,Cacao,Huehuetán,2020,Nov,11,70,5.51,65.3,26.2,18.4,147.1,1.34,26.1,0,0,0,0,Precaución,27.3,80.2,2.66,0.653,15.07,-92.41,45
P018,Cacao,Huehuetán,2020,Dic,12,71,5.52,48.1,27.9,17.4,148.3,1.28,26.5,0,0,0,0,Precaución,27.3,74,0.44,0.481,15.07,-92.41,45
P018,Cacao,Huehuetán,2021,Ene,1,72,5.67,41.7,34.4,20.8,157.2,1.25,27,8,4,6,0.15,Precaución,27.7,73.9,0.19,0.417,15.07,-92.41,45
P018,Cacao,Huehuetán,2021,Feb,2,73,5.49,40.1,24.8,17.5,150.7,1.37,27.3,0,0,0,0,Precaución,27.2,71.9,0.1,0.401,15.07,-92.41,45
P018,Cacao,Huehuetán,2021,Mar,3,74,5.49,36.8,29,15.3,149.2,1.35,28.7,0,0,0,0,Precaución,29.1,74.6,0.14,0.368,15.07,-92.41,45
P018,Cacao,Huehuetán,2021,Abr,4,75,5.47,40.7,25.3,16.6,150.4,1.31,28.9,0,0,0,0,Precaución,29.3,70.4,0.8,0.407,15.07,-92.41,45
P018,Cacao,Huehuetán,2021,May,5,76,5.52,74,26.4,17.1,147.4,1.27,28.4,0,0,0,0,Precaución,29.2,80.5,4.39,0.74,15.07,-92.41,45
P018,Cacao,Huehuetán,2021,Jun,6,77,5.52,85.8,26,15.9,148.7,1.37,27.1,0,0,0,0,Precaución,27.2,87.6,8.96,0.858,15.07,-92.41,45
P018,Cacao,Huehuetán,2021,Jul,7,78,5.5,80.6,34.2,15.8,154.7,1.37,27,8,0,6,0,Precaución,26.5,85.5,6.54,0.806,15.07,-92.41,45
P018,Cacao,Huehuetán,2021,Ago,8,79,5.53,83,25.2,16.2,149.7,1.34,27.3,0,0,0,0,Precaución,26.7,87.8,7.69,0.83,15.07,-92.41,45
P018,Cacao,Huehuetán,2021,Sep,9,80,5.42,78.9,26.6,17,150.1,1.38,26.6,0,0,0,0,Precaución,26.5,87.1,9.08,0.789,15.07,-92.41,45
P018,Cacao,Huehuetán,2021,Oct,10,81,5.48,78.3,26.1,16.3,147.4,1.32,26.5,0,0,0,0,Precaución,27.1,87.1,7.82,0.783,15.07,-92.41,45
P018,Cacao,Huehuetán,2021,Nov,11,82,5.46,63.9,26.2,16.8,147.8,1.38,26.7,0,0,0,0,Precaución,27.4,81.5,1.93,0.639,15.07,-92.41,45
P018,Cacao,Huehuetán,2021,Dic,12,83,5.39,51.6,25.8,17.1,143.3,1.38,26.9,0,0,0,0,Precaución,26.8,75.4,0.21,0.516,15.07,-92.41,45
P018,Cacao,Huehuetán,2022,Ene,1,84,5.51,47.6,36.6,21.1,152.9,1.44,26.7,8,4,6,0,Precaución,26.5,74.4,0,0.476,15.07,-92.41,45
P018,Cacao,Huehuetán,2022,Feb,2,85,5.43,35,26.2,17.3,155.8,1.46,27.5,0,0,0,0,Precaución,27.8,71,1.63,0.35,15.07,-92.41,45
P018,Cacao,Huehuetán,2022,Mar,3,86,5.55,38.7,28.2,15.8,144.1,1.42,28.4,0,0,0,0,Precaución,28.5,68.4,0.05,0.387,15.07,-92.41,45
P018,Cacao,Huehuetán,2022,Abr,4,87,5.39,38,26,17.5,148.3,1.34,29.5,0,0,0,0,Precaución,29.4,67.8,0.12,0.38,15.07,-92.41,45
P018,Cacao,Huehuetán,2022,May,5,88,5.48,69.6,26.5,15.3,146.1,1.44,28.8,0,0,0,0,Precaución,29.2,76.2,4.56,0.696,15.07,-92.41,45
P018,Cacao,Huehuetán,2022,Jun,6,89,5.43,81.1,27,16.8,150.1,1.42,27.4,0,0,0,0,Precaución,27.7,83.6,6.9,0.811,15.07,-92.41,45
P018,Cacao,Huehuetán,2022,Jul,7,90,5.4,82.8,36.7,16.4,157.3,1.38,26.6,8,0,6,0,Precaución,27,88,6.96,0.828,15.07,-92.41,45
P018,Cacao,Huehuetán,2022,Ago,8,91,5.38,82.6,26.7,16.4,152.8,1.41,26.7,0,0,0,0,Precaución,26.8,83.2,7.64,0.826,15.07,-92.41,45
P018,Cacao,Huehuetán,2022,Sep,9,92,5.48,84.2,23.5,15.7,150.6,1.35,26.3,0,0,0,0,Precaución,26.9,86.4,9.94,0.842,15.07,-92.41,45
P018,Cacao,Huehuetán,2022,Oct,10,93,5.34,86.8,27.1,15.8,145,1.41,26.5,0,0,0,0,Precaución,26.4,86.7,7.25,0.868,15.07,-92.41,45
P018,Cacao,Huehuetán,2022,Nov,11,94,5.38,57.6,25.5,16.8,153.2,1.42,27,0,0,0,0,Precaución,27.1,81,1.61,0.576,15.07,-92.41,45
P018,Cacao,Huehuetán,2022,Dic,12,95,5.39,45.7,27.1,15.7,150.7,1.46,26.6,0,0,0,0,Precaución,27.3,75,0.93,0.457,15.07,-92.41,45
P018,Cacao,Huehuetán,2023,Ene,1,96,5.53,41.1,33.3,20.2,154.9,1.34,26.9,8,4,6,0.15,Precaución,27,71.2,0,0.411,15.07,-92.41,45
P018,Cacao,Huehuetán,2023,Feb,2,97,5.31,35.4,26.2,16.7,154,1.31,27.6,0,0,0,0,Precaución,27.4,72.7,0,0.354,15.07,-92.41,45
P018,Cacao,Huehuetán,2023,Mar,3,98,5.37,29.7,25,16.5,154.9,1.41,28.5,0,0,0,0,Atención,28.4,73.2,0.34,0.297,15.07,-92.41,45
P018,Cacao,Huehuetán,2023,Abr,4,99,5.37,36.7,27.4,16.4,151.2,1.47,29,0,0,0,0,Precaución,28.7,69,0.28,0.367,15.07,-92.41,45
P018,Cacao,Huehuetán,2023,May,5,100,5.36,68.9,27.1,17.5,155.7,1.44,28.5,0,0,0,0,Precaución,29.3,81.1,4.03,0.689,15.07,-92.41,45
P018,Cacao,Huehuetán,2023,Jun,6,101,5.29,80.1,26.4,16.8,148.4,1.41,27.9,0,0,0,0,Precaución,28.1,84.9,8.15,0.801,15.07,-92.41,45
P018,Cacao,Huehuetán,2023,Jul,7,102,5.28,79.5,34,17.9,152.8,1.43,26.6,8,0,6,0,Precaución,26.7,87.7,8.05,0.795,15.07,-92.41,45
P018,Cacao,Huehuetán,2023,Ago,8,103,5.33,80.4,27.4,18.4,151.2,1.52,27,0,0,0,0,Atención,26.4,88.5,7.5,0.804,15.07,-92.41,45
P018,Cacao,Huehuetán,2023,Sep,9,104,5.35,84.4,28.1,16.9,147.3,1.49,26.3,0,0,0,0,Precaución,27.6,85.3,9.27,0.844,15.07,-92.41,45
P018,Cacao,Huehuetán,2023,Oct,10,105,5.38,85.1,24.4,18,146.1,1.49,26.7,0,0,0,0,Precaución,26.8,84.3,7.6,0.851,15.07,-92.41,45
P018,Cacao,Huehuetán,2023,Nov,11,106,5.27,65.4,26.3,16,150.7,1.48,26.7,0,0,0,0,Precaución,26.8,83.8,2.59,0.654,15.07,-92.41,45
P018,Cacao,Huehuetán,2023,Dic,12,107,5.28,49.6,27.7,16.1,148.1,1.49,26.3,0,0,0,0,Precaución,26.6,73.6,0.87,0.496,15.07,-92.41,45
P018,Cacao,Huehuetán,2024,Ene,1,108,5.31,42.1,36.3,20.2,159.3,1.4,26.7,8,4,6,0,Precaución,27,73.7,0.07,0.421,15.07,-92.41,45
P018,Cacao,Huehuetán,2024,Feb,2,109,5.29,31.7,25.7,15.8,148.5,1.52,27.2,0,0,0,0,Atención,28.3,73.4,0,0.317,15.07,-92.41,45
P018,Cacao,Huehuetán,2024,Mar,3,110,5.32,35.9,25.2,15.2,150.6,1.49,28.4,0,0,0,0,Precaución,28.2,71.4,0,0.359,15.07,-92.41,45
P018,Cacao,Huehuetán,2024,Abr,4,111,5.32,42.1,26.9,16.8,151,1.51,29.3,0,0,0,0,Atención,29.1,71.6,0.2,0.421,15.07,-92.41,45
P018,Cacao,Huehuetán,2024,May,5,112,5.32,64.6,26.2,15.4,149.9,1.48,28.7,0,0,0,0,Precaución,28.9,77,3.92,0.646,15.07,-92.41,45
P018,Cacao,Huehuetán,2024,Jun,6,113,5.29,84.6,26.1,14.6,152.4,1.45,27.3,0,0,0,0,Atención,27.1,86.7,7.35,0.846,15.07,-92.41,45
P018,Cacao,Huehuetán,2024,Jul,7,114,5.24,87.8,34.5,15.7,153.9,1.5,26.8,8,0,6,0,Precaución,27.8,84.6,7.26,0.878,15.07,-92.41,45
P018,Cacao,Huehuetán,2024,Ago,8,115,5.28,80.7,25.3,16,151.7,1.51,27.2,0,0,0,0,Atención,27.7,79.5,7.41,0.807,15.07,-92.41,45
P018,Cacao,Huehuetán,2024,Sep,9,116,5.3,87,24.1,15.1,152.3,1.5,26.4,0,0,0,0,Precaución,26.1,80.5,8.76,0.87,15.07,-92.41,45
P018,Cacao,Huehuetán,2024,Oct,10,117,5.24,83,26.3,15.1,148.2,1.49,26.9,0,0,0,0,Precaución,26.9,87.9,7.06,0.83,15.07,-92.41,45
P018,Cacao,Huehuetán,2024,Nov,11,118,5.26,63.8,25.4,14,153.7,1.52,26.5,0,0,0,0,Atención,27.2,79.6,2.85,0.638,15.07,-92.41,45
P018,Cacao,Huehuetán,2024,Dic,12,119,5.23,52.3,27.1,15.9,147.7,1.52,26.3,0,0,0,0,Atención,26.9,75.2,1.29,0.523,15.07,-92.41,45
P019,Palma,Huehuetán,2015,Ene,1,0,5.6,41.3,24.3,13.8,126.7,1.53,26.5,0,0,0,0,Atención,27.1,72.3,0,0.413,15.07,-92.41,45
P019,Palma,Huehuetán,2015,Feb,2,1,5.54,41.5,22.5,14.8,134,1.49,27.1,0,0,0,0,Precaución,27.4,75.3,0.79,0.415,15.07,-92.41,45
P019,Palma,Huehuetán,2015,Mar,3,2,5.61,36.2,23.4,15.2,134.9,1.55,28.1,0,0,0,0,Precaución,28.7,70.5,1.02,0.362,15.07,-92.41,45
P019,Palma,Huehuetán,2015,Abr,4,3,5.56,40.7,22.8,12.9,128.7,1.5,28.7,0,0,0,0,Precaución,29.8,70.2,0.14,0.407,15.07,-92.41,45
P019,Palma,Huehuetán,2015,May,5,4,5.56,67.2,26.7,13.9,129.9,1.51,28.9,0,0,0,0,Atención,28.6,77.4,4.66,0.672,15.07,-92.41,45
P019,Palma,Huehuetán,2015,Jun,6,5,5.57,85.3,23.2,14.4,124.3,1.54,27.5,0,0,0,0,Atención,27.3,87.3,8.29,0.853,15.07,-92.41,45
P019,Palma,Huehuetán,2015,Jul,7,6,5.55,85.3,29.3,13.4,123.9,1.56,26.8,5,0,7,0,Atención,26.9,83.8,7.99,0.853,15.07,-92.41,45
P019,Palma,Huehuetán,2015,Ago,8,7,5.56,84.9,25.9,13.4,125.7,1.51,26.5,0,0,0,0,Atención,27.4,88,7.4,0.849,15.07,-92.41,45
P019,Palma,Huehuetán,2015,Sep,9,8,5.54,87.7,24.8,13.9,127.5,1.49,26.7,0,0,0,0,Precaución,26.7,88.8,9.09,0.877,15.07,-92.41,45
P019,Palma,Huehuetán,2015,Oct,10,9,5.56,80.6,23.1,13.8,135,1.54,26.1,0,0,0,0,Atención,26.9,85.9,6.95,0.806,15.07,-92.41,45
P019,Palma,Huehuetán,2015,Nov,11,10,5.54,61.2,22.8,14.1,124.9,1.51,26.6,0,0,0,0,Atención,26.8,82.5,1.42,0.612,15.07,-92.41,45
P019,Palma,Huehuetán,2015,Dic,12,11,5.56,53.8,21.3,13.4,120.4,1.56,26.3,0,0,0,0,Atención,26.5,76.4,1.14,0.538,15.07,-92.41,45
P019,Palma,Huehuetán,2016,Ene,1,12,5.64,43.9,27.8,17.1,130.4,1.54,26.8,5,3,7,0,Precaución,27.2,72.2,0.82,0.439,15.07,-92.41,45
P019,Palma,Huehuetán,2016,Feb,2,13,5.59,38.1,22.7,13.1,123.9,1.62,27.3,0,0,0,0,Atención,27.3,71.4,0.31,0.381,15.07,-92.41,45
P019,Palma,Huehuetán,2016,Mar,3,14,5.59,40.8,24,15,122,1.53,28.5,0,0,0,0,Precaución,28.8,70.5,0.85,0.408,15.07,-92.41,45
P019,Palma,Huehuetán,2016,Abr,4,15,5.55,35.7,25.1,13.8,128.9,1.62,28.6,0,0,0,0,Atención,29,69.5,0.27,0.357,15.07,-92.41,45
P019,Palma,Huehuetán,2016,May,5,16,5.5,68.7,20.9,12.3,129.4,1.6,28.5,0,0,0,0,Atención,29.1,79.8,4.04,0.687,15.07,-92.41,45
P019,Palma,Huehuetán,2016,Jun,6,17,5.44,83.6,22.9,13.1,128.8,1.48,27.3,0,0,0,0,Atención,27.6,80.5,7.11,0.836,15.07,-92.41,45
P019,Palma,Huehuetán,2016,Jul,7,18,5.57,85.9,27.4,13.1,136.3,1.53,26.7,5,0,7,0,Atención,26.8,88.1,7.63,0.859,15.07,-92.41,45
P019,Palma,Huehuetán,2016,Ago,8,19,5.56,85.2,24.6,13.6,128.5,1.66,26.2,0,0,0,0,Atención,26.6,86.8,7.34,0.852,15.07,-92.41,45
P019,Palma,Huehuetán,2016,Sep,9,20,5.53,91.3,23.6,14.4,130.1,1.63,26.1,0,0,0,0,Atención,26.9,82.2,9.69,0.913,15.07,-92.41,45
P019,Palma,Huehuetán,2016,Oct,10,21,5.6,89.1,22.4,14.4,124.2,1.56,26.5,0,0,0,0,Atención,26.6,87.9,6.95,0.891,15.07,-92.41,45
P019,Palma,Huehuetán,2016,Nov,11,22,5.4,63.5,24.7,13.8,128.2,1.58,25.9,0,0,0,0,Atención,27.2,82.5,2.73,0.635,15.07,-92.41,45
P019,Palma,Huehuetán,2016,Dic,12,23,5.47,55.1,25.1,14.1,126.9,1.6,26.2,0,0,0,0,Atención,27.2,76.2,0.76,0.551,15.07,-92.41,45
P019,Palma,Huehuetán,2017,Ene,1,24,5.54,42.3,26.7,16.6,127.3,1.62,26.8,5,3,7,0,Precaución,27.4,74.4,0.83,0.423,15.07,-92.41,45
P019,Palma,Huehuetán,2017,Feb,2,25,5.49,39.7,24.7,12.8,125.3,1.59,27.3,0,0,0,0,Atención,28.1,70.9,0,0.397,15.07,-92.41,45
P019,Palma,Huehuetán,2017,Mar,3,26,5.58,37.5,24.6,13.9,123.9,1.62,28.3,0,0,0,0,Atención,28.5,68.5,0.13,0.375,15.07,-92.41,45
P019,Palma,Huehuetán,2017,Abr,4,27,5.51,36,22.3,13,128.3,1.54,29.2,0,0,0,0,Atención,29.1,69.7,1.11,0.36,15.07,-92.41,45
P019,Palma,Huehuetán,2017,May,5,28,5.45,71.8,22.5,13.9,133.5,1.58,28.6,0,0,0,0,Atención,29.1,78.4,3.81,0.718,15.07,-92.41,45
P019,Palma,Huehuetán,2017,Jun,6,29,5.42,82.6,19.7,14.5,125.4,1.7,27.3,0,0,0,0,Crítico,27.4,88.9,7.1,0.826,15.07,-92.41,45
P019,Palma,Huehuetán,2017,Jul,7,30,5.53,83,27.9,12.2,134.6,1.63,27,5,0,7,0,Atención,27.1,83.8,8.5,0.83,15.07,-92.41,45
P019,Palma,Huehuetán,2017,Ago,8,31,5.53,85.4,22.2,13.9,126.9,1.64,27,0,0,0,0,Atención,26.5,84.8,7.65,0.854,15.07,-92.41,45
P019,Palma,Huehuetán,2017,Sep,9,32,5.45,87.9,23.3,14.4,124.1,1.65,26.1,0,0,0,0,Atención,26.8,84.1,10.16,0.879,15.07,-92.41,45
P019,Palma,Huehuetán,2017,Oct,10,33,5.42,85.5,22,13,126.6,1.62,26.8,0,0,0,0,Atención,26.9,83.8,8.33,0.855,15.07,-92.41,45
P019,Palma,Huehuetán,2017,Nov,11,34,5.45,65.4,22.6,12.2,122.5,1.63,26.6,0,0,0,0,Atención,27.2,79.4,1.19,0.654,15.07,-92.41,45
P019,Palma,Huehuetán,2017,Dic,12,35,5.5,53.4,23.3,12.4,123.8,1.68,26.4,0,0,0,0,Atención,26.8,75,1.12,0.534,15.07,-92.41,45
P019,Palma,Huehuetán,2018,Ene,1,36,5.44,42.5,29.3,16.4,134.1,1.64,26.6,5,3,7,0,Atención,27.3,74.3,0,0.425,15.07,-92.41,45
P019,Palma,Huehuetán,2018,Feb,2,37,5.44,38.4,20.7,14.2,116.5,1.66,27.2,0,0,0,0,Atención,27.1,70.4,0.4,0.384,15.07,-92.41,45
P019,Palma,Huehuetán,2018,Mar,3,38,5.44,28.9,21.8,13.2,128.4,1.59,28.5,0,0,0,0,Crítico,28.8,69.7,0,0.289,15.07,-92.41,45
P019,Palma,Huehuetán,2018,Abr,4,39,5.51,40.6,22.2,14.6,121.8,1.58,29.2,0,0,0,0,Atención,30.1,75.4,0.71,0.406,15.07,-92.41,45
P019,Palma,Huehuetán,2018,May,5,40,5.49,69.6,22.1,13.8,130.4,1.69,28.3,0,0,0,0,Atención,28.6,78.9,4.77,0.696,15.07,-92.41,45
P019,Palma,Huehuetán,2018,Jun,6,41,5.35,84.9,21.7,13.2,121.8,1.69,27.9,0,0,0,0,Atención,27.6,86.6,8.25,0.849,15.07,-92.41,45
P019,Palma,Huehuetán,2018,Jul,7,42,5.46,85.7,25.6,13.8,135.3,1.63,26.8,5,0,7,0,Atención,27,87,8.25,0.857,15.07,-92.41,45
P019,Palma,Huehuetán,2018,Ago,8,43,5.47,84.3,23.7,13.8,129.4,1.78,26.9,0,0,0,0,Atención,26.6,87.9,7.32,0.843,15.07,-92.41,45
P019,Palma,Huehuetán,2018,Sep,9,44,5.41,84.6,22.7,13.3,124.5,1.72,26.7,0,0,0,0,Atención,26.8,84.5,9.96,0.846,15.07,-92.41,45
P019,Palma,Huehuetán,2018,Oct,10,45,5.48,84.1,23.6,13.3,126.2,1.7,26.6,0,0,0,0,Atención,26.5,81.4,7.02,0.841,15.07,-92.41,45
P019,Palma,Huehuetán,2018,Nov,11,46,5.35,65.2,21.7,13.6,117.5,1.65,26.8,0,0,0,0,Atención,27.3,80.5,2.57,0.652,15.07,-92.41,45
P019,Palma,Huehuetán,2018,Dic,12,47,5.42,50.8,22.7,13.2,125.9,1.69,26.5,0,0,0,0,Atención,27,72.4,1.24,0.508,15.07,-92.41,45
P019,Palma,Huehuetán,2019,Ene,1,48,5.5,37.4,27.2,17.9,133.9,1.67,26.8,5,3,7,0.1,Precaución,27.5,73.9,0,0.374,15.07,-92.41,45
P019,Palma,Huehuetán,2019,Feb,2,49,5.37,42.3,21.2,14,121.4,1.66,27.6,0,0,0,0,Atención,27.1,68.6,0,0.423,15.07,-92.41,45
P019,Palma,Huehuetán,2019,Mar,3,50,5.4,37.4,23.5,13.5,131.1,1.67,28.2,0,0,0,0,Atención,28.5,70.8,0,0.374,15.07,-92.41,45
P019,Palma,Huehuetán,2019,Abr,4,51,5.32,40.8,20.7,13.3,127.2,1.71,29.6,0,0,0,0,Atención,29.5,71.6,1.07,0.408,15.07,-92.41,45
P019,Palma,Huehuetán,2019,May,5,52,5.36,64.3,21.8,10.9,125.5,1.73,28.8,0,0,0,0,Atención,28.7,78.5,4.24,0.643,15.07,-92.41,45
P019,Palma,Huehuetán,2019,Jun,6,53,5.33,82.1,20.3,13.1,127.6,1.73,27.5,0,0,0,0,Atención,27.3,84.4,7.96,0.821,15.07,-92.41,45
P019,Palma,Huehuetán,2019,Jul,7,54,5.38,84.2,29.7,12.3,134.2,1.7,26.9,5,0,7,0,Atención,26.9,87.1,8.36,0.842,15.07,-92.41,45
P019,Palma,Huehuetán,2019,Ago,8,55,5.37,86,20.5,13.4,123.4,1.69,27.1,0,0,0,0,Atención,26.8,85.1,8.58,0.86,15.07,-92.41,45
P019,Palma,Huehuetán,2019,Sep,9,56,5.32,89.6,21.1,14,131.3,1.69,27.1,0,0,0,0,Crítico,26.8,87,9.36,0.896,15.07,-92.41,45
P019,Palma,Huehuetán,2019,Oct,10,57,5.45,82.3,23.2,11.1,123.5,1.71,26.1,0,0,0,0,Atención,27.4,90.2,7.76,0.823,15.07,-92.41,45
P019,Palma,Huehuetán,2019,Nov,11,58,5.34,70.1,24.7,13.4,123.2,1.75,26.7,0,0,0,0,Atención,26.1,83.3,1.82,0.701,15.07,-92.41,45
P019,Palma,Huehuetán,2019,Dic,12,59,5.32,53.5,20.5,12.6,122.5,1.79,26.9,0,0,0,0,Atención,26.9,77.4,1.25,0.535,15.07,-92.41,45
P019,Palma,Huehuetán,2020,Ene,1,60,5.37,40.8,29.1,16.1,131.8,1.77,26.7,5,3,7,0,Atención,26.8,73.4,0,0.408,15.07,-92.41,45
P019,Palma,Huehuetán,2020,Feb,2,61,5.37,37.5,21.6,12,126.2,1.73,27.4,0,0,0,0,Atención,27.8,68.9,0,0.375,15.07,-92.41,45
P019,Palma,Huehuetán,2020,Mar,3,62,5.37,30.5,23.1,13.2,128.9,1.77,28.4,0,0,0,0,Crítico,28.6,65.4,0.2,0.305,15.07,-92.41,45
P019,Palma,Huehuetán,2020,Abr,4,63,5.34,39.7,20.3,13,121.9,1.73,29.1,0,0,0,0,Atención,29.3,72.4,0.47,0.397,15.07,-92.41,45
P019,Palma,Huehuetán,2020,May,5,64,5.4,62.4,24,13.7,124.4,1.69,28.5,0,0,0,0,Atención,28.5,77.7,4.68,0.624,15.07,-92.41,45
P019,Palma,Huehuetán,2020,Jun,6,65,5.35,89.7,22.2,12.2,126.8,1.77,26.9,0,0,0,0,Crítico,27.9,86,9.49,0.897,15.07,-92.41,45
P019,Palma,Huehuetán,2020,Jul,7,66,5.29,82.7,27.6,12.8,130.4,1.8,26.9,5,0,7,0,Atención,27.1,88.3,6.56,0.827,15.07,-92.41,45
P019,Palma,Huehuetán,2020,Ago,8,67,5.26,86.5,20.6,12.2,119.5,1.83,27,0,0,0,0,Atención,26.5,86.3,7.55,0.865,15.07,-92.41,45
P019,Palma,Huehuetán,2020,Sep,9,68,5.33,88.1,20.9,12.4,130.4,1.86,26.6,0,0,0,0,Crítico,27.3,85.3,9.66,0.881,15.07,-92.41,45
P019,Palma,Huehuetán,2020,Oct,10,69,5.34,79.1,23.9,13.1,127.3,1.78,26.6,0,0,0,0,Atención,27.4,86.7,7.93,0.791,15.07,-92.41,45
P019,Palma,Huehuetán,2020,Nov,11,70,5.32,62.6,22.2,12.9,130.5,1.68,26.6,0,0,0,0,Atención,27.3,83.2,2.48,0.626,15.07,-92.41,45
P019,Palma,Huehuetán,2020,Dic,12,71,5.34,48.9,22.4,12.8,134.4,1.79,26.5,0,0,0,0,Atención,26.2,75,0.98,0.489,15.07,-92.41,45
P019,Palma,Huehuetán,2021,Ene,1,72,5.26,38.8,27.4,15.4,133.7,1.8,26.7,5,3,7,0,Atención,27.1,71.2,0.18,0.388,15.07,-92.41,45
P019,Palma,Huehuetán,2021,Feb,2,73,5.3,34.4,22.8,11.9,126,1.84,27.5,0,0,0,0,Crítico,27.9,72.7,0.26,0.344,15.07,-92.41,45
P019,Palma,Huehuetán,2021,Mar,3,74,5.27,34,21.1,13.2,124.5,1.77,28.2,0,0,0,0,Crítico,28.8,70.9,0,0.34,15.07,-92.41,45
P019,Palma,Huehuetán,2021,Abr,4,75,5.29,38.2,21.4,13.4,129.2,1.85,29,0,0,0,0,Atención,29.2,72.2,0.47,0.382,15.07,-92.41,45
P019,Palma,Huehuetán,2021,May,5,76,5.25,69,22.4,12.8,134.3,1.8,28.5,0,0,0,0,Atención,29.7,76.1,3.98,0.69,15.07,-92.41,45
P019,Palma,Huehuetán,2021,Jun,6,77,5.3,83.7,21,13.4,128.2,1.79,27.6,0,0,0,0,Atención,27.8,86,8.48,0.837,15.07,-92.41,45
P019,Palma,Huehuetán,2021,Jul,7,78,5.25,82.1,24.5,13.7,132.2,1.77,26.7,5,0,7,0,Atención,27,85.5,7.03,0.821,15.07,-92.41,45
P019,Palma,Huehuetán,2021,Ago,8,79,5.28,86,19.7,12.6,129.7,1.78,26.8,0,0,0,0,Crítico,27.5,86,8.45,0.86,15.07,-92.41,45
P019,Palma,Huehuetán,2021,Sep,9,80,5.32,90.6,21.7,13.4,123.2,1.88,26.4,0,0,0,0,Crítico,26.5,87.4,9.5,0.906,15.07,-92.41,45
P019,Palma,Huehuetán,2021,Oct,10,81,5.28,84,22,12.4,121.8,1.74,26.6,0,0,0,0,Atención,27.1,86.1,7.35,0.84,15.07,-92.41,45
P019,Palma,Huehuetán,2021,Nov,11,82,5.28,65.1,23.1,13.8,131.1,1.88,26.8,0,0,0,0,Atención,27.7,82.2,2.93,0.651,15.07,-92.41,45
P019,Palma,Huehuetán,2021,Dic,12,83,5.3,49.1,21.7,11.7,127.2,1.84,26.7,0,0,0,0,Atención,26.9,77,1.93,0.491,15.07,-92.41,45
P019,Palma,Huehuetán,2022,Ene,1,84,5.25,45.7,25.9,15.6,139.2,1.86,26.6,5,3,7,0,Atención,27.3,73.6,0.5,0.457,15.07,-92.41,45
P019,Palma,Huehuetán,2022,Feb,2,85,5.26,38.7,20.9,13.4,129,1.84,27.7,0,0,0,0,Atención,27.6,74.5,0.28,0.387,15.07,-92.41,45
P019,Palma,Huehuetán,2022,Mar,3,86,5.24,30.5,21.4,12.1,117.6,1.82,28.3,0,0,0,0,Crítico,29,69.6,0.38,0.305,15.07,-92.41,45
P019,Palma,Huehuetán,2022,Abr,4,87,5.27,40.4,22,13.1,127.7,1.81,28.4,0,0,0,0,Atención,29.4,69,1.16,0.404,15.07,-92.41,45
P019,Palma,Huehuetán,2022,May,5,88,5.31,67.6,21.5,12.3,130.3,1.88,28.2,0,0,0,0,Atención,28.9,77.3,3.7,0.676,15.07,-92.41,45
P019,Palma,Huehuetán,2022,Jun,6,89,5.18,84.4,24.4,12.7,129.2,1.83,27,0,0,0,0,Atención,28.3,83.3,7.61,0.844,15.07,-92.41,45
P019,Palma,Huehuetán,2022,Jul,7,90,5.28,85.1,26.1,13,128.1,1.91,26.6,5,0,7,0,Atención,27.1,87.6,7.36,0.851,15.07,-92.41,45
P019,Palma,Huehuetán,2022,Ago,8,91,5.23,82.2,21.8,13.5,128.6,1.89,26.7,0,0,0,0,Atención,27.4,88.7,8.52,0.822,15.07,-92.41,45
P019,Palma,Huehuetán,2022,Sep,9,92,5.29,83.2,19.1,13.1,124.5,1.87,26.7,0,0,0,0,Crítico,27,85.2,9.29,0.832,15.07,-92.41,45
P019,Palma,Huehuetán,2022,Oct,10,93,5.22,82.1,21.6,12.9,124.1,1.84,26.7,0,0,0,0,Atención,27.1,84.7,6.89,0.821,15.07,-92.41,45
P019,Palma,Huehuetán,2022,Nov,11,94,5.25,66.2,23.7,13.1,122.4,1.86,26.6,0,0,0,0,Atención,26.7,82.3,1.87,0.662,15.07,-92.41,45
P019,Palma,Huehuetán,2022,Dic,12,95,5.25,46.8,21,11.2,122.3,1.94,26.4,0,0,0,0,Atención,27.1,76.6,1.12,0.468,15.07,-92.41,45
P019,Palma,Huehuetán,2023,Ene,1,96,5.37,38.6,25.7,14.8,131.4,1.94,26.7,5,3,7,0.1,Atención,26.9,75.7,0,0.386,15.07,-92.41,45
P019,Palma,Huehuetán,2023,Feb,2,97,5.24,36.6,20.9,11.9,124,1.86,27.4,0,0,0,0,Atención,28.1,73,0,0.366,15.07,-92.41,45
P019,Palma,Huehuetán,2023,Mar,3,98,5.2,30.6,22,11.9,139.8,1.88,28.6,0,0,0,0,Crítico,28.7,71,0.41,0.306,15.07,-92.41,45
P019,Palma,Huehuetán,2023,Abr,4,99,5.23,45.9,23.3,12.6,126.1,1.87,29.3,0,0,0,0,Atención,29.4,66.4,1.19,0.459,15.07,-92.41,45
P019,Palma,Huehuetán,2023,May,5,100,5.2,65.3,23,11.2,125.5,1.93,29,0,0,0,0,Atención,29.2,79.5,4.77,0.653,15.07,-92.41,45
P019,Palma,Huehuetán,2023,Jun,6,101,5.19,87.8,20.3,10.8,126.8,1.93,27.3,0,0,0,0,Atención,28.2,86.8,8.15,0.878,15.07,-92.41,45
P019,Palma,Huehuetán,2023,Jul,7,102,5.17,76.5,24.8,12.1,131.7,1.95,26.9,5,0,7,0,Atención,27,89.9,7.69,0.765,15.07,-92.41,45
P019,Palma,Huehuetán,2023,Ago,8,103,5.14,85.1,20.2,13.4,122.5,1.92,26.2,0,0,0,0,Atención,27.4,85.5,7.71,0.851,15.07,-92.41,45
P019,Palma,Huehuetán,2023,Sep,9,104,5.17,86.2,22.1,12.6,128.2,1.87,26.8,0,0,0,0,Atención,27.6,87.6,9.65,0.862,15.07,-92.41,45
P019,Palma,Huehuetán,2023,Oct,10,105,5.24,75.4,21.1,11.4,123,1.9,27,0,0,0,0,Atención,26.8,88.4,6.9,0.754,15.07,-92.41,45
P019,Palma,Huehuetán,2023,Nov,11,106,5.18,61.3,22.9,12.3,129.5,1.96,26.7,0,0,0,0,Atención,26.8,83.4,2.8,0.613,15.07,-92.41,45
P019,Palma,Huehuetán,2023,Dic,12,107,5.14,48.8,20.1,12.5,122.5,1.97,27,0,0,0,0,Atención,27.6,76.8,0.82,0.488,15.07,-92.41,45
P019,Palma,Huehuetán,2024,Ene,1,108,5.15,41.2,25.6,16.3,128.3,2.05,26.5,5,3,7,0,Atención,27,72.8,0.44,0.412,15.07,-92.41,45
P019,Palma,Huehuetán,2024,Feb,2,109,5.19,33.3,21.3,12.9,123.3,1.88,27.9,0,0,0,0,Crítico,28,72.4,0.82,0.333,15.07,-92.41,45
P019,Palma,Huehuetán,2024,Mar,3,110,5.15,33.4,20.4,12,123.7,1.97,28.5,0,0,0,0,Crítico,28.1,70.9,1.93,0.334,15.07,-92.41,45
P019,Palma,Huehuetán,2024,Abr,4,111,5.15,37.2,22,11.6,125.9,1.99,29,0,0,0,0,Atención,29.8,68.9,0.15,0.372,15.07,-92.41,45
P019,Palma,Huehuetán,2024,May,5,112,5.12,67.2,19,12.7,120.2,1.95,28.4,0,0,0,0,Crítico,29.4,78.9,4.12,0.672,15.07,-92.41,45
P019,Palma,Huehuetán,2024,Jun,6,113,5.12,83,19.5,11.9,122.6,1.97,27.7,0,0,0,0,Crítico,27.1,85.1,7.91,0.83,15.07,-92.41,45
P019,Palma,Huehuetán,2024,Jul,7,114,5.16,85,23.8,12.2,133.3,1.93,26.7,5,0,7,0,Atención,27.4,85.9,8.57,0.85,15.07,-92.41,45
P019,Palma,Huehuetán,2024,Ago,8,115,5.05,80.6,21.6,11.9,121.5,1.95,26.7,0,0,0,0,Atención,27.2,86.3,8.13,0.806,15.07,-92.41,45
P019,Palma,Huehuetán,2024,Sep,9,116,5.11,87.1,22.4,12.3,120.2,2,26.7,0,0,0,0,Atención,27.1,87.1,9.64,0.871,15.07,-92.41,45
P019,Palma,Huehuetán,2024,Oct,10,117,5.19,80.5,21.1,12.2,118.4,2.02,26.4,0,0,0,0,Atención,27.8,85.6,6.84,0.805,15.07,-92.41,45
P019,Palma,Huehuetán,2024,Nov,11,118,5.15,59.1,19.1,12,128.9,1.89,26.4,0,0,0,0,Crítico,27.6,83.7,1.57,0.591,15.07,-92.41,45
P019,Palma,Huehuetán,2024,Dic,12,119,5.09,50.9,20.3,11.8,124.2,2.02,26.6,0,0,0,0,Atención,26.8,75.6,1.55,0.509,15.07,-92.41,45
P020,Café,Huehuetán,2015,Ene,1,0,5.89,40.5,25.2,16.2,129.8,1.19,26.5,0,0,0,0,Precaución,27,73.9,0.61,0.405,15.07,-92.41,45
P020,Café,Huehuetán,2015,Feb,2,1,5.83,37.6,25.9,16.2,131.6,1.14,27.2,0,0,0,0,Precaución,27.1,71.2,0,0.376,15.07,-92.41,45
P020,Café,Huehuetán,2015,Mar,3,2,5.9,31.8,24.9,16.9,125.4,1.19,28,0,0,0,0,Precaución,28.9,71.6,0.22,0.318,15.07,-92.41,45
P020,Café,Huehuetán,2015,Abr,4,3,5.9,42.1,25.2,16,130.2,1.26,29,0,0,0,0,Precaución,29.4,69.9,1.29,0.421,15.07,-92.41,45
P020,Café,Huehuetán,2015,May,5,4,5.85,67.2,25.2,14.9,127.7,1.2,28.6,0,0,0,0,Precaución,29.1,79.3,3.83,0.672,15.07,-92.41,45
P020,Café,Huehuetán,2015,Jun,6,5,5.88,85.8,25.7,17.1,132.4,1.23,27.1,0,0,0,0,Precaución,27.4,87.2,8.39,0.858,15.07,-92.41,45
P020,Café,Huehuetán,2015,Jul,7,6,5.97,86.2,33.7,15,136.9,1.21,26.6,6,0,5,0,Precaución,27.5,86.6,7.02,0.862,15.07,-92.41,45
P020,Café,Huehuetán,2015,Ago,8,7,5.87,83.7,27.1,15.7,126.4,1.1,26.1,0,0,0,0,Precaución,27.1,86.7,7.99,0.837,15.07,-92.41,45
P020,Café,Huehuetán,2015,Sep,9,8,5.83,89.3,26.2,15.6,131.9,1.18,26.9,0,0,0,0,Precaución,26.5,88,9.06,0.893,15.07,-92.41,45
P020,Café,Huehuetán,2015,Oct,10,9,5.88,83.7,23.6,16.8,132.4,1.2,26.4,0,0,0,0,Precaución,28,82.2,7.69,0.837,15.07,-92.41,45
P020,Café,Huehuetán,2015,Nov,11,10,5.8,64.1,25.2,16.2,124.5,1.22,26.2,0,0,0,0,Precaución,27.2,81.7,2.59,0.641,15.07,-92.41,45
P020,Café,Huehuetán,2015,Dic,12,11,5.81,54,24.9,15.5,124.1,1.17,25.9,0,0,0,0,Precaución,26.8,76.8,1.14,0.54,15.07,-92.41,45
P020,Café,Huehuetán,2016,Ene,1,12,5.82,41.1,30.1,20.1,129.6,1.24,26.6,6,3,5,0,Precaución,27,74,0,0.411,15.07,-92.41,45
P020,Café,Huehuetán,2016,Feb,2,13,5.82,41.7,23.7,16.3,124,1.2,27.4,0,0,0,0,Precaución,27.4,68.6,0.76,0.417,15.07,-92.41,45
P020,Café,Huehuetán,2016,Mar,3,14,5.83,32.1,23.7,16.6,127.1,1.18,28.4,0,0,0,0,Precaución,28.4,66,0.36,0.321,15.07,-92.41,45
P020,Café,Huehuetán,2016,Abr,4,15,5.81,41.6,26,16,129.5,1.26,28.7,0,0,0,0,Precaución,29.5,70.6,1.53,0.416,15.07,-92.41,45
P020,Café,Huehuetán,2016,May,5,16,5.75,68.7,25.1,15.5,129.8,1.24,28.2,0,0,0,0,Precaución,29.1,83,3.87,0.687,15.07,-92.41,45
P020,Café,Huehuetán,2016,Jun,6,17,5.88,82.3,25,16.2,123.9,1.23,27.2,0,0,0,0,Precaución,27.1,89.8,8.26,0.823,15.07,-92.41,45
P020,Café,Huehuetán,2016,Jul,7,18,5.84,89.3,31.8,15.2,133.3,1.21,26.5,6,0,5,0,Precaución,27.1,83.3,7.44,0.893,15.07,-92.41,45
P020,Café,Huehuetán,2016,Ago,8,19,5.72,87.9,24.9,15.9,127.6,1.23,26.9,0,0,0,0,Precaución,26.8,89.5,7.19,0.879,15.07,-92.41,45
P020,Café,Huehuetán,2016,Sep,9,20,5.8,85,24.1,15.9,126.5,1.25,26.3,0,0,0,0,Precaución,26.5,84.2,8.88,0.85,15.07,-92.41,45
P020,Café,Huehuetán,2016,Oct,10,21,5.77,86.1,25.6,15.5,130.4,1.29,27,0,0,0,0,Precaución,27.2,82.7,7.96,0.861,15.07,-92.41,45
P020,Café,Huehuetán,2016,Nov,11,22,5.78,67.5,23.5,15.3,132.1,1.23,26.5,0,0,0,0,Precaución,26.7,82.6,1.56,0.675,15.07,-92.41,45
P020,Café,Huehuetán,2016,Dic,12,23,5.79,50.6,25.6,16.1,128.9,1.2,27,0,0,0,0,Precaución,27.6,75,0.7,0.506,15.07,-92.41,45
P020,Café,Huehuetán,2017,Ene,1,24,5.74,39.1,31.8,20.3,131.9,1.14,26.7,6,3,5,0,Precaución,27.6,73.8,0.04,0.391,15.07,-92.41,45
P020,Café,Huehuetán,2017,Feb,2,25,5.8,39.9,24.7,15.2,134.5,1.28,27.2,0,0,0,0,Precaución,27.5,71.7,0.18,0.399,15.07,-92.41,45
P020,Café,Huehuetán,2017,Mar,3,26,5.87,36,25.3,15.7,126.1,1.27,28.4,0,0,0,0,Precaución,28.7,70.3,1.21,0.36,15.07,-92.41,45
P020,Café,Huehuetán,2017,Abr,4,27,5.75,35.5,27.1,16.3,127.8,1.26,28.7,0,0,0,0,Precaución,29.2,69.2,0.8,0.355,15.07,-92.41,45
P020,Café,Huehuetán,2017,May,5,28,5.75,70.5,24,15.3,135.4,1.24,28.4,0,0,0,0,Precaución,28.3,80,4.43,0.705,15.07,-92.41,45
P020,Café,Huehuetán,2017,Jun,6,29,5.78,85.3,24,16.3,123.7,1.27,27.5,0,0,0,0,Precaución,27.2,85.9,7.79,0.853,15.07,-92.41,45
P020,Café,Huehuetán,2017,Jul,7,30,5.71,90.5,30,16.6,134.9,1.22,26.4,6,0,5,0,Precaución,27,85.5,8.38,0.905,15.07,-92.41,45
P020,Café,Huehuetán,2017,Ago,8,31,5.79,85.2,23.4,16.5,128,1.25,26.6,0,0,0,0,Precaución,27,88.9,6.78,0.852,15.07,-92.41,45
P020,Café,Huehuetán,2017,Sep,9,32,5.78,84.9,26,15.9,131.5,1.26,26.4,0,0,0,0,Precaución,26.6,83.3,9.35,0.849,15.07,-92.41,45
P020,Café,Huehuetán,2017,Oct,10,33,5.7,78.5,24.1,15.4,124.8,1.22,26.3,0,0,0,0,Precaución,27.4,86.3,7.37,0.785,15.07,-92.41,45
P020,Café,Huehuetán,2017,Nov,11,34,5.77,65.9,25.2,15.9,130.8,1.3,26.1,0,0,0,0,Precaución,26.4,84,2.21,0.659,15.07,-92.41,45
P020,Café,Huehuetán,2017,Dic,12,35,5.67,52.7,26.3,15.6,119.8,1.26,26.1,0,0,0,0,Precaución,27.1,76.8,1.16,0.527,15.07,-92.41,45
P020,Café,Huehuetán,2018,Ene,1,36,5.86,46.3,29.6,19,132.9,1.23,26.3,6,3,5,0.12,Precaución,27,75.8,0.13,0.463,15.07,-92.41,45
P020,Café,Huehuetán,2018,Feb,2,37,5.75,31.9,26.6,15.7,127.1,1.3,27.9,0,0,0,0,Precaución,28.1,71.8,0.35,0.319,15.07,-92.41,45
P020,Café,Huehuetán,2018,Mar,3,38,5.71,35.4,22.2,14.9,124.4,1.27,28.3,0,0,0,0,Precaución,28.6,70.9,0.42,0.354,15.07,-92.41,45
P020,Café,Huehuetán,2018,Abr,4,39,5.65,38.2,25.2,15.3,131.6,1.22,29.2,0,0,0,0,Precaución,29.1,74.8,0.58,0.382,15.07,-92.41,45
P020,Café,Huehuetán,2018,May,5,40,5.65,68.7,24.8,16.6,135.3,1.32,28.6,0,0,0,0,Precaución,29.3,77.9,4.2,0.687,15.07,-92.41,45
P020,Café,Huehuetán,2018,Jun,6,41,5.7,86.5,22.6,15.5,132,1.4,27.5,0,0,0,0,Precaución,27.8,85,8.26,0.865,15.07,-92.41,45
P020,Café,Huehuetán,2018,Jul,7,42,5.7,76.6,30.2,16.2,131.9,1.36,26.5,6,0,5,0,Precaución,27.3,90.1,8.43,0.766,15.07,-92.41,45
P020,Café,Huehuetán,2018,Ago,8,43,5.72,77,23.9,16.1,135.1,1.33,26.6,0,0,0,0,Precaución,27.3,85.5,8.7,0.77,15.07,-92.41,45
P020,Café,Huehuetán,2018,Sep,9,44,5.64,91.1,22.7,16,129.2,1.31,26.3,0,0,0,0,Precaución,26.9,84.3,9.1,0.911,15.07,-92.41,45
P020,Café,Huehuetán,2018,Oct,10,45,5.68,80.8,26,15.8,124.8,1.33,26.7,0,0,0,0,Precaución,26.9,85.4,8.01,0.808,15.07,-92.41,45
P020,Café,Huehuetán,2018,Nov,11,46,5.63,70.1,24.9,15.9,133,1.38,26.6,0,0,0,0,Precaución,26.8,84.7,1.65,0.701,15.07,-92.41,45
P020,Café,Huehuetán,2018,Dic,12,47,5.7,48.7,24.3,15.3,136.4,1.38,26.6,0,0,0,0,Precaución,26.7,77.4,0,0.487,15.07,-92.41,45
P020,Café,Huehuetán,2019,Ene,1,48,5.72,43.4,29.4,18,134.6,1.31,26.6,6,3,5,0,Precaución,27.8,75.6,0,0.434,15.07,-92.41,45
P020,Café,Huehuetán,2019,Feb,2,49,5.69,36.4,24.7,16.9,127.7,1.28,26.9,0,0,0,0,Precaución,27.4,73.2,0,0.364,15.07,-92.41,45
P020,Café,Huehuetán,2019,Mar,3,50,5.59,35.8,24.1,16.3,129.7,1.36,28.1,0,0,0,0,Precaución,28.4,70.5,0.81,0.358,15.07,-92.41,45
P020,Café,Huehuetán,2019,Abr,4,51,5.65,37.8,24,15.9,126.8,1.33,29,0,0,0,0,Precaución,28.6,73.4,0.13,0.378,15.07,-92.41,45
P020,Café,Huehuetán,2019,May,5,52,5.67,71.9,22.6,16.2,128,1.37,28.2,0,0,0,0,Precaución,29.1,80.5,4.53,0.719,15.07,-92.41,45
P020,Café,Huehuetán,2019,Jun,6,53,5.65,85.1,26.8,17.1,135.6,1.34,27.7,0,0,0,0,Precaución,27.8,82.9,8.69,0.851,15.07,-92.41,45
P020,Café,Huehuetán,2019,Jul,7,54,5.67,86.4,30.5,15.9,134.5,1.3,26.3,6,0,5,0,Precaución,27.2,86.4,7.09,0.864,15.07,-92.41,45
P020,Café,Huehuetán,2019,Ago,8,55,5.69,83.1,24,16.2,131.6,1.35,26.7,0,0,0,0,Precaución,26.9,86.3,7.27,0.831,15.07,-92.41,45
P020,Café,Huehuetán,2019,Sep,9,56,5.63,85,24.3,15.6,122.3,1.29,26.5,0,0,0,0,Precaución,26.6,86.4,8.93,0.85,15.07,-92.41,45
P020,Café,Huehuetán,2019,Oct,10,57,5.62,76.5,23.1,15.1,130.9,1.39,26.7,0,0,0,0,Precaución,26.9,86.2,8.16,0.765,15.07,-92.41,45
P020,Café,Huehuetán,2019,Nov,11,58,5.58,62.7,25.8,15.2,136.2,1.32,26.5,0,0,0,0,Precaución,27.1,81,1.94,0.627,15.07,-92.41,45
P020,Café,Huehuetán,2019,Dic,12,59,5.66,55.4,23.4,16,126,1.38,26.4,0,0,0,0,Precaución,26.9,78.5,0.12,0.554,15.07,-92.41,45
P020,Café,Huehuetán,2020,Ene,1,60,5.58,45,29.7,19.9,131.5,1.31,26.3,6,3,5,0,Precaución,27.7,74.3,0,0.45,15.07,-92.41,45
P020,Café,Huehuetán,2020,Feb,2,61,5.62,35.6,23.6,15.9,129.5,1.33,27.3,0,0,0,0,Precaución,28,71.9,1.1,0.356,15.07,-92.41,45
P020,Café,Huehuetán,2020,Mar,3,62,5.55,33.8,22.4,14.9,122.4,1.35,28.4,0,0,0,0,Atención,28.9,70.7,0,0.338,15.07,-92.41,45
P020,Café,Huehuetán,2020,Abr,4,63,5.58,46.9,24.7,14.9,125.6,1.4,29.2,0,0,0,0,Precaución,29.1,70.2,0.71,0.469,15.07,-92.41,45
P020,Café,Huehuetán,2020,May,5,64,5.54,69.4,21.9,15,132.8,1.41,28.8,0,0,0,0,Precaución,29.4,80.3,3.58,0.694,15.07,-92.41,45
P020,Café,Huehuetán,2020,Jun,6,65,5.58,88.1,21.8,15.3,132,1.35,27.3,0,0,0,0,Precaución,27.6,84.3,8.83,0.881,15.07,-92.41,45
P020,Café,Huehuetán,2020,Jul,7,66,5.59,84.7,29.6,14.8,137.7,1.35,26.8,6,0,5,0,Precaución,27.5,81.7,8.41,0.847,15.07,-92.41,45
P020,Café,Huehuetán,2020,Ago,8,67,5.52,84.8,22,14.2,130.2,1.39,27.1,0,0,0,0,Precaución,27.3,87,7.14,0.848,15.07,-92.41,45
P020,Café,Huehuetán,2020,Sep,9,68,5.51,91.9,19.3,14.9,132.8,1.36,26.5,0,0,0,0,Atención,26.7,87.8,9.8,0.919,15.07,-92.41,45
P020,Café,Huehuetán,2020,Oct,10,69,5.59,84.9,21.6,15.4,132.3,1.33,27,0,0,0,0,Precaución,27.6,87.8,7.07,0.849,15.07,-92.41,45
P020,Café,Huehuetán,2020,Nov,11,70,5.52,63.6,25.4,15.7,132,1.39,26.4,0,0,0,0,Precaución,26.7,80.1,1.59,0.636,15.07,-92.41,45
P020,Café,Huehuetán,2020,Dic,12,71,5.55,45.5,21.5,16.1,128.6,1.34,26.7,0,0,0,0,Precaución,27.1,76.5,0.44,0.455,15.07,-92.41,45
P020,Café,Huehuetán,2021,Ene,1,72,5.61,42.1,29.3,19.5,136,1.37,26.9,6,3,5,0.12,Precaución,27,75.1,0,0.421,15.07,-92.41,45
P020,Café,Huehuetán,2021,Feb,2,73,5.56,32.6,24.2,17.4,130.7,1.42,27.4,0,0,0,0,Precaución,27.9,72.2,0.9,0.326,15.07,-92.41,45
P020,Café,Huehuetán,2021,Mar,3,74,5.55,34.7,23.5,15.4,131.3,1.42,28.1,0,0,0,0,Precaución,28.8,68.8,0,0.347,15.07,-92.41,45
P020,Café,Huehuetán,2021,Abr,4,75,5.49,39.9,24.7,15.5,124.4,1.44,29,0,0,0,0,Precaución,29.5,72.8,0,0.399,15.07,-92.41,45
P020,Café,Huehuetán,2021,May,5,76,5.56,69.7,24.6,15.9,131.9,1.39,29.2,0,0,0,0,Precaución,28,81.3,3.96,0.697,15.07,-92.41,45
P020,Café,Huehuetán,2021,Jun,6,77,5.55,82.8,24.1,15,131.1,1.45,27.1,0,0,0,0,Precaución,27,85.7,8.1,0.828,15.07,-92.41,45
P020,Café,Huehuetán,2021,Jul,7,78,5.53,86.8,29,15.4,131.6,1.41,27.3,6,0,5,0,Precaución,27,83.5,6.87,0.868,15.07,-92.41,45
P020,Café,Huehuetán,2021,Ago,8,79,5.5,82.8,24,15.6,132.2,1.36,26.4,0,0,0,0,Precaución,27.4,87.1,7.37,0.828,15.07,-92.41,45
P020,Café,Huehuetán,2021,Sep,9,80,5.52,91.7,23.5,14.9,125.1,1.42,26.9,0,0,0,0,Atención,26.7,85,8.87,0.917,15.07,-92.41,45
P020,Café,Huehuetán,2021,Oct,10,81,5.53,76.5,24.2,16.7,131.4,1.38,26.6,0,0,0,0,Precaución,26.7,87.7,7.66,0.765,15.07,-92.41,45
P020,Café,Huehuetán,2021,Nov,11,82,5.5,66.9,23.3,16.2,128.3,1.4,26.5,0,0,0,0,Precaución,26.4,81.1,1.87,0.669,15.07,-92.41,45
P020,Café,Huehuetán,2021,Dic,12,83,5.56,46,22.9,14.7,135.5,1.42,26.1,0,0,0,0,Precaución,26.9,76.9,0.23,0.46,15.07,-92.41,45
P020,Café,Huehuetán,2022,Ene,1,84,5.51,41.1,30.9,17.2,132,1.44,26.6,6,3,5,0,Precaución,27.5,75.5,0.39,0.411,15.07,-92.41,45
P020,Café,Huehuetán,2022,Feb,2,85,5.48,40.8,22.3,14.9,127,1.39,27.4,0,0,0,0,Atención,28.4,70.3,0,0.408,15.07,-92.41,45
P020,Café,Huehuetán,2022,Mar,3,86,5.53,33.3,21.5,15,130.3,1.44,28.5,0,0,0,0,Precaución,28.2,71,0.77,0.333,15.07,-92.41,45
P020,Café,Huehuetán,2022,Abr,4,87,5.45,38.9,22.8,15.1,129.2,1.5,29.1,0,0,0,0,Precaución,29.3,70.4,0.49,0.389,15.07,-92.41,45
P020,Café,Huehuetán,2022,May,5,88,5.49,64.6,24.4,14.7,127.7,1.42,28.4,0,0,0,0,Atención,29.4,82.6,4.56,0.646,15.07,-92.41,45
P020,Café,Huehuetán,2022,Jun,6,89,5.48,80.1,24,14.6,124,1.45,27.6,0,0,0,0,Atención,27.9,83.8,7.44,0.801,15.07,-92.41,45
P020,Café,Huehuetán,2022,Jul,7,90,5.37,85.6,30,14.4,132.1,1.46,27.3,6,0,5,0,Atención,27.6,85,7.16,0.856,15.07,-92.41,45
P020,Café,Huehuetán,2022,Ago,8,91,5.4,88.3,22.9,15.3,132.6,1.37,26.2,0,0,0,0,Atención,27.5,87.6,7.47,0.883,15.07,-92.41,45
P020,Café,Huehuetán,2022,Sep,9,92,5.43,83.3,23.8,15,126.4,1.43,26.6,0,0,0,0,Precaución,26.7,84.7,9.07,0.833,15.07,-92.41,45
P020,Café,Huehuetán,2022,Oct,10,93,5.42,81.4,23.2,16.1,131.4,1.48,26.8,0,0,0,0,Precaución,27,84.4,7.24,0.814,15.07,-92.41,45
P020,Café,Huehuetán,2022,Nov,11,94,5.39,63.6,22.7,13.9,130.7,1.38,26.4,0,0,0,0,Atención,26.6,82.7,1.96,0.636,15.07,-92.41,45
P020,Café,Huehuetán,2022,Dic,12,95,5.36,49.9,22.3,13.7,128.8,1.47,26.9,0,0,0,0,Atención,26.4,74.1,1.42,0.499,15.07,-92.41,45
P020,Café,Huehuetán,2023,Ene,1,96,5.45,40.5,27.5,18.2,135,1.44,26.5,6,3,5,0,Precaución,27.3,73.5,0.71,0.405,15.07,-92.41,45
P020,Café,Huehuetán,2023,Feb,2,97,5.44,38.9,21.3,14.3,130.7,1.51,27.5,0,0,0,0,Atención,27.8,74.2,0,0.389,15.07,-92.41,45
P020,Café,Huehuetán,2023,Mar,3,98,5.39,36.7,23.1,14.5,135.1,1.38,28.6,0,0,0,0,Atención,28.8,67.7,0.5,0.367,15.07,-92.41,45
P020,Café,Huehuetán,2023,Abr,4,99,5.37,40.5,23.1,14.1,127.8,1.43,29.1,0,0,0,0,Atención,29.6,71.9,0.88,0.405,15.07,-92.41,45
P020,Café,Huehuetán,2023,May,5,100,5.45,67,23.6,14.6,122.9,1.49,28.8,0,0,0,0,Atención,28.4,76.8,4.28,0.67,15.07,-92.41,45
P020,Café,Huehuetán,2023,Jun,6,101,5.41,81.9,24,14.3,134.5,1.51,27.2,0,0,0,0,Atención,27.8,82.3,8.75,0.819,15.07,-92.41,45
P020,Café,Huehuetán,2023,Jul,7,102,5.37,80.2,30.9,14.6,136.1,1.51,27.1,6,0,5,0,Atención,27.5,85.6,7.97,0.802,15.07,-92.41,45
P020,Café,Huehuetán,2023,Ago,8,103,5.43,88.4,21.6,13.7,128.7,1.45,27,0,0,0,0,Atención,27.2,89.6,6.88,0.884,15.07,-92.41,45
P020,Café,Huehuetán,2023,Sep,9,104,5.4,83.9,23.3,11.4,125.7,1.46,26.5,0,0,0,0,Atención,27.7,86.4,9.53,0.839,15.07,-92.41,45
P020,Café,Huehuetán,2023,Oct,10,105,5.34,79,21.6,14.7,134.4,1.5,26.7,0,0,0,0,Atención,27.3,89.1,7.71,0.79,15.07,-92.41,45
P020,Café,Huehuetán,2023,Nov,11,106,5.42,62.8,20.4,13.4,126.3,1.46,26.7,0,0,0,0,Atención,27,79.7,1.25,0.628,15.07,-92.41,45
P020,Café,Huehuetán,2023,Dic,12,107,5.34,41,22.2,15,131,1.46,26.7,0,0,0,0,Precaución,26.7,75.6,1.6,0.41,15.07,-92.41,45
P020,Café,Huehuetán,2024,Ene,1,108,5.45,39.8,30.1,16.5,136.2,1.58,26.6,6,3,5,0.12,Atención,27.6,71.6,0.08,0.398,15.07,-92.41,45
P020,Café,Huehuetán,2024,Feb,2,109,5.39,41.3,24.4,14.7,130.1,1.47,27.2,0,0,0,0,Atención,27.4,70.1,0,0.413,15.07,-92.41,45
P020,Café,Huehuetán,2024,Mar,3,110,5.41,34.4,20.3,13.8,130.2,1.53,28.8,0,0,0,0,Crítico,28.8,69.7,0,0.344,15.07,-92.41,45
P020,Café,Huehuetán,2024,Abr,4,111,5.37,40.2,23.4,13.8,131.4,1.48,29.5,0,0,0,0,Atención,30,70.4,0.44,0.402,15.07,-92.41,45
P020,Café,Huehuetán,2024,May,5,112,5.35,67.8,21.5,13.6,126.8,1.5,28.8,0,0,0,0,Atención,29.5,79.6,3.85,0.678,15.07,-92.41,45
P020,Café,Huehuetán,2024,Jun,6,113,5.28,84,19.8,14.2,128,1.55,27.1,0,0,0,0,Crítico,28.5,81.3,8.69,0.84,15.07,-92.41,45
P020,Café,Huehuetán,2024,Jul,7,114,5.29,78,28.5,14.4,132.8,1.49,27,6,0,5,0,Atención,28.1,88.6,8.08,0.78,15.07,-92.41,45
P020,Café,Huehuetán,2024,Ago,8,115,5.3,87,23.8,13.8,129.8,1.54,27.2,0,0,0,0,Atención,27.1,86.6,7.5,0.87,15.07,-92.41,45
P020,Café,Huehuetán,2024,Sep,9,116,5.33,86.9,21.8,14.3,130.6,1.54,26.4,0,0,0,0,Atención,26.4,88.1,9.23,0.869,15.07,-92.41,45
P020,Café,Huehuetán,2024,Oct,10,117,5.28,79.5,23.6,15.9,127.4,1.52,26.8,0,0,0,0,Atención,27.1,88.7,7.4,0.795,15.07,-92.41,45
P020,Café,Huehuetán,2024,Nov,11,118,5.4,65,22.4,15.7,138.7,1.54,26.8,0,0,0,0,Atención,26.9,79,1.8,0.65,15.07,-92.41,45
P020,Café,Huehuetán,2024,Dic,12,119,5.31,49.2,23.4,14.9,134.5,1.44,26.5,0,0,0,0,Atención,27.2,77.9,0.09,0.492,15.07,-92.41,45
P021,Palma,Mazatán,2015,Ene,1,0,5.82,42.5,23.7,14.1,142.2,1.57,26.7,0,0,0,0,Atención,27.7,75.2,0.53,0.425,14.83,-92.47,12
P021,Palma,Mazatán,2015,Feb,2,1,5.85,37.2,23.7,12.7,136.4,1.53,27.7,0,0,0,0,Atención,28,72.7,0.34,0.372,14.83,-92.47,12
P021,Palma,Mazatán,2015,Mar,3,2,5.8,37.6,22.3,13.8,137.6,1.58,28.2,0,0,0,0,Atención,29.1,69.8,1.35,0.376,14.83,-92.47,12
P021,Palma,Mazatán,2015,Abr,4,3,5.77,45.2,24.4,15.7,139.2,1.63,29.3,0,0,0,0,Precaución,29.5,69.7,0,0.452,14.83,-92.47,12
P021,Palma,Mazatán,2015,May,5,4,5.72,70.4,24.1,12.1,134.9,1.6,28.6,0,0,0,0,Atención,28.9,76.3,4.25,0.704,14.83,-92.47,12
P021,Palma,Mazatán,2015,Jun,6,5,5.77,83.6,25.5,12.5,136,1.58,27.2,0,0,0,0,Atención,27.5,85.2,7.32,0.836,14.83,-92.47,12
P021,Palma,Mazatán,2015,Jul,7,6,5.75,83.4,29.2,13.7,143.2,1.53,26.8,5,0,7,0,Atención,27.1,87.3,6.9,0.834,14.83,-92.47,12
P021,Palma,Mazatán,2015,Ago,8,7,5.73,87.1,25.8,13.2,142.1,1.56,26.8,0,0,0,0,Atención,27.1,85.2,7.7,0.871,14.83,-92.47,12
P021,Palma,Mazatán,2015,Sep,9,8,5.84,86.1,24.9,12.8,139.3,1.6,26.5,0,0,0,0,Atención,26.6,86.4,9.91,0.861,14.83,-92.47,12
P021,Palma,Mazatán,2015,Oct,10,9,5.76,86.3,25.5,12.8,135.3,1.55,26.5,0,0,0,0,Atención,26.8,89.4,7.83,0.863,14.83,-92.47,12
P021,Palma,Mazatán,2015,Nov,11,10,5.72,62,24.6,13.7,130.5,1.6,26.6,0,0,0,0,Atención,27.1,83.8,1.53,0.62,14.83,-92.47,12
P021,Palma,Mazatán,2015,Dic,12,11,5.7,51.4,26.1,14.2,141.5,1.62,26.8,0,0,0,0,Atención,26.7,74.2,0.81,0.514,14.83,-92.47,12
P021,Palma,Mazatán,2016,Ene,1,12,5.8,46.7,29,16,144.3,1.6,27,5,3,7,0,Precaución,27.2,76.4,0.17,0.467,14.83,-92.47,12
P021,Palma,Mazatán,2016,Feb,2,13,5.68,43.7,23.8,12.9,135.9,1.53,27.7,0,0,0,0,Atención,27.2,72.8,0.58,0.437,14.83,-92.47,12
P021,Palma,Mazatán,2016,Mar,3,14,5.75,36.3,25.2,13.1,137.5,1.52,28.7,0,0,0,0,Atención,29.2,70.3,0,0.363,14.83,-92.47,12
P021,Palma,Mazatán,2016,Abr,4,15,5.72,42.2,26.2,12.5,130.4,1.67,29.1,0,0,0,0,Atención,29.6,68.6,1.04,0.422,14.83,-92.47,12
P021,Palma,Mazatán,2016,May,5,16,5.71,66.3,25.1,14.8,138.1,1.64,28.8,0,0,0,0,Atención,29.3,79,5.02,0.663,14.83,-92.47,12
P021,Palma,Mazatán,2016,Jun,6,17,5.79,87.2,22.8,13.1,137.9,1.58,26.9,0,0,0,0,Atención,28.2,90.1,8.25,0.872,14.83,-92.47,12
P021,Palma,Mazatán,2016,Jul,7,18,5.68,83.4,31.1,12.8,145.1,1.64,27,5,0,7,0,Atención,27,84.7,8.08,0.834,14.83,-92.47,12
P021,Palma,Mazatán,2016,Ago,8,19,5.74,87.3,24.3,12.4,143,1.67,27,0,0,0,0,Atención,27.5,85.8,7.57,0.873,14.83,-92.47,12
P021,Palma,Mazatán,2016,Sep,9,20,5.74,87.8,24.1,11.4,139.6,1.65,26.8,0,0,0,0,Atención,27,87.8,9.54,0.878,14.83,-92.47,12
P021,Palma,Mazatán,2016,Oct,10,21,5.69,87.3,23.8,11.5,143.7,1.62,26.7,0,0,0,0,Atención,27.4,86.9,7.32,0.873,14.83,-92.47,12
P021,Palma,Mazatán,2016,Nov,11,22,5.69,67.1,23.8,13,136.9,1.67,26.9,0,0,0,0,Atención,26.4,82,1.82,0.671,14.83,-92.47,12
P021,Palma,Mazatán,2016,Dic,12,23,5.7,49.4,26.4,12.8,140,1.68,26.5,0,0,0,0,Atención,27.6,77.3,1.02,0.494,14.83,-92.47,12
P021,Palma,Mazatán,2017,Ene,1,24,5.67,42.5,29.9,16,143,1.64,27.3,5,3,7,0,Precaución,27.1,71.6,0,0.425,14.83,-92.47,12
P021,Palma,Mazatán,2017,Feb,2,25,5.71,39.5,21.7,12.5,136,1.68,27.6,0,0,0,0,Atención,28.2,76.8,0.07,0.395,14.83,-92.47,12
P021,Palma,Mazatán,2017,Mar,3,26,5.71,38.1,22.4,13.4,134.8,1.64,28.7,0,0,0,0,Atención,29.5,72.1,0.74,0.381,14.83,-92.47,12
P021,Palma,Mazatán,2017,Abr,4,27,5.71,39.7,23.6,12.4,134.7,1.67,29.7,0,0,0,0,Atención,29.9,70.3,0,0.397,14.83,-92.47,12
P021,Palma,Mazatán,2017,May,5,28,5.6,69.1,22.5,13,131.3,1.72,28.5,0,0,0,0,Atención,28.7,76,4.21,0.691,14.83,-92.47,12
P021,Palma,Mazatán,2017,Jun,6,29,5.68,85.9,25.3,12.6,141.1,1.7,27.8,0,0,0,0,Atención,28.3,85.5,8.48,0.859,14.83,-92.47,12
P021,Palma,Mazatán,2017,Jul,7,30,5.7,83.1,27.7,13.4,148.1,1.65,27.1,5,0,7,0,Atención,27.3,86,8.01,0.831,14.83,-92.47,12
P021,Palma,Mazatán,2017,Ago,8,31,5.66,80.9,23.3,13,138.3,1.67,26.6,0,0,0,0,Atención,26.7,88,8.5,0.809,14.83,-92.47,12
P021,Palma,Mazatán,2017,Sep,9,32,5.69,90.5,26.3,13.4,139.2,1.72,26.8,0,0,0,0,Atención,27.4,87.9,9.53,0.905,14.83,-92.47,12
P021,Palma,Mazatán,2017,Oct,10,33,5.68,84.4,24,13.5,135.1,1.68,26.6,0,0,0,0,Atención,27.5,87.6,6.65,0.844,14.83,-92.47,12
P021,Palma,Mazatán,2017,Nov,11,34,5.64,65.7,22.7,13,132.4,1.66,26.5,0,0,0,0,Atención,27.4,85.2,2.27,0.657,14.83,-92.47,12
P021,Palma,Mazatán,2017,Dic,12,35,5.66,50.1,26.7,12.7,131.1,1.68,26.8,0,0,0,0,Atención,26.6,75,1.8,0.501,14.83,-92.47,12
P021,Palma,Mazatán,2018,Ene,1,36,5.67,46.3,29.1,16,142.2,1.68,26.8,5,3,7,0,Precaución,27.1,71.6,0.78,0.463,14.83,-92.47,12
P021,Palma,Mazatán,2018,Feb,2,37,5.61,42.2,26,13.3,134.8,1.74,27.6,0,0,0,0,Atención,27.7,73,0,0.422,14.83,-92.47,12
P021,Palma,Mazatán,2018,Mar,3,38,5.6,34.4,24.7,12.2,135.8,1.69,28.7,0,0,0,0,Atención,28.7,70.2,0,0.344,14.83,-92.47,12
P021,Palma,Mazatán,2018,Abr,4,39,5.61,36.7,25.3,12.1,130.8,1.69,29.1,0,0,0,0,Atención,29.4,73.8,0.8,0.367,14.83,-92.47,12
P021,Palma,Mazatán,2018,May,5,40,5.64,70.9,23.3,12.5,128.9,1.69,28.8,0,0,0,0,Atención,29.6,76.3,4.42,0.709,14.83,-92.47,12
P021,Palma,Mazatán,2018,Jun,6,41,5.77,84.1,24.1,13.3,137.1,1.7,27.5,0,0,0,0,Atención,27.9,85.6,7.57,0.841,14.83,-92.47,12
P021,Palma,Mazatán,2018,Jul,7,42,5.63,84.4,28.3,13.7,147.9,1.75,26.7,5,0,7,0,Atención,26.7,86.7,7.08,0.844,14.83,-92.47,12
P021,Palma,Mazatán,2018,Ago,8,43,5.59,86.5,23.3,13.6,136,1.69,27.4,0,0,0,0,Atención,26.8,87,8.01,0.865,14.83,-92.47,12
P021,Palma,Mazatán,2018,Sep,9,44,5.62,91.7,22.9,13,132.9,1.67,26.7,0,0,0,0,Atención,27.2,85.6,9.54,0.917,14.83,-92.47,12
P021,Palma,Mazatán,2018,Oct,10,45,5.6,84.2,24.6,12,139.9,1.67,26.5,0,0,0,0,Atención,26.8,86.2,7.82,0.842,14.83,-92.47,12
P021,Palma,Mazatán,2018,Nov,11,46,5.65,67.2,22.6,11.2,136.1,1.73,26.7,0,0,0,0,Atención,27.6,83.7,2.23,0.672,14.83,-92.47,12
P021,Palma,Mazatán,2018,Dic,12,47,5.63,44.9,24.8,13,142.8,1.81,26.7,0,0,0,0,Atención,27.4,74.5,0.42,0.449,14.83,-92.47,12
P021,Palma,Mazatán,2019,Ene,1,48,5.71,43,29.7,14.8,149,1.7,26.6,5,3,7,0.1,Atención,26.8,73.9,0.29,0.43,14.83,-92.47,12
P021,Palma,Mazatán,2019,Feb,2,49,5.55,36.3,24.5,13.8,131.8,1.77,28.1,0,0,0,0,Atención,27.6,70.1,0.01,0.363,14.83,-92.47,12
P021,Palma,Mazatán,2019,Mar,3,50,5.53,32.2,24,12.6,136.2,1.76,29.1,0,0,0,0,Atención,28.7,71.8,0.07,0.322,14.83,-92.47,12
P021,Palma,Mazatán,2019,Abr,4,51,5.56,44.8,23.7,11.7,129.3,1.74,29.9,0,0,0,0,Atención,28.9,69.6,0.3,0.448,14.83,-92.47,12
P021,Palma,Mazatán,2019,May,5,52,5.54,68,23.6,13.1,131.8,1.81,28.6,0,0,0,0,Atención,29.9,80.3,4.57,0.68,14.83,-92.47,12
P021,Palma,Mazatán,2019,Jun,6,53,5.53,88.4,21.4,11.8,136.3,1.77,27.9,0,0,0,0,Atención,28.6,80.2,8.45,0.884,14.83,-92.47,12
P021,Palma,Mazatán,2019,Jul,7,54,5.51,85.7,31,12.4,143.8,1.78,26.8,5,0,7,0,Atención,27.5,85.6,7.41,0.857,14.83,-92.47,12
P021,Palma,Mazatán,2019,Ago,8,55,5.47,86.8,24.9,12.1,144,1.81,27,0,0,0,0,Atención,27.4,87.8,7.65,0.868,14.83,-92.47,12
P021,Palma,Mazatán,2019,Sep,9,56,5.59,86.4,21.7,13.1,138,1.72,26.8,0,0,0,0,Atención,27.2,88.1,9.28,0.864,14.83,-92.47,12
P021,Palma,Mazatán,2019,Oct,10,57,5.52,75.4,23.5,11.1,134.2,1.83,26.7,0,0,0,0,Atención,27.1,84.4,7.62,0.754,14.83,-92.47,12
P021,Palma,Mazatán,2019,Nov,11,58,5.52,63.3,23.1,11.7,133.1,1.73,26.5,0,0,0,0,Atención,27.1,82.2,2.54,0.633,14.83,-92.47,12
P021,Palma,Mazatán,2019,Dic,12,59,5.6,52.7,22.4,12.2,135.4,1.7,26.9,0,0,0,0,Atención,27.6,76.9,0.16,0.527,14.83,-92.47,12
P021,Palma,Mazatán,2020,Ene,1,60,5.56,41.5,29.4,16.2,148.4,1.8,26.8,5,3,7,0,Precaución,27.8,70.7,0.6,0.415,14.83,-92.47,12
P021,Palma,Mazatán,2020,Feb,2,61,5.58,42.7,23.1,12.2,137.7,1.79,26.9,0,0,0,0,Atención,27.9,75.4,0.56,0.427,14.83,-92.47,12
P021,Palma,Mazatán,2020,Mar,3,62,5.52,31,24.4,11.8,138.2,1.89,28.9,0,0,0,0,Atención,28.4,69.4,0.45,0.31,14.83,-92.47,12
P021,Palma,Mazatán,2020,Abr,4,63,5.56,34.5,25,13.9,135.7,1.77,29.1,0,0,0,0,Atención,29.8,75.6,0.53,0.345,14.83,-92.47,12
P021,Palma,Mazatán,2020,May,5,64,5.49,68.8,23.2,12.9,136.4,1.8,28.3,0,0,0,0,Atención,29.3,78.4,3.89,0.688,14.83,-92.47,12
P021,Palma,Mazatán,2020,Jun,6,65,5.55,83.2,25.2,12.5,139.8,1.8,27.3,0,0,0,0,Atención,28.5,83.3,7.56,0.832,14.83,-92.47,12
P021,Palma,Mazatán,2020,Jul,7,66,5.5,84.3,27.9,12.4,142,1.79,26.7,5,0,7,0,Atención,27.5,86.5,7.21,0.843,14.83,-92.47,12
P021,Palma,Mazatán,2020,Ago,8,67,5.46,76.5,22.7,12,134.1,1.75,27.2,0,0,0,0,Atención,27.1,87.8,7.62,0.765,14.83,-92.47,12
P021,Palma,Mazatán,2020,Sep,9,68,5.48,89,24,14.3,135.9,1.78,26.8,0,0,0,0,Crítico,26.8,88,9.42,0.89,14.83,-92.47,12
P021,Palma,Mazatán,2020,Oct,10,69,5.57,81,23.1,10.6,131.3,1.8,27.2,0,0,0,0,Atención,27.1,83.9,6.86,0.81,14.83,-92.47,12
P021,Palma,Mazatán,2020,Nov,11,70,5.53,65.9,23,12.7,137.7,1.83,26.8,0,0,0,0,Atención,26.3,79.9,1.95,0.659,14.83,-92.47,12
P021,Palma,Mazatán,2020,Dic,12,71,5.5,48.7,24.6,12.2,138.9,1.82,26.4,0,0,0,0,Atención,27,73.1,1.24,0.487,14.83,-92.47,12
P021,Palma,Mazatán,2021,Ene,1,72,5.55,44.2,28.7,15.7,146.8,1.82,26.8,5,3,7,0,Precaución,27.2,74.2,0,0.442,14.83,-92.47,12
P021,Palma,Mazatán,2021,Feb,2,73,5.51,36.9,24.5,12.7,137.5,1.84,27.3,0,0,0,0,Atención,28.2,71.6,0,0.369,14.83,-92.47,12
P021,Palma,Mazatán,2021,Mar,3,74,5.44,32.7,21.6,12.6,127.4,1.83,28.7,0,0,0,0,Crítico,28.3,70.1,0.56,0.327,14.83,-92.47,12
P021,Palma,Mazatán,2021,Abr,4,75,5.45,41.8,23.8,14.3,134.2,1.93,29.2,0,0,0,0,Atención,29.6,70.8,0.38,0.418,14.83,-92.47,12
P021,Palma,Mazatán,2021,May,5,76,5.58,69.2,20.9,12.1,133.5,1.88,28.6,0,0,0,0,Atención,29.3,79.7,5.33,0.692,14.83,-92.47,12
P021,Palma,Mazatán,2021,Jun,6,77,5.41,82.5,21.9,12.1,134.5,1.8,27.5,0,0,0,0,Atención,28.1,88.3,7.52,0.825,14.83,-92.47,12
P021,Palma,Mazatán,2021,Jul,7,78,5.48,79.5,28.3,12.2,138.3,1.92,27.1,5,0,7,0,Atención,27.6,85.7,7.22,0.795,14.83,-92.47,12
P021,Palma,Mazatán,2021,Ago,8,79,5.59,82.6,22.5,11.8,132.8,1.89,27.2,0,0,0,0,Atención,26.9,89.3,8.28,0.826,14.83,-92.47,12
P021,Palma,Mazatán,2021,Sep,9,80,5.48,88.9,24,11,130.9,1.89,26.4,0,0,0,0,Crítico,27.3,86.8,9.47,0.889,14.83,-92.47,12
P021,Palma,Mazatán,2021,Oct,10,81,5.41,80.7,24,12.8,131.7,1.86,27.1,0,0,0,0,Atención,27.6,85.6,6.65,0.807,14.83,-92.47,12
P021,Palma,Mazatán,2021,Nov,11,82,5.46,67.4,23.2,10.8,135.5,1.85,26.4,0,0,0,0,Atención,27.4,80.3,2.34,0.674,14.83,-92.47,12
P021,Palma,Mazatán,2021,Dic,12,83,5.47,49.9,23.2,11.9,129.7,1.9,26.5,0,0,0,0,Atención,27.5,78,0.1,0.499,14.83,-92.47,12
P021,Palma,Mazatán,2022,Ene,1,84,5.43,33.5,26.2,15.1,145,1.93,27.3,5,3,7,0,Atención,27,72.4,0,0.335,14.83,-92.47,12
P021,Palma,Mazatán,2022,Feb,2,85,5.39,38.6,22.3,12.7,134.3,1.92,27.2,0,0,0,0,Atención,27.7,72.1,0.53,0.386,14.83,-92.47,12
P021,Palma,Mazatán,2022,Mar,3,86,5.42,32.8,22.6,12.1,134.6,1.86,28.7,0,0,0,0,Crítico,28.9,68.8,0.43,0.328,14.83,-92.47,12
P021,Palma,Mazatán,2022,Abr,4,87,5.42,37.1,20.5,12,137.6,1.86,29.1,0,0,0,0,Atención,29.7,68.1,0.96,0.371,14.83,-92.47,12
P021,Palma,Mazatán,2022,May,5,88,5.41,66.6,24.9,11.8,133.2,1.96,28.8,0,0,0,0,Atención,28.8,80.3,4.7,0.666,14.83,-92.47,12
P021,Palma,Mazatán,2022,Jun,6,89,5.47,85.6,20.6,11,144.5,1.89,27.8,0,0,0,0,Atención,27.6,85.4,8.32,0.856,14.83,-92.47,12
P021,Palma,Mazatán,2022,Jul,7,90,5.55,85.7,28.2,11.6,149.8,1.94,27.3,5,0,7,0,Atención,27.7,87.3,8.17,0.857,14.83,-92.47,12
P021,Palma,Mazatán,2022,Ago,8,91,5.41,82.8,20.1,11.1,142.5,1.9,27.3,0,0,0,0,Atención,26.7,86,7.31,0.828,14.83,-92.47,12
P021,Palma,Mazatán,2022,Sep,9,92,5.36,84,21.9,12.4,134,1.88,27.3,0,0,0,0,Atención,27.2,91,9.14,0.84,14.83,-92.47,12
P021,Palma,Mazatán,2022,Oct,10,93,5.4,82.7,23.3,11.6,124.9,1.93,26.8,0,0,0,0,Atención,27.6,84.2,7.57,0.827,14.83,-92.47,12
P021,Palma,Mazatán,2022,Nov,11,94,5.42,62,23.3,11.6,126.8,1.92,26.4,0,0,0,0,Atención,27.6,81.5,1.99,0.62,14.83,-92.47,12
P021,Palma,Mazatán,2022,Dic,12,95,5.42,53.4,22.7,13.1,138.4,1.93,26.6,0,0,0,0,Atención,27.1,72.5,1.19,0.534,14.83,-92.47,12
P021,Palma,Mazatán,2023,Ene,1,96,5.48,42.8,26.6,13.9,139.8,1.92,26.7,5,3,7,0.1,Atención,27.2,77.3,0.71,0.428,14.83,-92.47,12
P021,Palma,Mazatán,2023,Feb,2,97,5.39,35.7,22.2,11.8,135.1,1.94,27.9,0,0,0,0,Atención,28,77.4,1.4,0.357,14.83,-92.47,12
P021,Palma,Mazatán,2023,Mar,3,98,5.42,34.7,22.2,10.7,140.2,1.93,28.1,0,0,0,0,Crítico,28.7,70.3,0,0.347,14.83,-92.47,12
P021,Palma,Mazatán,2023,Abr,4,99,5.38,40.2,20.4,11,140.4,1.97,29.5,0,0,0,0,Atención,29.5,69.6,0.52,0.402,14.83,-92.47,12
P021,Palma,Mazatán,2023,May,5,100,5.31,62.7,26,11.2,137.2,1.94,29.3,0,0,0,0,Atención,28.9,78,3.86,0.627,14.83,-92.47,12
P021,Palma,Mazatán,2023,Jun,6,101,5.31,86.6,22.7,12,130.7,1.96,27.5,0,0,0,0,Atención,28,81.7,7.42,0.866,14.83,-92.47,12
P021,Palma,Mazatán,2023,Jul,7,102,5.41,83.3,25.8,13.9,138.6,1.98,27.2,5,0,7,0,Atención,27.3,87.1,7.66,0.833,14.83,-92.47,12
P021,Palma,Mazatán,2023,Ago,8,103,5.45,83.2,22.2,11.3,130,1.91,26.8,0,0,0,0,Atención,27,86.6,7.57,0.832,14.83,-92.47,12
P021,Palma,Mazatán,2023,Sep,9,104,5.35,85.2,21.6,12.9,133.5,1.92,26.8,0,0,0,0,Atención,27.4,82.8,8.52,0.852,14.83,-92.47,12
P021,Palma,Mazatán,2023,Oct,10,105,5.38,78.9,23.2,11.9,132.2,1.98,26.4,0,0,0,0,Atención,27.1,83.7,6.6,0.789,14.83,-92.47,12
P021,Palma,Mazatán,2023,Nov,11,106,5.39,60.4,22.3,11.2,131.6,2.01,27.1,0,0,0,0,Atención,27.6,86.4,1.99,0.604,14.83,-92.47,12
P021,Palma,Mazatán,2023,Dic,12,107,5.4,48.6,22.7,11.8,137.5,1.95,26.6,0,0,0,0,Atención,27.3,76.2,0.88,0.486,14.83,-92.47,12
P021,Palma,Mazatán,2024,Ene,1,108,5.36,38.1,27.3,16.1,145.5,1.98,26.8,5,3,7,0,Atención,27.7,75.2,0.76,0.381,14.83,-92.47,12
P021,Palma,Mazatán,2024,Feb,2,109,5.38,34.9,21,12.6,129.1,1.96,27.5,0,0,0,0,Crítico,27.9,74.9,0.05,0.349,14.83,-92.47,12
P021,Palma,Mazatán,2024,Mar,3,110,5.35,41.1,19.6,11.1,132.8,2.01,28.3,0,0,0,0,Crítico,29.3,71.7,0,0.411,14.83,-92.47,12
P021,Palma,Mazatán,2024,Abr,4,111,5.4,41,23.2,12.1,135.3,1.93,29.1,0,0,0,0,Atención,29.5,76.2,0.7,0.41,14.83,-92.47,12
P021,Palma,Mazatán,2024,May,5,112,5.44,71.3,21.4,11.3,130.3,1.98,28.5,0,0,0,0,Atención,29.5,81.2,4.88,0.713,14.83,-92.47,12
P021,Palma,Mazatán,2024,Jun,6,113,5.45,83.2,24.7,10.9,134.8,2.01,27.8,0,0,0,0,Atención,27.8,85,7.88,0.832,14.83,-92.47,12
P021,Palma,Mazatán,2024,Jul,7,114,5.39,82.2,27.6,12.4,141.6,1.97,27.1,5,0,7,0,Atención,28.2,82.4,8.27,0.822,14.83,-92.47,12
P021,Palma,Mazatán,2024,Ago,8,115,5.4,79.2,23.7,11.7,137.2,2,27,0,0,0,0,Atención,27.1,88.4,6.78,0.792,14.83,-92.47,12
P021,Palma,Mazatán,2024,Sep,9,116,5.3,87.2,22.4,11.4,136.7,2.01,26.9,0,0,0,0,Atención,27.2,88.7,8.64,0.872,14.83,-92.47,12
P021,Palma,Mazatán,2024,Oct,10,117,5.34,82.4,23.1,11,130,2,27,0,0,0,0,Atención,27.3,86.5,7.85,0.824,14.83,-92.47,12
P021,Palma,Mazatán,2024,Nov,11,118,5.21,61.6,21,12.2,128.6,1.99,26.8,0,0,0,0,Atención,27.2,81.7,2.2,0.616,14.83,-92.47,12
P021,Palma,Mazatán,2024,Dic,12,119,5.28,47.7,22.4,13.5,136.9,1.96,26.8,0,0,0,0,Atención,26.8,79.4,0.75,0.477,14.83,-92.47,12
P022,Plátano,Mazatán,2015,Ene,1,0,6.06,40.1,35.5,16.2,215.5,1.28,26.7,0,0,0,0,Óptimo,27.2,76.5,0,0.401,14.83,-92.47,12
P022,Plátano,Mazatán,2015,Feb,2,1,6.1,35.8,36.1,15,211.6,1.28,27.6,0,0,0,0,Óptimo,27.6,70.3,0,0.358,14.83,-92.47,12
P022,Plátano,Mazatán,2015,Mar,3,2,6.06,34.5,34,15.2,212.1,1.24,28.8,0,0,0,0,Precaución,28.9,70.8,0,0.345,14.83,-92.47,12
P022,Plátano,Mazatán,2015,Abr,4,3,6.05,44.7,35.5,15.4,229.8,1.25,29.2,0,0,12,0,Óptimo,29.2,67.7,1.08,0.447,14.83,-92.47,12
P022,Plátano,Mazatán,2015,May,5,4,5.97,70.4,46.3,16.5,218.4,1.24,29.1,10,0,0,0,Precaución,29.8,78.1,3.35,0.704,14.83,-92.47,12
P022,Plátano,Mazatán,2015,Jun,6,5,6,86.2,35.1,17.4,208.5,1.25,27.5,0,0,0,0,Óptimo,27.7,87.4,8.33,0.862,14.83,-92.47,12
P022,Plátano,Mazatán,2015,Jul,7,6,6.07,84.5,35.7,16.3,224.4,1.27,26.7,0,0,12,0,Óptimo,27.9,84,8.35,0.845,14.83,-92.47,12
P022,Plátano,Mazatán,2015,Ago,8,7,6.01,87,35.7,15.4,207.1,1.23,26.4,0,0,0,0,Óptimo,26.8,88,7.5,0.87,14.83,-92.47,12
P022,Plátano,Mazatán,2015,Sep,9,8,6.06,88.7,46.1,18.9,213.6,1.37,26.7,10,4,0,0,Precaución,26.4,86.9,9.04,0.887,14.83,-92.47,12
P022,Plátano,Mazatán,2015,Oct,10,9,6.03,86.6,36,16.7,217.7,1.36,27,0,0,12,0,Óptimo,27.1,86.2,6.73,0.866,14.83,-92.47,12
P022,Plátano,Mazatán,2015,Nov,11,10,6.04,64.3,34.6,16.6,213.2,1.21,26.4,0,0,0,0,Óptimo,26.5,84.8,2.89,0.643,14.83,-92.47,12
P022,Plátano,Mazatán,2015,Dic,12,11,5.96,46.7,35.6,16.1,212.7,1.29,26.7,0,0,0,0,Precaución,26.8,77.7,0.43,0.467,14.83,-92.47,12
P022,Plátano,Mazatán,2016,Ene,1,12,6.02,41.1,45,16.2,231.4,1.34,27.4,10,0,12,0,Óptimo,27.5,72.3,0.53,0.411,14.83,-92.47,12
P022,Plátano,Mazatán,2016,Feb,2,13,5.94,34.4,36.5,15.9,218.2,1.31,27.4,0,0,0,0,Precaución,28.3,73,0.56,0.344,14.83,-92.47,12
P022,Plátano,Mazatán,2016,Mar,3,14,6.02,28.9,37.4,15.1,209.2,1.31,29.2,0,0,0,0,Precaución,28.7,68,0.37,0.289,14.83,-92.47,12
P022,Plátano,Mazatán,2016,Abr,4,15,5.91,39.5,37,14.7,225.6,1.33,29.6,0,0,12,0,Precaución,29.1,67,1.18,0.395,14.83,-92.47,12
P022,Plátano,Mazatán,2016,May,5,16,5.9,69.3,45.9,19.8,209.7,1.34,28.7,10,4,0,0,Precaución,29.4,80.5,3.99,0.693,14.83,-92.47,12
P022,Plátano,Mazatán,2016,Jun,6,17,5.92,85.5,35.7,15.7,210.4,1.38,27.5,0,0,0,0,Precaución,27.4,82.4,8.08,0.855,14.83,-92.47,12
P022,Plátano,Mazatán,2016,Jul,7,18,5.93,80.5,35.2,14.8,218.7,1.31,27.4,0,0,12,0,Precaución,27.6,85.3,7.1,0.805,14.83,-92.47,12
P022,Plátano,Mazatán,2016,Ago,8,19,5.94,90.2,33.9,16.4,207.9,1.33,27.2,0,0,0,0,Precaución,27,85.9,7.62,0.902,14.83,-92.47,12
P022,Plátano,Mazatán,2016,Sep,9,20,5.96,91.3,45.2,15.5,201,1.34,26.9,10,0,0,0,Precaución,27.3,87.4,8.6,0.913,14.83,-92.47,12
P022,Plátano,Mazatán,2016,Oct,10,21,5.97,87.2,35.8,15.9,228.4,1.37,26.5,0,0,12,0,Precaución,27.4,85.6,7.34,0.872,14.83,-92.47,12
P022,Plátano,Mazatán,2016,Nov,11,22,5.92,69.5,34.3,15.7,215.1,1.39,26.6,0,0,0,0,Precaución,27.2,83.3,1.68,0.695,14.83,-92.47,12
P022,Plátano,Mazatán,2016,Dic,12,23,5.95,50.1,35.6,15,212.6,1.29,26.9,0,0,0,0,Precaución,26.1,78.6,0.42,0.501,14.83,-92.47,12
P022,Plátano,Mazatán,2017,Ene,1,24,5.9,42.3,45.2,19.6,222.1,1.42,26.9,10,4,12,0,Precaución,27,72.9,0.12,0.423,14.83,-92.47,12
P022,Plátano,Mazatán,2017,Feb,2,25,5.96,34,36.1,16.1,206.1,1.28,27.8,0,0,0,0,Precaución,27.1,70.7,0.02,0.34,14.83,-92.47,12
P022,Plátano,Mazatán,2017,Mar,3,26,5.92,34.2,35.8,16.2,215,1.39,29.1,0,0,0,0,Precaución,28.8,67.8,1.13,0.342,14.83,-92.47,12
P022,Plátano,Mazatán,2017,Abr,4,27,5.97,39,35,14.6,226.7,1.37,29,0,0,12,0,Precaución,29.2,68.4,1.91,0.39,14.83,-92.47,12
P022,Plátano,Mazatán,2017,May,5,28,5.93,62.2,43.6,15.1,209.5,1.37,29,10,0,0,0,Precaución,29.2,81.6,4.63,0.622,14.83,-92.47,12
P022,Plátano,Mazatán,2017,Jun,6,29,5.91,84.3,34.6,15.4,206.8,1.36,28,0,0,0,0,Precaución,28.5,82.6,8.52,0.843,14.83,-92.47,12
P022,Plátano,Mazatán,2017,Jul,7,30,5.93,82.3,34.1,16.8,223.1,1.41,27.4,0,0,12,0,Precaución,26.5,87.3,7.19,0.823,14.83,-92.47,12
P022,Plátano,Mazatán,2017,Ago,8,31,5.97,87.9,34,14.9,209.3,1.45,26.9,0,0,0,0,Precaución,27.8,83.9,7.09,0.879,14.83,-92.47,12
P022,Plátano,Mazatán,2017,Sep,9,32,5.89,86.4,45.9,20.6,207.4,1.43,26.5,10,4,0,0,Precaución,27.5,88,9.34,0.864,14.83,-92.47,12
P022,Plátano,Mazatán,2017,Oct,10,33,5.9,83.9,33.3,14.7,220.9,1.48,26.8,0,0,12,0,Precaución,26.9,85,7.5,0.839,14.83,-92.47,12
P022,Plátano,Mazatán,2017,Nov,11,34,5.84,66.3,33,15,203.8,1.44,26.5,0,0,0,0,Precaución,27.1,85.5,1.89,0.663,14.83,-92.47,12
P022,Plátano,Mazatán,2017,Dic,12,35,5.95,47.7,34.9,14.2,205.6,1.39,27,0,0,0,0,Precaución,26.9,77.3,0.79,0.477,14.83,-92.47,12
P022,Plátano,Mazatán,2018,Ene,1,36,5.93,47,43.6,16.2,223.6,1.39,27,10,0,12,0.12,Precaución,27.3,73.6,0.41,0.47,14.83,-92.47,12
P022,Plátano,Mazatán,2018,Feb,2,37,5.89,38.3,35.8,14.6,205.6,1.49,27.3,0,0,0,0,Precaución,26.9,72.7,0,0.383,14.83,-92.47,12
P022,Plátano,Mazatán,2018,Mar,3,38,5.88,37.9,37,16.1,212,1.49,28.7,0,0,0,0,Precaución,28.3,69.8,1.31,0.379,14.83,-92.47,12
P022,Plátano,Mazatán,2018,Abr,4,39,5.84,42,35.2,14.4,226,1.41,28.5,0,0,12,0,Precaución,30.5,70.8,1.1,0.42,14.83,-92.47,12
P022,Plátano,Mazatán,2018,May,5,40,5.8,71.5,45.8,20.7,205,1.44,28.5,10,4,0,0,Precaución,29.2,76.7,4.49,0.715,14.83,-92.47,12
P022,Plátano,Mazatán,2018,Jun,6,41,5.86,90.6,35.5,15.3,212.5,1.56,27.5,0,0,0,0,Atención,27.9,83.2,8.14,0.906,14.83,-92.47,12
P022,Plátano,Mazatán,2018,Jul,7,42,5.8,79.5,33.4,15.4,223.1,1.52,27.6,0,0,12,0,Precaución,26.8,83.8,7.1,0.795,14.83,-92.47,12
P022,Plátano,Mazatán,2018,Ago,8,43,5.82,83.3,36.2,14.7,208.4,1.4,26.6,0,0,0,0,Precaución,27.4,79.2,7.59,0.833,14.83,-92.47,12
P022,Plátano,Mazatán,2018,Sep,9,44,5.79,87.4,45.7,15,204.3,1.36,26.8,10,0,0,0,Precaución,26.9,83.7,9.43,0.874,14.83,-92.47,12
P022,Plátano,Mazatán,2018,Oct,10,45,5.8,78.2,32.8,15.6,221.1,1.47,26.5,0,0,12,0,Precaución,27.4,86,7.62,0.782,14.83,-92.47,12
P022,Plátano,Mazatán,2018,Nov,11,46,5.73,69.2,34.4,14.6,203.1,1.53,26.8,0,0,0,0,Atención,26.8,79.5,3.28,0.692,14.83,-92.47,12
P022,Plátano,Mazatán,2018,Dic,12,47,5.72,50.9,35.1,14.5,210.9,1.49,26.7,0,0,0,0,Precaución,26.8,75.9,0.27,0.509,14.83,-92.47,12
P022,Plátano,Mazatán,2019,Ene,1,48,5.79,36,43.8,19.7,213.7,1.55,26.7,10,4,12,0,Precaución,27.5,74.1,0.81,0.36,14.83,-92.47,12
P022,Plátano,Mazatán,2019,Feb,2,49,5.79,40.8,35.4,14.9,206.4,1.54,27.9,0,0,0,0,Atención,27.5,69.7,0,0.408,14.83,-92.47,12
P022,Plátano,Mazatán,2019,Mar,3,50,5.78,36.7,35.7,16,210.2,1.5,28.6,0,0,0,0,Precaución,29.2,72.1,0.25,0.367,14.83,-92.47,12
P022,Plátano,Mazatán,2019,Abr,4,51,5.78,38.7,34.4,14.6,218.4,1.45,28.6,0,0,12,0,Precaución,29.9,73.2,1.62,0.387,14.83,-92.47,12
P022,Plátano,Mazatán,2019,May,5,52,5.74,67.5,43.8,15.5,214.4,1.57,28.6,10,0,0,0,Precaución,29,78.4,4.19,0.675,14.83,-92.47,12
P022,Plátano,Mazatán,2019,Jun,6,53,5.74,85.8,36.5,13.6,210,1.55,27.4,0,0,0,0,Atención,27.6,85.5,8.52,0.858,14.83,-92.47,12
P022,Plátano,Mazatán,2019,Jul,7,54,5.65,87.1,35.3,14.8,223,1.46,27,0,0,12,0,Precaución,28.1,86.2,7.32,0.871,14.83,-92.47,12
P022,Plátano,Mazatán,2019,Ago,8,55,5.71,85.8,34.6,14.2,206.9,1.48,26.9,0,0,0,0,Precaución,26.8,85.5,7.62,0.858,14.83,-92.47,12
P022,Plátano,Mazatán,2019,Sep,9,56,5.69,86.7,44.8,18.7,207.1,1.59,26.7,10,4,0,0,Precaución,27.3,88.4,9.17,0.867,14.83,-92.47,12
P022,Plátano,Mazatán,2019,Oct,10,57,5.7,84.2,33.7,15.2,212.9,1.51,26.7,0,0,12,0,Precaución,26.9,84,7.54,0.842,14.83,-92.47,12
P022,Plátano,Mazatán,2019,Nov,11,58,5.72,60.8,32.4,13.4,211.5,1.53,26.6,0,0,0,0,Atención,27.1,83.9,2.82,0.608,14.83,-92.47,12
P022,Plátano,Mazatán,2019,Dic,12,59,5.77,51.6,33,15.4,210.9,1.58,26.4,0,0,0,0,Precaución,26.8,76.5,0.33,0.516,14.83,-92.47,12
P022,Plátano,Mazatán,2020,Ene,1,60,5.7,40.8,43.5,15.3,224.6,1.51,27,10,0,12,0,Precaución,26.2,75.2,0.34,0.408,14.83,-92.47,12
P022,Plátano,Mazatán,2020,Feb,2,61,5.68,34.9,32.8,14.9,208.7,1.61,27,0,0,0,0,Atención,28.1,72.9,0.18,0.349,14.83,-92.47,12
P022,Plátano,Mazatán,2020,Mar,3,62,5.73,37,34.2,14.4,213.2,1.55,29,0,0,0,0,Atención,28.5,72.8,0.03,0.37,14.83,-92.47,12
P022,Plátano,Mazatán,2020,Abr,4,63,5.72,41,33.4,14.5,225.1,1.54,29.3,0,0,12,0,Atención,29.5,73.6,0.27,0.41,14.83,-92.47,12
P022,Plátano,Mazatán,2020,May,5,64,5.68,62.1,44.3,18.5,205.4,1.61,28.9,10,4,0,0,Precaución,29,78.4,4.42,0.621,14.83,-92.47,12
P022,Plátano,Mazatán,2020,Jun,6,65,5.64,85.5,33.9,15.3,208.2,1.56,27.4,0,0,0,0,Precaución,27.6,86.2,8.17,0.855,14.83,-92.47,12
P022,Plátano,Mazatán,2020,Jul,7,66,5.74,85.9,33,14.2,216.4,1.55,26.8,0,0,12,0,Atención,27.5,84.8,7.18,0.859,14.83,-92.47,12
P022,Plátano,Mazatán,2020,Ago,8,67,5.68,82.5,36.2,14.9,203.2,1.57,26.9,0,0,0,0,Atención,27.6,85.8,7.83,0.825,14.83,-92.47,12
P022,Plátano,Mazatán,2020,Sep,9,68,5.69,83.1,44.5,15.7,206.1,1.51,26.9,10,0,0,0,Precaución,27.4,87.6,9.69,0.831,14.83,-92.47,12
P022,Plátano,Mazatán,2020,Oct,10,69,5.7,82.7,32.6,14.8,220.3,1.61,26.7,0,0,12,0,Atención,26.8,84.4,7.02,0.827,14.83,-92.47,12
P022,Plátano,Mazatán,2020,Nov,11,70,5.66,62.8,33.5,13.7,212.6,1.63,26.6,0,0,0,0,Atención,26.9,82.9,3.02,0.628,14.83,-92.47,12
P022,Plátano,Mazatán,2020,Dic,12,71,5.64,55.3,32.7,12.8,208.2,1.63,26.6,0,0,0,0,Atención,27.6,78,0.69,0.553,14.83,-92.47,12
P022,Plátano,Mazatán,2021,Ene,1,72,5.77,43.6,45.3,17.9,219.4,1.63,27.1,10,4,12,0.12,Precaución,27.2,77.7,0.37,0.436,14.83,-92.47,12
P022,Plátano,Mazatán,2021,Feb,2,73,5.6,38.8,34.2,15.3,209.1,1.58,27.8,0,0,0,0,Precaución,28.5,70.2,0,0.388,14.83,-92.47,12
P022,Plátano,Mazatán,2021,Mar,3,74,5.62,33.4,34.6,14.1,209.3,1.6,28.4,0,0,0,0,Atención,30,71.5,0,0.334,14.83,-92.47,12
P022,Plátano,Mazatán,2021,Abr,4,75,5.59,37.5,32.6,13.9,217.5,1.62,29,0,0,12,0,Atención,29.8,71.4,0.6,0.375,14.83,-92.47,12
P022,Plátano,Mazatán,2021,May,5,76,5.59,70.9,44,12.7,208,1.62,29.1,10,0,0,0,Atención,29.6,80.1,3.97,0.709,14.83,-92.47,12
P022,Plátano,Mazatán,2021,Jun,6,77,5.59,84.7,34.1,14.9,209,1.67,27.8,0,0,0,0,Atención,28.1,83.6,7.45,0.847,14.83,-92.47,12
P022,Plátano,Mazatán,2021,Jul,7,78,5.54,78.5,31.7,12.8,224.5,1.63,26.9,0,0,12,0,Atención,27.5,86,7.19,0.785,14.83,-92.47,12
P022,Plátano,Mazatán,2021,Ago,8,79,5.56,85.8,33.3,14.5,206.1,1.66,26.7,0,0,0,0,Atención,27.1,80.7,7.36,0.858,14.83,-92.47,12
P022,Plátano,Mazatán,2021,Sep,9,80,5.52,91.8,45.1,18.8,210.6,1.69,26.8,10,4,0,0,Atención,27,80.9,9.08,0.918,14.83,-92.47,12
P022,Plátano,Mazatán,2021,Oct,10,81,5.57,85.1,32.9,15.2,217.2,1.64,26.9,0,0,12,0,Precaución,26.9,81.3,7.74,0.851,14.83,-92.47,12
P022,Plátano,Mazatán,2021,Nov,11,82,5.59,70.2,32.9,14.9,210.6,1.64,27,0,0,0,0,Atención,26.7,83.5,2.28,0.702,14.83,-92.47,12
P022,Plátano,Mazatán,2021,Dic,12,83,5.58,49.5,33.6,13.5,202.8,1.67,26.7,0,0,0,0,Atención,27,78.5,1.68,0.495,14.83,-92.47,12
P022,Plátano,Mazatán,2022,Ene,1,84,5.62,39.2,43.8,14.5,216.3,1.65,26.7,10,0,12,0,Atención,27.1,75,0.82,0.392,14.83,-92.47,12
P022,Plátano,Mazatán,2022,Feb,2,85,5.55,30.4,34.1,14.6,205.9,1.7,27.7,0,0,0,0,Atención,28.3,70,0.05,0.304,14.83,-92.47,12
P022,Plátano,Mazatán,2022,Mar,3,86,5.5,39.8,31.4,12.3,210.6,1.69,28.8,0,0,0,0,Atención,28.4,73.8,0.31,0.398,14.83,-92.47,12
P022,Plátano,Mazatán,2022,Abr,4,87,5.62,35.9,32.8,13.7,222,1.62,29.7,0,0,12,0,Atención,29,76.5,0.29,0.359,14.83,-92.47,12
P022,Plátano,Mazatán,2022,May,5,88,5.54,67,42.4,17.6,204.3,1.74,28.9,10,4,0,0,Precaución,29.5,79.3,3.42,0.67,14.83,-92.47,12
P022,Plátano,Mazatán,2022,Jun,6,89,5.54,82.4,32.8,13.6,205.4,1.7,27.1,0,0,0,0,Atención,27.7,84.9,8.41,0.824,14.83,-92.47,12
P022,Plátano,Mazatán,2022,Jul,7,90,5.49,78.3,33.6,14.3,219.7,1.68,26.9,0,0,12,0,Atención,27.3,85.3,6.65,0.783,14.83,-92.47,12
P022,Plátano,Mazatán,2022,Ago,8,91,5.55,84.4,35.1,13.8,206.5,1.71,26.6,0,0,0,0,Atención,27.2,85.7,8.06,0.844,14.83,-92.47,12
P022,Plátano,Mazatán,2022,Sep,9,92,5.57,85.2,42.2,14,204.5,1.71,26.9,10,0,0,0,Atención,27.1,90,9.02,0.852,14.83,-92.47,12
P022,Plátano,Mazatán,2022,Oct,10,93,5.52,81.9,33,13.6,221.1,1.67,26.5,0,0,12,0,Atención,27.6,87,8.12,0.819,14.83,-92.47,12
P022,Plátano,Mazatán,2022,Nov,11,94,5.47,60.2,32.3,13.5,203.1,1.75,27.1,0,0,0,0,Atención,28,77.3,2.18,0.602,14.83,-92.47,12
P022,Plátano,Mazatán,2022,Dic,12,95,5.59,46.4,33.4,14.1,207.8,1.72,26.7,0,0,0,0,Atención,26.9,75,0.46,0.464,14.83,-92.47,12
P022,Plátano,Mazatán,2023,Ene,1,96,5.47,44.2,42.9,17.2,221.2,1.79,26.6,10,4,12,0,Atención,27.6,80.2,0.92,0.442,14.83,-92.47,12
P022,Plátano,Mazatán,2023,Feb,2,97,5.49,33.4,31.8,14.5,207.9,1.77,27.5,0,0,0,0,Crítico,28.3,72.9,0.81,0.334,14.83,-92.47,12
P022,Plátano,Mazatán,2023,Mar,3,98,5.51,36.5,31.5,14.4,206,1.73,28.9,0,0,0,0,Atención,29.3,69.3,0,0.365,14.83,-92.47,12
P022,Plátano,Mazatán,2023,Abr,4,99,5.51,42.8,31.6,14.5,219,1.78,29,0,0,12,0,Atención,29.7,73.8,0.03,0.428,14.83,-92.47,12
P022,Plátano,Mazatán,2023,May,5,100,5.48,63.1,43.1,14.5,200.9,1.76,28.7,10,0,0,0,Atención,29.8,79.4,4.68,0.631,14.83,-92.47,12
P022,Plátano,Mazatán,2023,Jun,6,101,5.48,78.3,31.9,13.5,203.6,1.77,27.7,0,0,0,0,Atención,28.2,83.5,8.12,0.783,14.83,-92.47,12
P022,Plátano,Mazatán,2023,Jul,7,102,5.5,83.8,30.4,13.9,220.2,1.78,27.3,0,0,12,0,Atención,27.5,84.4,7.21,0.838,14.83,-92.47,12
P022,Plátano,Mazatán,2023,Ago,8,103,5.44,84.8,32.2,13.7,210.8,1.79,26.8,0,0,0,0,Atención,27.5,83.8,7.74,0.848,14.83,-92.47,12
P022,Plátano,Mazatán,2023,Sep,9,104,5.49,85.2,42.1,17.8,202.4,1.79,27.2,10,4,0,0,Atención,26.9,89.8,8.86,0.852,14.83,-92.47,12
P022,Plátano,Mazatán,2023,Oct,10,105,5.43,82.5,32.4,12.8,216.4,1.81,26.6,0,0,12,0,Atención,27.2,87.6,7.17,0.825,14.83,-92.47,12
P022,Plátano,Mazatán,2023,Nov,11,106,5.46,63.3,32.2,12.3,208.2,1.79,27.3,0,0,0,0,Atención,27.2,83.2,2.43,0.633,14.83,-92.47,12
P022,Plátano,Mazatán,2023,Dic,12,107,5.38,48.2,32.9,13.4,204.6,1.81,26.6,0,0,0,0,Atención,27.5,76.8,1.08,0.482,14.83,-92.47,12
P022,Plátano,Mazatán,2024,Ene,1,108,5.52,42.8,43.2,14.1,220.2,1.8,27.1,10,0,12,0.12,Atención,27.6,74.9,0,0.428,14.83,-92.47,12
P022,Plátano,Mazatán,2024,Feb,2,109,5.41,36.1,34.3,13.4,205.3,1.8,27.9,0,0,0,0,Atención,28.5,73.9,0.44,0.361,14.83,-92.47,12
P022,Plátano,Mazatán,2024,Mar,3,110,5.4,40.5,32.5,13.7,208.8,1.81,28.3,0,0,0,0,Atención,29.2,68.5,0.35,0.405,14.83,-92.47,12
P022,Plátano,Mazatán,2024,Abr,4,111,5.34,40.7,33.7,13.7,217.6,1.8,29.4,0,0,12,0,Atención,30.1,73.6,0.22,0.407,14.83,-92.47,12
P022,Plátano,Mazatán,2024,May,5,112,5.4,67.1,41.4,17.4,207.4,1.79,28.9,10,4,0,0,Atención,29.5,77.5,4.27,0.671,14.83,-92.47,12
P022,Plátano,Mazatán,2024,Jun,6,113,5.4,84,31.8,13.9,201.1,1.84,27.4,0,0,0,0,Atención,28.1,81.2,7.71,0.84,14.83,-92.47,12
P022,Plátano,Mazatán,2024,Jul,7,114,5.39,84,31.1,12.1,219.9,1.79,27.5,0,0,12,0,Atención,28,89.9,6.93,0.84,14.83,-92.47,12
P022,Plátano,Mazatán,2024,Ago,8,115,5.36,81,33.7,12.5,202.9,1.83,27.2,0,0,0,0,Atención,27.1,88.6,8.1,0.81,14.83,-92.47,12
P022,Plátano,Mazatán,2024,Sep,9,116,5.34,85.3,42.3,13,205.4,1.81,26.4,10,0,0,0,Atención,26.3,86.8,9.84,0.853,14.83,-92.47,12
P022,Plátano,Mazatán,2024,Oct,10,117,5.36,80,29.4,13.6,215.5,1.83,26.7,0,0,12,0,Atención,27.5,87.2,6.51,0.8,14.83,-92.47,12
P022,Plátano,Mazatán,2024,Nov,11,118,5.4,69.5,32,13.2,200,1.9,26.6,0,0,0,0,Atención,26.7,82.8,2.11,0.695,14.83,-92.47,12
P022,Plátano,Mazatán,2024,Dic,12,119,5.39,51.2,33.2,13.8,209.8,1.87,27,0,0,0,0,Atención,28,75.9,0,0.512,14.83,-92.47,12
P023,Maíz,Mazatán,2015,Ene,1,0,6.49,47.9,35.9,21.2,132.9,1.33,26.9,0,0,0,0,Óptimo,27,75.6,0.18,0.479,14.83,-92.47,12
P023,Maíz,Mazatán,2015,Feb,2,1,6.49,37.2,36.2,20.9,133.9,1.37,26.8,0,0,0,0,Óptimo,27.4,72.4,0,0.372,14.83,-92.47,12
P023,Maíz,Mazatán,2015,Mar,3,2,6.45,32.7,36.9,20.7,133.8,1.37,29.7,0,0,0,0,Precaución,29.2,69.6,0,0.327,14.83,-92.47,12
P023,Maíz,Mazatán,2015,Abr,4,3,6.5,38.3,38.7,19.3,120.7,1.35,29.1,0,0,0,0,Óptimo,29.7,70.3,0.39,0.383,14.83,-92.47,12
P023,Maíz,Mazatán,2015,May,5,4,6.51,71.4,48,20.7,132.8,1.28,28.3,12,0,8,0,Óptimo,29.2,78.1,3.67,0.714,14.83,-92.47,12
P023,Maíz,Mazatán,2015,Jun,6,5,6.47,89.7,36.5,20.7,136.7,1.35,27.6,0,0,0,0,Precaución,27.4,85.4,7.97,0.897,14.83,-92.47,12
P023,Maíz,Mazatán,2015,Jul,7,6,6.43,85.2,36.1,21.8,130.6,1.42,26.6,0,0,0,0,Óptimo,27.3,85,7.96,0.852,14.83,-92.47,12
P023,Maíz,Mazatán,2015,Ago,8,7,6.36,80.8,37,21.8,133.2,1.35,26.8,0,0,0,0,Óptimo,26.9,86.7,8.12,0.808,14.83,-92.47,12
P023,Maíz,Mazatán,2015,Sep,9,8,6.37,92.2,46.8,25.4,134.1,1.33,27.1,12,6,8,0,Precaución,27.2,86.2,8.89,0.922,14.83,-92.47,12
P023,Maíz,Mazatán,2015,Oct,10,9,6.36,84.2,38.3,21.2,131.7,1.4,26.9,0,0,0,0,Óptimo,27.5,89.5,8.08,0.842,14.83,-92.47,12
P023,Maíz,Mazatán,2015,Nov,11,10,6.36,63,35,20.8,127.3,1.4,26.3,0,0,0,0,Óptimo,26.7,80.4,2.07,0.63,14.83,-92.47,12
P023,Maíz,Mazatán,2015,Dic,12,11,6.37,53.8,34.9,19.9,128.6,1.37,26,0,0,0,0,Óptimo,26.7,75.3,0.16,0.538,14.83,-92.47,12
P023,Maíz,Mazatán,2016,Ene,1,12,6.42,43.2,47.6,19.7,138.4,1.44,26.8,12,0,8,0,Óptimo,27.9,72.1,0,0.432,14.83,-92.47,12
P023,Maíz,Mazatán,2016,Feb,2,13,6.35,35.7,35.3,20.1,133.8,1.48,27.6,0,0,0,0,Óptimo,27.6,75,0.86,0.357,14.83,-92.47,12
P023,Maíz,Mazatán,2016,Mar,3,14,6.4,32.6,34.7,19.9,128.8,1.42,28.8,0,0,0,0,Precaución,28.8,74.7,1.03,0.326,14.83,-92.47,12
P023,Maíz,Mazatán,2016,Abr,4,15,6.32,35.3,35.7,20.7,122.6,1.36,29.3,0,0,0,0,Óptimo,30,66.9,0.18,0.353,14.83,-92.47,12
P023,Maíz,Mazatán,2016,May,5,16,6.28,71.5,49.2,27,138,1.45,28.7,12,6,8,0,Óptimo,29.1,79,5.04,0.715,14.83,-92.47,12
P023,Maíz,Mazatán,2016,Jun,6,17,6.4,85.4,35.7,21.1,130.1,1.46,27.5,0,0,0,0,Óptimo,28.1,83.5,7.57,0.854,14.83,-92.47,12
P023,Maíz,Mazatán,2016,Jul,7,18,6.34,85.9,37.9,20,130,1.41,27.3,0,0,0,0,Óptimo,27,88.6,7.23,0.859,14.83,-92.47,12
P023,Maíz,Mazatán,2016,Ago,8,19,6.38,84.3,35.9,20.3,131,1.5,26.7,0,0,0,0,Óptimo,27.2,86.5,8.44,0.843,14.83,-92.47,12
P023,Maíz,Mazatán,2016,Sep,9,20,6.31,91.1,47,19.1,133.9,1.47,26.7,12,0,8,0,Precaución,27.8,87,8.69,0.911,14.83,-92.47,12
P023,Maíz,Mazatán,2016,Oct,10,21,6.3,82.1,36.4,19.8,128.3,1.47,27.2,0,0,0,0,Óptimo,27.2,86.4,8.35,0.821,14.83,-92.47,12
P023,Maíz,Mazatán,2016,Nov,11,22,6.39,67.1,34.2,19.4,133.3,1.51,26.5,0,0,0,0,Precaución,26.8,83.5,2.39,0.671,14.83,-92.47,12
P023,Maíz,Mazatán,2016,Dic,12,23,6.23,48.8,36.5,20.9,134.2,1.47,27.1,0,0,0,0,Óptimo,27,75.1,0.56,0.488,14.83,-92.47,12
P023,Maíz,Mazatán,2017,Ene,1,24,6.51,44.8,47.5,25.5,131.9,1.45,26.9,12,6,8,0.2,Óptimo,27,73.2,0,0.448,14.83,-92.47,12
P023,Maíz,Mazatán,2017,Feb,2,25,6.25,36.6,33.5,18.7,125.3,1.54,27.1,0,0,0,0,Precaución,28.2,73.1,0.71,0.366,14.83,-92.47,12
P023,Maíz,Mazatán,2017,Mar,3,26,6.31,40.9,36.3,20,124.2,1.5,28.7,0,0,0,0,Óptimo,29.1,76,0.07,0.409,14.83,-92.47,12
P023,Maíz,Mazatán,2017,Abr,4,27,6.21,41.5,35.8,18.7,131.4,1.41,29.4,0,0,0,0,Óptimo,29.8,75.6,0.51,0.415,14.83,-92.47,12
P023,Maíz,Mazatán,2017,May,5,28,6.25,69,46.8,19.6,136.5,1.48,28.7,12,0,8,0,Óptimo,29.2,81.5,3.81,0.69,14.83,-92.47,12
P023,Maíz,Mazatán,2017,Jun,6,29,6.28,83.9,34.3,19.6,134.8,1.57,27.5,0,0,0,0,Precaución,28.1,84.7,8.77,0.839,14.83,-92.47,12
P023,Maíz,Mazatán,2017,Jul,7,30,6.24,87.5,33.4,20.8,128.8,1.51,26.9,0,0,0,0,Precaución,27.8,89.1,7.9,0.875,14.83,-92.47,12
P023,Maíz,Mazatán,2017,Ago,8,31,6.23,84.7,34.9,19.9,129.9,1.49,27,0,0,0,0,Óptimo,27.6,82.7,7.55,0.847,14.83,-92.47,12
P023,Maíz,Mazatán,2017,Sep,9,32,6.15,85.3,47.8,25,143.6,1.46,26.7,12,6,8,0,Óptimo,27.6,88.4,8.86,0.853,14.83,-92.47,12
P023,Maíz,Mazatán,2017,Oct,10,33,6.22,84.3,37.5,19,133.8,1.5,27.2,0,0,0,0,Óptimo,27,88.9,8.17,0.843,14.83,-92.47,12
P023,Maíz,Mazatán,2017,Nov,11,34,6.11,66.1,33.9,19.2,132.5,1.53,26.5,0,0,0,0,Precaución,26.8,84.7,2.27,0.661,14.83,-92.47,12
P023,Maíz,Mazatán,2017,Dic,12,35,6.21,54.9,33.2,20.4,131.7,1.55,26.2,0,0,0,0,Precaución,26.9,76,0.66,0.549,14.83,-92.47,12
P023,Maíz,Mazatán,2018,Ene,1,36,6.18,42.1,45.4,18.8,134.8,1.53,26.5,12,0,8,0,Precaución,27.4,76.7,0.55,0.421,14.83,-92.47,12
P023,Maíz,Mazatán,2018,Feb,2,37,6.16,35.6,34.2,18.9,130.1,1.51,27.4,0,0,0,0,Precaución,26.8,73.4,1.16,0.356,14.83,-92.47,12
P023,Maíz,Mazatán,2018,Mar,3,38,6.18,31.7,34,20.6,129.4,1.58,28.4,0,0,0,0,Precaución,29,70.6,0.23,0.317,14.83,-92.47,12
P023,Maíz,Mazatán,2018,Abr,4,39,6.19,41.6,37.5,18.9,131.7,1.67,29.4,0,0,0,0,Precaución,29.1,66.8,1.33,0.416,14.83,-92.47,12
P023,Maíz,Mazatán,2018,May,5,40,6.14,68.4,46.2,26.5,141.1,1.59,28.7,12,6,8,0,Precaución,29,78.2,3.7,0.684,14.83,-92.47,12
P023,Maíz,Mazatán,2018,Jun,6,41,6.11,80.2,35.2,19.7,135.9,1.59,27.6,0,0,0,0,Precaución,27.4,86.2,7.96,0.802,14.83,-92.47,12
P023,Maíz,Mazatán,2018,Jul,7,42,6.14,83.5,34.7,20.1,130.6,1.61,27.1,0,0,0,0,Precaución,27.3,86.7,7.6,0.835,14.83,-92.47,12
P023,Maíz,Mazatán,2018,Ago,8,43,6.09,87.3,32.7,21.3,131.7,1.62,26.9,0,0,0,0,Precaución,27.2,83.8,8.25,0.873,14.83,-92.47,12
P023,Maíz,Mazatán,2018,Sep,9,44,6.11,86.1,45.5,20.9,136.5,1.47,27.4,12,0,8,0,Óptimo,27.4,90.8,10.3,0.861,14.83,-92.47,12
P023,Maíz,Mazatán,2018,Oct,10,45,6.06,82.9,34.9,20.7,136.1,1.69,26.8,0,0,0,0,Precaución,27.1,83.7,8.74,0.829,14.83,-92.47,12
P023,Maíz,Mazatán,2018,Nov,11,46,6.08,66.2,35.1,19.7,131.7,1.55,26.6,0,0,0,0,Precaución,26.8,82.2,3.08,0.662,14.83,-92.47,12
P023,Maíz,Mazatán,2018,Dic,12,47,6.1,49.6,33.1,18.4,130.1,1.67,26.6,0,0,0,0,Precaución,27.5,78.2,0.69,0.496,14.83,-92.47,12
P023,Maíz,Mazatán,2019,Ene,1,48,6.3,42.3,45.1,24.9,134.5,1.62,26.6,12,6,8,0.2,Precaución,26.9,73.4,0.44,0.423,14.83,-92.47,12
P023,Maíz,Mazatán,2019,Feb,2,49,6,39.6,33.5,18.8,127.9,1.51,27.3,0,0,0,0,Precaución,27.6,75.1,0.67,0.396,14.83,-92.47,12
P023,Maíz,Mazatán,2019,Mar,3,50,6.13,31.2,32.9,18.7,133.9,1.67,28.8,0,0,0,0,Precaución,29.1,70.5,0.65,0.312,14.83,-92.47,12
P023,Maíz,Mazatán,2019,Abr,4,51,6.03,41.6,34.4,18.9,129.1,1.74,29.5,0,0,0,0,Precaución,29.7,71.5,0.7,0.416,14.83,-92.47,12
P023,Maíz,Mazatán,2019,May,5,52,6.01,73.9,45.3,18.8,140.9,1.61,28.8,12,0,8,0,Precaución,28.9,81.4,5.08,0.739,14.83,-92.47,12
P023,Maíz,Mazatán,2019,Jun,6,53,6.05,88.2,35.2,17.8,127.7,1.58,27.4,0,0,0,0,Precaución,28.2,83.8,7.92,0.882,14.83,-92.47,12
P023,Maíz,Mazatán,2019,Jul,7,54,5.99,80.5,36,19.2,124.6,1.7,26.9,0,0,0,0,Precaución,27.6,90.9,7.82,0.805,14.83,-92.47,12
P023,Maíz,Mazatán,2019,Ago,8,55,6.06,87,33.6,19.7,130.3,1.63,27.3,0,0,0,0,Precaución,26.6,87.5,8.12,0.87,14.83,-92.47,12
P023,Maíz,Mazatán,2019,Sep,9,56,5.98,83.1,45.2,25.1,140.8,1.63,26.8,12,6,8,0,Precaución,26.9,86.8,9.17,0.831,14.83,-92.47,12
P023,Maíz,Mazatán,2019,Oct,10,57,6.06,80.8,33.7,18.6,132.6,1.74,26.8,0,0,0,0,Precaución,27.3,84.2,7.64,0.808,14.83,-92.47,12
P023,Maíz,Mazatán,2019,Nov,11,58,5.92,65.6,35.1,19.4,127.9,1.64,26.3,0,0,0,0,Precaución,26.4,86.3,1.32,0.656,14.83,-92.47,12
P023,Maíz,Mazatán,2019,Dic,12,59,5.93,46.1,34.9,19.5,122.7,1.66,26.4,0,0,0,0,Precaución,27,78.8,0,0.461,14.83,-92.47,12
P023,Maíz,Mazatán,2020,Ene,1,60,5.96,41.3,44.8,19.7,135.4,1.61,27,12,0,8,0,Precaución,27.9,76,0.53,0.413,14.83,-92.47,12
P023,Maíz,Mazatán,2020,Feb,2,61,5.95,34.7,33.5,19.7,125.7,1.68,27.3,0,0,0,0,Atención,27.4,75.6,0.1,0.347,14.83,-92.47,12
P023,Maíz,Mazatán,2020,Mar,3,62,5.94,33.2,33.9,20.5,127.6,1.79,28.6,0,0,0,0,Atención,29.1,70.2,0.89,0.332,14.83,-92.47,12
P023,Maíz,Mazatán,2020,Abr,4,63,5.92,39.7,34.2,18.3,132.6,1.68,29.1,0,0,0,0,Precaución,29.8,74.3,0.43,0.397,14.83,-92.47,12
P023,Maíz,Mazatán,2020,May,5,64,5.97,67,46.3,25.7,138.6,1.64,29.1,12,6,8,0,Precaución,29.1,78.1,4.44,0.67,14.83,-92.47,12
P023,Maíz,Mazatán,2020,Jun,6,65,5.94,87,34.4,17.8,128.4,1.74,27.6,0,0,0,0,Precaución,28.1,82.1,7.68,0.87,14.83,-92.47,12
P023,Maíz,Mazatán,2020,Jul,7,66,5.91,81.4,33.5,20.3,123.1,1.74,27.3,0,0,0,0,Precaución,27.7,87.4,7.59,0.814,14.83,-92.47,12
P023,Maíz,Mazatán,2020,Ago,8,67,5.91,84.1,32.6,17.5,123.1,1.76,26.6,0,0,0,0,Precaución,27,87.2,7.7,0.841,14.83,-92.47,12
P023,Maíz,Mazatán,2020,Sep,9,68,5.93,88.6,45.1,19.2,136.9,1.77,26.9,12,0,8,0,Atención,27.4,88.1,8.99,0.886,14.83,-92.47,12
P023,Maíz,Mazatán,2020,Oct,10,69,5.92,83.9,30.8,19.3,126.8,1.7,26.8,0,0,0,0,Precaución,27.3,85.9,7.3,0.839,14.83,-92.47,12
P023,Maíz,Mazatán,2020,Nov,11,70,5.93,63.8,31.3,18.7,126.1,1.74,26.9,0,0,0,0,Precaución,26.7,79.6,2.46,0.638,14.83,-92.47,12
P023,Maíz,Mazatán,2020,Dic,12,71,5.86,51.3,30.8,17.5,129.7,1.72,26.4,0,0,0,0,Precaución,26.9,73,0.95,0.513,14.83,-92.47,12
P023,Maíz,Mazatán,2021,Ene,1,72,6.02,43.4,46.3,23.4,141.9,1.8,26.8,12,6,8,0.2,Precaución,26.8,73.9,0.16,0.434,14.83,-92.47,12
P023,Maíz,Mazatán,2021,Feb,2,73,5.92,34.8,32.9,18.7,126.1,1.75,27,0,0,0,0,Atención,27.9,67.3,1.1,0.348,14.83,-92.47,12
P023,Maíz,Mazatán,2021,Mar,3,74,5.82,33.5,31.8,18.7,125.1,1.75,28.8,0,0,0,0,Atención,28.9,71.5,0,0.335,14.83,-92.47,12
P023,Maíz,Mazatán,2021,Abr,4,75,5.84,33.4,31,18.5,122.7,1.87,29.3,0,0,0,0,Atención,29.7,71.6,0.78,0.334,14.83,-92.47,12
P023,Maíz,Mazatán,2021,May,5,76,5.85,69.5,45.1,19,142.4,1.78,28.8,12,0,8,0,Precaución,28.3,77.1,3.99,0.695,14.83,-92.47,12
P023,Maíz,Mazatán,2021,Jun,6,77,5.8,82.7,32.1,19.9,129.3,1.85,27.8,0,0,0,0,Precaución,27.5,85.9,8.34,0.827,14.83,-92.47,12
P023,Maíz,Mazatán,2021,Jul,7,78,5.76,82.1,33.6,18.6,127.7,1.74,27,0,0,0,0,Precaución,27.4,83.4,6.8,0.821,14.83,-92.47,12
P023,Maíz,Mazatán,2021,Ago,8,79,5.75,86.5,33.2,18.6,127.7,1.79,27.2,0,0,0,0,Precaución,27.9,84.7,7.1,0.865,14.83,-92.47,12
P023,Maíz,Mazatán,2021,Sep,9,80,5.89,84.2,45.9,24.4,142.5,1.82,26.7,12,6,8,0,Precaución,27.1,88.8,8.38,0.842,14.83,-92.47,12
P023,Maíz,Mazatán,2021,Oct,10,81,5.8,82.9,30.3,18.3,132.4,1.8,26.9,0,0,0,0,Precaución,27.6,83.9,6.57,0.829,14.83,-92.47,12
P023,Maíz,Mazatán,2021,Nov,11,82,5.79,58.9,32.8,18.1,129.7,1.82,26.7,0,0,0,0,Precaución,26.8,82.7,1.35,0.589,14.83,-92.47,12
P023,Maíz,Mazatán,2021,Dic,12,83,5.75,53.9,32.9,18.3,131.6,1.82,26.7,0,0,0,0,Precaución,26.3,73.6,0.73,0.539,14.83,-92.47,12
P023,Maíz,Mazatán,2022,Ene,1,84,5.76,42.6,43.4,18,138.6,1.82,27.3,12,0,8,0,Precaución,27.3,73.4,0.35,0.426,14.83,-92.47,12
P023,Maíz,Mazatán,2022,Feb,2,85,5.75,39.7,33.4,17,120.4,1.9,27.7,0,0,0,0,Precaución,27.4,73.3,0.62,0.397,14.83,-92.47,12
P023,Maíz,Mazatán,2022,Mar,3,86,5.78,30.8,34.7,16.6,133.1,1.88,28.7,0,0,0,0,Atención,29.4,72.1,0.86,0.308,14.83,-92.47,12
P023,Maíz,Mazatán,2022,Abr,4,87,5.63,40.5,30,17.5,124.5,1.83,29.6,0,0,0,0,Precaución,29.3,73.8,1.35,0.405,14.83,-92.47,12
P023,Maíz,Mazatán,2022,May,5,88,5.77,72.1,45.5,24,136.3,1.82,29.4,12,6,8,0,Precaución,28.5,82.7,3.95,0.721,14.83,-92.47,12
P023,Maíz,Mazatán,2022,Jun,6,89,5.72,78.3,30,17.3,126,1.84,27.2,0,0,0,0,Precaución,28.4,83.4,9.37,0.783,14.83,-92.47,12
P023,Maíz,Mazatán,2022,Jul,7,90,5.76,81.2,32.4,19.7,129.8,1.86,27.3,0,0,0,0,Precaución,27.3,86.8,6.95,0.812,14.83,-92.47,12
P023,Maíz,Mazatán,2022,Ago,8,91,5.69,84.6,35.2,17.3,127.4,1.9,26.9,0,0,0,0,Precaución,27.6,84.3,7.35,0.846,14.83,-92.47,12
P023,Maíz,Mazatán,2022,Sep,9,92,5.66,82.8,44.6,19.8,134.3,1.89,26.3,12,0,8,0,Precaución,27.2,86.7,9.22,0.828,14.83,-92.47,12
P023,Maíz,Mazatán,2022,Oct,10,93,5.67,76.7,32.8,17.2,130,1.84,26.9,0,0,0,0,Precaución,27.2,86.3,7.12,0.767,14.83,-92.47,12
P023,Maíz,Mazatán,2022,Nov,11,94,5.65,62.2,30.7,17.6,124.4,1.9,26.2,0,0,0,0,Precaución,26.8,85.2,1.47,0.622,14.83,-92.47,12
P023,Maíz,Mazatán,2022,Dic,12,95,5.63,49.2,30.4,17.8,126.9,1.86,26.9,0,0,0,0,Precaución,27.2,77.4,0.07,0.492,14.83,-92.47,12
P023,Maíz,Mazatán,2023,Ene,1,96,5.73,37.6,43.4,24.5,137.9,1.96,26.8,12,6,8,0.2,Precaución,27.3,77.2,0.06,0.376,14.83,-92.47,12
P023,Maíz,Mazatán,2023,Feb,2,97,5.6,36.7,31.7,16.9,129.2,1.9,27.6,0,0,0,0,Precaución,27.9,72.8,0.41,0.367,14.83,-92.47,12
P023,Maíz,Mazatán,2023,Mar,3,98,5.61,39.1,32.4,17,128.6,1.99,28.4,0,0,0,0,Precaución,29.6,69.1,0,0.391,14.83,-92.47,12
P023,Maíz,Mazatán,2023,Abr,4,99,5.57,41.3,31.2,18.6,129,1.95,29.5,0,0,0,0,Precaución,29.9,69.7,0.89,0.413,14.83,-92.47,12
P023,Maíz,Mazatán,2023,May,5,100,5.6,67.9,43.9,17,130.7,1.94,28.9,12,0,8,0,Precaución,29.1,77.3,3.63,0.679,14.83,-92.47,12
P023,Maíz,Mazatán,2023,Jun,6,101,5.61,81.6,33.4,17.3,131.9,1.89,27.7,0,0,0,0,Precaución,28,84.5,8.11,0.816,14.83,-92.47,12
P023,Maíz,Mazatán,2023,Jul,7,102,5.58,80.9,32.5,18.6,129.5,1.83,27.1,0,0,0,0,Precaución,27.8,85.7,6.33,0.809,14.83,-92.47,12
P023,Maíz,Mazatán,2023,Ago,8,103,5.66,87,29.6,18.3,123,1.96,27,0,0,0,0,Precaución,27.5,86.6,8.1,0.87,14.83,-92.47,12
P023,Maíz,Mazatán,2023,Sep,9,104,5.55,86.5,41.8,23.4,137,1.98,26.8,12,6,8,0,Precaución,27.1,87.1,8.84,0.865,14.83,-92.47,12
P023,Maíz,Mazatán,2023,Oct,10,105,5.6,83.9,30.8,17.9,131.1,2.04,26.7,0,0,0,0,Precaución,27.3,85.3,7.69,0.839,14.83,-92.47,12
P023,Maíz,Mazatán,2023,Nov,11,106,5.56,63,29.5,16.7,127.7,1.99,26.7,0,0,0,0,Precaución,27.4,81.9,1.43,0.63,14.83,-92.47,12
P023,Maíz,Mazatán,2023,Dic,12,107,5.56,52.8,29.1,16.6,123.7,2.06,26.4,0,0,0,0,Precaución,27.8,75.8,0.65,0.528,14.83,-92.47,12
P023,Maíz,Mazatán,2024,Ene,1,108,5.44,48.2,44.1,16.8,134.2,1.98,27.1,12,0,8,0,Atención,27.5,75.2,0.34,0.482,14.83,-92.47,12
P023,Maíz,Mazatán,2024,Feb,2,109,5.51,28.4,30.5,18,128.6,1.93,27.9,0,0,0,0,Atención,28.2,72.2,0.28,0.284,14.83,-92.47,12
P023,Maíz,Mazatán,2024,Mar,3,110,5.57,34.3,31.4,17.9,132.7,1.94,28.9,0,0,0,0,Atención,29.1,71.1,0.56,0.343,14.83,-92.47,12
P023,Maíz,Mazatán,2024,Abr,4,111,5.55,34.6,30.2,17.4,127.1,2.1,29.4,0,0,0,0,Atención,29.2,69.5,0.97,0.346,14.83,-92.47,12
P023,Maíz,Mazatán,2024,May,5,112,5.47,66.8,42,22.8,132.8,1.98,28.5,12,6,8,0,Atención,28.9,77,4.46,0.668,14.83,-92.47,12
P023,Maíz,Mazatán,2024,Jun,6,113,5.5,87.8,31.5,17,126.9,2.03,27.5,0,0,0,0,Precaución,28.3,84.5,7.84,0.878,14.83,-92.47,12
P023,Maíz,Mazatán,2024,Jul,7,114,5.49,78.8,29.8,16.9,121.6,2.05,26.9,0,0,0,0,Atención,28.1,90.1,8.04,0.788,14.83,-92.47,12
P023,Maíz,Mazatán,2024,Ago,8,115,5.42,85.7,31.9,17.8,125.9,2.07,27.1,0,0,0,0,Atención,27.5,86.4,8.44,0.857,14.83,-92.47,12
P023,Maíz,Mazatán,2024,Sep,9,116,5.43,91.3,42.8,17.5,132.2,2.05,26.5,12,0,8,0,Atención,27,89.5,8.83,0.913,14.83,-92.47,12
P023,Maíz,Mazatán,2024,Oct,10,117,5.48,80.9,31.3,16.3,127.6,2.05,27.1,0,0,0,0,Atención,27,83.5,7.28,0.809,14.83,-92.47,12
P023,Maíz,Mazatán,2024,Nov,11,118,5.45,64.9,31.1,18.1,131.4,2.07,27.1,0,0,0,0,Atención,27.1,82.3,1.48,0.649,14.83,-92.47,12
P023,Maíz,Mazatán,2024,Dic,12,119,5.43,45.8,31.3,16.6,124.8,2.07,26.9,0,0,0,0,Atención,26.4,78.7,0.49,0.458,14.83,-92.47,12
P024,Café,Mazatán,2015,Ene,1,0,6,44.5,30.5,14.1,118.1,1.08,26.8,0,0,0,0,Precaución,26.6,73.5,0.45,0.445,14.83,-92.47,12
P024,Café,Mazatán,2015,Feb,2,1,5.96,38.3,29.3,16.1,126.5,1.08,27.9,0,0,0,0,Precaución,27.6,73.2,0,0.383,14.83,-92.47,12
P024,Café,Mazatán,2015,Mar,3,2,6.01,30.7,27.2,14,122,1.01,28.6,0,0,0,0,Precaución,29.2,68.6,0,0.307,14.83,-92.47,12
P024,Café,Mazatán,2015,Abr,4,3,5.9,43,29.2,14.9,128.6,1.06,29.7,0,0,0,0,Precaución,29.8,71.4,0.29,0.43,14.83,-92.47,12
P024,Café,Mazatán,2015,May,5,4,5.93,66.8,29.2,13.7,116.8,1.02,28.7,0,0,0,0,Precaución,28.7,78.1,3.52,0.668,14.83,-92.47,12
P024,Café,Mazatán,2015,Jun,6,5,6.03,88.4,29.4,15.3,123.9,1.06,27.3,0,0,0,0,Precaución,27.8,87.1,8.66,0.884,14.83,-92.47,12
P024,Café,Mazatán,2015,Jul,7,6,5.97,79.8,36.6,15.3,129.8,1.05,27.1,6,0,5,0,Precaución,27.1,85.9,8.21,0.798,14.83,-92.47,12
P024,Café,Mazatán,2015,Ago,8,7,6.06,86.5,30,14.2,116.2,1.08,26.3,0,0,0,0,Precaución,27.1,86,7.4,0.865,14.83,-92.47,12
P024,Café,Mazatán,2015,Sep,9,8,6.01,79.6,30,13.8,121.2,1.05,26.5,0,0,0,0,Precaución,26.5,87.7,9.29,0.796,14.83,-92.47,12
P024,Café,Mazatán,2015,Oct,10,9,5.95,80.6,30.4,13.9,121.2,1.12,26.8,0,0,0,0,Precaución,26.8,84.3,7.59,0.806,14.83,-92.47,12
P024,Café,Mazatán,2015,Nov,11,10,5.93,69.5,29.3,15.8,117.8,1.08,26.7,0,0,0,0,Precaución,27.3,82.9,2.67,0.695,14.83,-92.47,12
P024,Café,Mazatán,2015,Dic,12,11,5.91,55.1,28.9,12.9,125,1.11,26.8,0,0,0,0,Precaución,27.3,77,0.05,0.551,14.83,-92.47,12
P024,Café,Mazatán,2016,Ene,1,12,5.93,46.5,35.8,16.6,128.5,1.13,27.1,6,3,5,0,Precaución,26.8,76.6,0,0.465,14.83,-92.47,12
P024,Café,Mazatán,2016,Feb,2,13,5.96,35.3,31.5,13.6,121,1.09,27.8,0,0,0,0,Precaución,27.8,71.5,0,0.353,14.83,-92.47,12
P024,Café,Mazatán,2016,Mar,3,14,5.92,39.2,28.8,14.3,123.7,1.14,28.4,0,0,0,0,Precaución,29.2,67.9,0.59,0.392,14.83,-92.47,12
P024,Café,Mazatán,2016,Abr,4,15,5.89,37.5,29.7,13.3,121,1.14,29.2,0,0,0,0,Precaución,29.3,70.7,0.33,0.375,14.83,-92.47,12
P024,Café,Mazatán,2016,May,5,16,5.94,65.8,28.8,15.2,126.6,1.14,29.2,0,0,0,0,Precaución,28.8,78.8,4.47,0.658,14.83,-92.47,12
P024,Café,Mazatán,2016,Jun,6,17,5.91,85.3,28.2,14.7,122.8,1.14,27.5,0,0,0,0,Precaución,28.1,85.1,8.51,0.853,14.83,-92.47,12
P024,Café,Mazatán,2016,Jul,7,18,5.97,85.2,33.3,14.4,132,1.11,27.1,6,0,5,0,Precaución,27,85.6,6.83,0.852,14.83,-92.47,12
P024,Café,Mazatán,2016,Ago,8,19,5.9,87.2,28.8,13.6,120,1.08,27.1,0,0,0,0,Precaución,27.6,84.8,8.14,0.872,14.83,-92.47,12
P024,Café,Mazatán,2016,Sep,9,20,5.85,88.2,29,15.2,124.1,1.12,26.8,0,0,0,0,Precaución,26.8,87.1,9.71,0.882,14.83,-92.47,12
P024,Café,Mazatán,2016,Oct,10,21,5.97,84.7,29.7,14.9,118.3,1.19,26.8,0,0,0,0,Precaución,27.3,85.8,7.34,0.847,14.83,-92.47,12
P024,Café,Mazatán,2016,Nov,11,22,5.91,67.4,29.2,14.3,124,1.18,26.5,0,0,0,0,Precaución,26.8,84.9,2.26,0.674,14.83,-92.47,12
P024,Café,Mazatán,2016,Dic,12,23,5.91,48.8,28.2,13,125.1,1.09,26.7,0,0,0,0,Precaución,27.1,75.3,1.23,0.488,14.83,-92.47,12
P024,Café,Mazatán,2017,Ene,1,24,5.91,43.2,36.7,17,125.9,1.23,26.9,6,3,5,0,Precaución,27.1,76.2,0.54,0.432,14.83,-92.47,12
P024,Café,Mazatán,2017,Feb,2,25,5.87,38.4,29.2,14.4,121.4,1.17,27.4,0,0,0,0,Precaución,27.7,71.7,0,0.384,14.83,-92.47,12
P024,Café,Mazatán,2017,Mar,3,26,5.79,37.4,28.4,12.6,125.5,1.16,28.5,0,0,0,0,Precaución,28.8,69,0.75,0.374,14.83,-92.47,12
P024,Café,Mazatán,2017,Abr,4,27,5.81,37.2,30.3,14.7,122.2,1.16,29.3,0,0,0,0,Precaución,30,68.9,0.44,0.372,14.83,-92.47,12
P024,Café,Mazatán,2017,May,5,28,5.82,72,28.4,15.7,120.6,1.21,29,0,0,0,0,Precaución,29.3,77.3,5.31,0.72,14.83,-92.47,12
P024,Café,Mazatán,2017,Jun,6,29,5.86,90.4,27.1,15.1,115.4,1.14,27.6,0,0,0,0,Precaución,27.7,84.3,8.44,0.904,14.83,-92.47,12
P024,Café,Mazatán,2017,Jul,7,30,5.78,90.7,35.1,14.1,133.9,1.11,26.7,6,0,5,0,Atención,26.8,85,7.21,0.907,14.83,-92.47,12
P024,Café,Mazatán,2017,Ago,8,31,5.83,87.1,29.6,13.3,123.7,1.19,27.1,0,0,0,0,Precaución,26.9,84.1,7.75,0.871,14.83,-92.47,12
P024,Café,Mazatán,2017,Sep,9,32,5.83,86.4,29.2,13.9,124.4,1.15,27.2,0,0,0,0,Precaución,27.2,84.4,9.36,0.864,14.83,-92.47,12
P024,Café,Mazatán,2017,Oct,10,33,5.83,78.3,26.7,15.3,130.9,1.13,26.9,0,0,0,0,Precaución,26.8,89,7.31,0.783,14.83,-92.47,12
P024,Café,Mazatán,2017,Nov,11,34,5.83,66.9,26.2,13.9,125.4,1.18,27.1,0,0,0,0,Precaución,27.7,81.8,1.93,0.669,14.83,-92.47,12
P024,Café,Mazatán,2017,Dic,12,35,5.79,51,29.3,13.9,120.8,1.17,27.1,0,0,0,0,Precaución,26.9,78.3,0.69,0.51,14.83,-92.47,12
P024,Café,Mazatán,2018,Ene,1,36,5.95,46.1,36,19.2,121.1,1.16,26.7,6,3,5,0.12,Precaución,27.5,74.2,0.36,0.461,14.83,-92.47,12
P024,Café,Mazatán,2018,Feb,2,37,5.82,45.4,30,13,119.4,1.22,27.9,0,0,0,0,Precaución,27.1,74.7,0,0.454,14.83,-92.47,12
P024,Café,Mazatán,2018,Mar,3,38,5.76,35.3,28.3,14.5,131.1,1.14,28.5,0,0,0,0,Precaución,29,68.8,0.58,0.353,14.83,-92.47,12
P024,Café,Mazatán,2018,Abr,4,39,5.76,36.7,31.2,13.7,120.1,1.16,29.5,0,0,0,0,Precaución,29.8,72.4,0.07,0.367,14.83,-92.47,12
P024,Café,Mazatán,2018,May,5,40,5.78,72.3,29.6,15.2,121.3,1.27,28.8,0,0,0,0,Precaución,29.6,76.4,4.33,0.723,14.83,-92.47,12
P024,Café,Mazatán,2018,Jun,6,41,5.74,90,28.7,13.6,128.3,1.22,28,0,0,0,0,Atención,27.7,85,8.6,0.9,14.83,-92.47,12
P024,Café,Mazatán,2018,Jul,7,42,5.8,87.6,33.7,15,124.2,1.21,26.7,6,0,5,0,Precaución,26.8,82.9,7.55,0.876,14.83,-92.47,12
P024,Café,Mazatán,2018,Ago,8,43,5.75,79.9,29.1,14.7,122,1.18,27,0,0,0,0,Precaución,27.5,82.3,7.28,0.799,14.83,-92.47,12
P024,Café,Mazatán,2018,Sep,9,44,5.72,87.1,29.7,14.4,127.3,1.22,26.8,0,0,0,0,Precaución,26.5,89.1,10.45,0.871,14.83,-92.47,12
P024,Café,Mazatán,2018,Oct,10,45,5.76,80,28.6,14.9,126,1.26,26.9,0,0,0,0,Precaución,27.3,84.4,8.3,0.8,14.83,-92.47,12
P024,Café,Mazatán,2018,Nov,11,46,5.75,63.2,29.6,14.7,125.2,1.24,26.9,0,0,0,0,Precaución,26.2,83.5,2.32,0.632,14.83,-92.47,12
P024,Café,Mazatán,2018,Dic,12,47,5.78,53.5,27.2,12.3,123.6,1.21,26.3,0,0,0,0,Precaución,27.5,76,1.24,0.535,14.83,-92.47,12
P024,Café,Mazatán,2019,Ene,1,48,5.81,41.3,33.7,16.6,128.4,1.2,26.9,6,3,5,0,Precaución,27.5,73.4,0.45,0.413,14.83,-92.47,12
P024,Café,Mazatán,2019,Feb,2,49,5.77,28.8,27.8,15.6,122.6,1.17,27.4,0,0,0,0,Precaución,27.8,71.7,0.1,0.288,14.83,-92.47,12
P024,Café,Mazatán,2019,Mar,3,50,5.78,43.3,30.5,14.8,122.9,1.24,28.4,0,0,0,0,Precaución,29.3,69.7,0,0.433,14.83,-92.47,12
P024,Café,Mazatán,2019,Abr,4,51,5.7,39.7,28.6,14.3,116,1.19,29.1,0,0,0,0,Precaución,29.4,69.5,0.41,0.397,14.83,-92.47,12
P024,Café,Mazatán,2019,May,5,52,5.73,64.8,29.3,14.3,127,1.24,28.8,0,0,0,0,Precaución,29,74.8,3.81,0.648,14.83,-92.47,12
P024,Café,Mazatán,2019,Jun,6,53,5.73,86.6,28.3,14.5,120.7,1.21,27.4,0,0,0,0,Precaución,28.2,88.9,8.89,0.866,14.83,-92.47,12
P024,Café,Mazatán,2019,Jul,7,54,5.73,82.7,34.7,14.7,128.2,1.23,27.3,6,0,5,0,Precaución,27.8,85.3,8.44,0.827,14.83,-92.47,12
P024,Café,Mazatán,2019,Ago,8,55,5.67,87.6,29.7,14.1,122.9,1.22,26.9,0,0,0,0,Precaución,27.4,87.2,8.14,0.876,14.83,-92.47,12
P024,Café,Mazatán,2019,Sep,9,56,5.71,94.6,27.5,14.1,121,1.25,26.8,0,0,0,0,Atención,27.3,84.6,10.06,0.946,14.83,-92.47,12
P024,Café,Mazatán,2019,Oct,10,57,5.67,84.5,28.3,13.8,123.8,1.3,27,0,0,0,0,Precaución,26.9,86.2,7.2,0.845,14.83,-92.47,12
P024,Café,Mazatán,2019,Nov,11,58,5.72,63.7,26.2,13.5,119.7,1.28,26.9,0,0,0,0,Precaución,26.6,83.8,1.68,0.637,14.83,-92.47,12
P024,Café,Mazatán,2019,Dic,12,59,5.67,48.1,27.3,13.3,125.1,1.24,26.6,0,0,0,0,Precaución,27.7,75.2,0.89,0.481,14.83,-92.47,12
P024,Café,Mazatán,2020,Ene,1,60,5.7,44,35.3,17.2,119.7,1.2,26.4,6,3,5,0,Precaución,27.1,72.1,0,0.44,14.83,-92.47,12
P024,Café,Mazatán,2020,Feb,2,61,5.67,37.9,28.4,14.4,119.4,1.21,27.3,0,0,0,0,Precaución,27.4,71,0.19,0.379,14.83,-92.47,12
P024,Café,Mazatán,2020,Mar,3,62,5.67,36.5,27.4,13.9,114.7,1.23,28.6,0,0,0,0,Precaución,28.9,69.3,0.67,0.365,14.83,-92.47,12
P024,Café,Mazatán,2020,Abr,4,63,5.7,42.1,28.5,13.8,120.5,1.24,29.2,0,0,0,0,Precaución,29.4,75.3,0,0.421,14.83,-92.47,12
P024,Café,Mazatán,2020,May,5,64,5.72,61.3,28.5,13.3,122.6,1.21,28.5,0,0,0,0,Precaución,29.1,74,4.11,0.613,14.83,-92.47,12
P024,Café,Mazatán,2020,Jun,6,65,5.65,80.9,27.2,13.1,123.2,1.24,27.5,0,0,0,0,Precaución,28.3,84.5,7.66,0.809,14.83,-92.47,12
P024,Café,Mazatán,2020,Jul,7,66,5.57,82.2,33.5,15,128.2,1.27,27.1,6,0,5,0,Precaución,27.3,83.8,8.06,0.822,14.83,-92.47,12
P024,Café,Mazatán,2020,Ago,8,67,5.7,83.8,27.8,14,119.8,1.34,27.4,0,0,0,0,Precaución,28.1,85.7,7.78,0.838,14.83,-92.47,12
P024,Café,Mazatán,2020,Sep,9,68,5.72,84.5,27.5,14.2,115.4,1.25,26.5,0,0,0,0,Precaución,27.1,85.8,9.06,0.845,14.83,-92.47,12
P024,Café,Mazatán,2020,Oct,10,69,5.66,79.5,26.8,13.7,123.5,1.29,26.8,0,0,0,0,Precaución,27.5,87.2,7.45,0.795,14.83,-92.47,12
P024,Café,Mazatán,2020,Nov,11,70,5.56,64.8,24.1,13.4,123.9,1.28,26.8,0,0,0,0,Precaución,26.7,82.7,1.12,0.648,14.83,-92.47,12
P024,Café,Mazatán,2020,Dic,12,71,5.65,50.5,28,13.7,117.5,1.25,26.8,0,0,0,0,Precaución,27.7,73.8,0.72,0.505,14.83,-92.47,12
P024,Café,Mazatán,2021,Ene,1,72,5.71,44.8,33,16.8,129.9,1.32,27.1,6,3,5,0.12,Precaución,26.9,72,0,0.448,14.83,-92.47,12
P024,Café,Mazatán,2021,Feb,2,73,5.61,39,28,12.1,124.5,1.28,27.5,0,0,0,0,Precaución,28.6,73.2,0.33,0.39,14.83,-92.47,12
P024,Café,Mazatán,2021,Mar,3,74,5.67,27.6,27.9,12.6,120.2,1.28,28.8,0,0,0,0,Atención,29.5,71.3,0.9,0.276,14.83,-92.47,12
P024,Café,Mazatán,2021,Abr,4,75,5.62,35.6,28.1,13.7,123.9,1.3,29.8,0,0,0,0,Precaución,29.3,71.8,0.84,0.356,14.83,-92.47,12
P024,Café,Mazatán,2021,May,5,76,5.58,72.3,26.6,12.7,121.5,1.35,28.8,0,0,0,0,Precaución,29.1,77.5,3.98,0.723,14.83,-92.47,12
P024,Café,Mazatán,2021,Jun,6,77,5.63,81.7,29.8,12.8,129.1,1.3,27.7,0,0,0,0,Precaución,27.9,87.1,8.28,0.817,14.83,-92.47,12
P024,Café,Mazatán,2021,Jul,7,78,5.62,84.5,36.2,14.1,127.3,1.3,27.2,6,0,5,0,Precaución,27.6,86,7.71,0.845,14.83,-92.47,12
P024,Café,Mazatán,2021,Ago,8,79,5.64,86.5,28.4,12.4,116.2,1.29,26.7,0,0,0,0,Precaución,27.5,85.9,7.13,0.865,14.83,-92.47,12
P024,Café,Mazatán,2021,Sep,9,80,5.58,87.6,26,12.8,119.5,1.34,26.7,0,0,0,0,Precaución,27.3,86.4,8.48,0.876,14.83,-92.47,12
P024,Café,Mazatán,2021,Oct,10,81,5.64,81.4,28.3,14,119.2,1.27,26.9,0,0,0,0,Precaución,27.3,84.2,7.78,0.814,14.83,-92.47,12
P024,Café,Mazatán,2021,Nov,11,82,5.52,66.3,29.1,14.1,120.9,1.24,26.8,0,0,0,0,Precaución,26.8,85.2,2.22,0.663,14.83,-92.47,12
P024,Café,Mazatán,2021,Dic,12,83,5.59,53.4,28.2,14.5,127.8,1.36,26.6,0,0,0,0,Precaución,27.4,76.6,0.78,0.534,14.83,-92.47,12
P024,Café,Mazatán,2022,Ene,1,84,5.52,45,34.4,15.6,125.8,1.3,26.8,6,3,5,0,Precaución,27.5,74,0.87,0.45,14.83,-92.47,12
P024,Café,Mazatán,2022,Feb,2,85,5.66,33.7,28.2,13.2,119.6,1.32,27.3,0,0,0,0,Atención,28.2,71.4,0.3,0.337,14.83,-92.47,12
P024,Café,Mazatán,2022,Mar,3,86,5.59,39.6,27.8,12.8,117.9,1.33,28.5,0,0,0,0,Precaución,28.8,72.2,0.84,0.396,14.83,-92.47,12
P024,Café,Mazatán,2022,Abr,4,87,5.56,40.7,24.1,15.1,119.4,1.37,29.3,0,0,0,0,Precaución,29.3,74.4,0.38,0.407,14.83,-92.47,12
P024,Café,Mazatán,2022,May,5,88,5.56,68.2,27.1,14.9,127.8,1.35,28.6,0,0,0,0,Precaución,29.2,82.5,4.75,0.682,14.83,-92.47,12
P024,Café,Mazatán,2022,Jun,6,89,5.53,84.5,28.7,12.4,124.3,1.27,27.7,0,0,0,0,Precaución,28,85.4,7.96,0.845,14.83,-92.47,12
P024,Café,Mazatán,2022,Jul,7,90,5.62,81.4,31.8,13.2,132,1.34,27.3,6,0,5,0,Precaución,27.6,89.3,7.72,0.814,14.83,-92.47,12
P024,Café,Mazatán,2022,Ago,8,91,5.52,84.5,28.3,13.6,123.4,1.36,26.9,0,0,0,0,Precaución,26.8,86.5,8.03,0.845,14.83,-92.47,12
P024,Café,Mazatán,2022,Sep,9,92,5.58,90.1,26.4,13,125,1.32,26.8,0,0,0,0,Atención,27.4,87.9,8.62,0.901,14.83,-92.47,12
P024,Café,Mazatán,2022,Oct,10,93,5.5,82.6,25.6,14.9,130,1.39,27,0,0,0,0,Precaución,26.6,84.2,8.35,0.826,14.83,-92.47,12
P024,Café,Mazatán,2022,Nov,11,94,5.5,62.3,26.8,14.4,117.4,1.36,26.7,0,0,0,0,Precaución,26.6,81.5,2.29,0.623,14.83,-92.47,12
P024,Café,Mazatán,2022,Dic,12,95,5.58,46.6,25.9,13.5,121.2,1.36,26.5,0,0,0,0,Precaución,27.2,76.9,1.13,0.466,14.83,-92.47,12
P024,Café,Mazatán,2023,Ene,1,96,5.5,45.6,35.5,18,128.5,1.38,26.6,6,3,5,0,Precaución,27.5,72.3,0.1,0.456,14.83,-92.47,12
P024,Café,Mazatán,2023,Feb,2,97,5.49,35.8,26.7,13.5,129.9,1.32,27.7,0,0,0,0,Atención,27.7,71,0.65,0.358,14.83,-92.47,12
P024,Café,Mazatán,2023,Mar,3,98,5.49,27.1,30.9,14.7,122.6,1.3,28.5,0,0,0,0,Atención,29,68.9,0.6,0.271,14.83,-92.47,12
P024,Café,Mazatán,2023,Abr,4,99,5.49,42.1,26.2,13.6,122.7,1.43,29.1,0,0,0,0,Atención,29.2,74.8,0.87,0.421,14.83,-92.47,12
P024,Café,Mazatán,2023,May,5,100,5.43,71.6,26.3,13.4,122.6,1.34,29.3,0,0,0,0,Atención,29.1,78.8,3.79,0.716,14.83,-92.47,12
P024,Café,Mazatán,2023,Jun,6,101,5.52,83.3,27.2,12.4,111.7,1.36,27.6,0,0,0,0,Precaución,27.4,89.1,7.17,0.833,14.83,-92.47,12
P024,Café,Mazatán,2023,Jul,7,102,5.51,85.4,33,13.6,122.5,1.36,27.4,6,0,5,0,Precaución,27.5,89.5,6.74,0.854,14.83,-92.47,12
P024,Café,Mazatán,2023,Ago,8,103,5.51,87.4,25,11.9,125.3,1.4,26.5,0,0,0,0,Precaución,27.9,87.5,8.49,0.874,14.83,-92.47,12
P024,Café,Mazatán,2023,Sep,9,104,5.48,88.8,26.4,14.6,119,1.38,26.9,0,0,0,0,Atención,27.5,87.7,9.66,0.888,14.83,-92.47,12
P024,Café,Mazatán,2023,Oct,10,105,5.41,87.5,24.2,14.1,118.2,1.27,27.2,0,0,0,0,Atención,27.7,89.2,7.77,0.875,14.83,-92.47,12
P024,Café,Mazatán,2023,Nov,11,106,5.42,64.3,25.8,13,114.5,1.38,27,0,0,0,0,Atención,27.4,81,2.17,0.643,14.83,-92.47,12
P024,Café,Mazatán,2023,Dic,12,107,5.48,51.4,26.2,13.2,128.1,1.33,26.3,0,0,0,0,Atención,27.5,74.5,0.4,0.514,14.83,-92.47,12
P024,Café,Mazatán,2024,Ene,1,108,5.52,46.3,31.8,14.8,118.7,1.41,26.7,6,3,5,0.12,Precaución,27.5,76.4,0.97,0.463,14.83,-92.47,12
P024,Café,Mazatán,2024,Feb,2,109,5.42,34.5,28.3,13.4,121.9,1.39,27.8,0,0,0,0,Atención,27.7,75.8,0,0.345,14.83,-92.47,12
P024,Café,Mazatán,2024,Mar,3,110,5.39,35,28.5,11.9,117.3,1.47,29.1,0,0,0,0,Atención,28.9,73.3,0,0.35,14.83,-92.47,12
P024,Café,Mazatán,2024,Abr,4,111,5.42,42.8,26.2,13.7,115.3,1.41,29,0,0,0,0,Atención,29.9,70.5,0.6,0.428,14.83,-92.47,12
P024,Café,Mazatán,2024,May,5,112,5.44,69,27.9,13.4,124.7,1.45,29.1,0,0,0,0,Atención,29.6,75.2,4.1,0.69,14.83,-92.47,12
P024,Café,Mazatán,2024,Jun,6,113,5.42,82.7,27.2,13.1,111.7,1.36,28,0,0,0,0,Atención,28.4,86.4,7.51,0.827,14.83,-92.47,12
P024,Café,Mazatán,2024,Jul,7,114,5.48,83.2,31.7,12.5,125.3,1.41,27.4,6,0,5,0,Atención,27.9,86.7,7.11,0.832,14.83,-92.47,12
P024,Café,Mazatán,2024,Ago,8,115,5.42,80.5,28.4,13.1,109.8,1.46,27.4,0,0,0,0,Atención,27.8,86.5,8.21,0.805,14.83,-92.47,12
P024,Café,Mazatán,2024,Sep,9,116,5.47,93.4,25.7,13.4,121.1,1.41,26.9,0,0,0,0,Atención,27.2,87.2,8.73,0.934,14.83,-92.47,12
P024,Café,Mazatán,2024,Oct,10,117,5.42,80.8,25.1,12.2,114.5,1.44,26.7,0,0,0,0,Atención,27.1,85.7,7.18,0.808,14.83,-92.47,12
P024,Café,Mazatán,2024,Nov,11,118,5.4,65.8,26.1,12.4,121.2,1.44,27,0,0,0,0,Atención,27.3,80.8,2.72,0.658,14.83,-92.47,12
P024,Café,Mazatán,2024,Dic,12,119,5.42,51.7,26.4,14,126.5,1.39,26.9,0,0,0,0,Atención,26.2,78.2,1.48,0.517,14.83,-92.47,12
P025,Cacao,Mazatán,2015,Ene,1,0,6.29,35.8,30.6,19.3,141.4,1.16,26.9,0,0,0,0,Óptimo,27.9,71.3,0.47,0.358,14.83,-92.47,12
P025,Cacao,Mazatán,2015,Feb,2,1,6.22,42.8,29,17.8,145.1,1.17,27.2,0,0,0,0,Óptimo,27.7,70.8,0,0.428,14.83,-92.47,12
P025,Cacao,Mazatán,2015,Mar,3,2,6.21,34.6,29.8,16.7,145.1,1.18,28.9,0,0,0,0,Precaución,28.4,70.6,0.64,0.346,14.83,-92.47,12
P025,Cacao,Mazatán,2015,Abr,4,3,6.17,40.6,29.5,17.9,144.9,1.22,29.3,0,0,0,0,Óptimo,29.9,68.9,0.29,0.406,14.83,-92.47,12
P025,Cacao,Mazatán,2015,May,5,4,6.16,68.8,29.4,17.4,144.6,1.23,28.4,0,0,0,0,Óptimo,29.4,81.2,4.19,0.688,14.83,-92.47,12
P025,Cacao,Mazatán,2015,Jun,6,5,6.16,80.5,33.6,18,149.1,1.26,27.3,0,0,0,0,Óptimo,27.9,80.8,7.26,0.805,14.83,-92.47,12
P025,Cacao,Mazatán,2015,Jul,7,6,6.21,85.7,39.6,17.3,162.7,1.23,26.9,8,0,6,0,Óptimo,27.7,87.6,7.14,0.857,14.83,-92.47,12
P025,Cacao,Mazatán,2015,Ago,8,7,6.18,85.3,28.6,19.5,139.9,1.27,27,0,0,0,0,Óptimo,27.7,85.3,8.16,0.853,14.83,-92.47,12
P025,Cacao,Mazatán,2015,Sep,9,8,6.2,91,31.4,17.1,138.1,1.35,27,0,0,0,0,Precaución,27.3,85.9,10.48,0.91,14.83,-92.47,12
P025,Cacao,Mazatán,2015,Oct,10,9,6.13,85.1,29.6,18.9,149,1.18,26.4,0,0,0,0,Óptimo,27,87.7,7.53,0.851,14.83,-92.47,12
P025,Cacao,Mazatán,2015,Nov,11,10,6.21,63.5,29.7,17.5,142.5,1.26,27,0,0,0,0,Óptimo,27.1,85.3,2.49,0.635,14.83,-92.47,12
P025,Cacao,Mazatán,2015,Dic,12,11,6.11,47.4,30.6,17.9,147,1.29,26.6,0,0,0,0,Óptimo,27.5,73.3,1.69,0.474,14.83,-92.47,12
P025,Cacao,Mazatán,2016,Ene,1,12,6.18,46.7,39.2,21.4,156.7,1.29,26.6,8,4,6,0,Óptimo,27,73.4,0.35,0.467,14.83,-92.47,12
P025,Cacao,Mazatán,2016,Feb,2,13,6.12,41.8,30,16.7,142.3,1.3,27.7,0,0,0,0,Óptimo,28.1,71.9,0.29,0.418,14.83,-92.47,12
P025,Cacao,Mazatán,2016,Mar,3,14,6.16,35.2,31.9,18.9,143.3,1.25,28.6,0,0,0,0,Óptimo,29.4,68.6,0.5,0.352,14.83,-92.47,12
P025,Cacao,Mazatán,2016,Abr,4,15,6.09,38.7,29.6,16.8,137.6,1.25,29.3,0,0,0,0,Óptimo,29.9,70.3,0.84,0.387,14.83,-92.47,12
P025,Cacao,Mazatán,2016,May,5,16,6.13,75,30.4,17.2,146.1,1.23,29.1,0,0,0,0,Óptimo,28.7,79.6,4.76,0.75,14.83,-92.47,12
P025,Cacao,Mazatán,2016,Jun,6,17,6.09,88.5,29.7,17.7,143.6,1.33,27.1,0,0,0,0,Precaución,27.5,84.9,8.36,0.885,14.83,-92.47,12
P025,Cacao,Mazatán,2016,Jul,7,18,6.12,79.5,37.5,16.5,149.3,1.22,26.8,8,0,6,0,Óptimo,27.1,84.6,7.87,0.795,14.83,-92.47,12
P025,Cacao,Mazatán,2016,Ago,8,19,6.05,85.8,31.7,17.6,138.6,1.28,26.7,0,0,0,0,Óptimo,27.4,87.8,8.18,0.858,14.83,-92.47,12
P025,Cacao,Mazatán,2016,Sep,9,20,6.1,87.3,31.6,17.2,143.1,1.3,26.6,0,0,0,0,Óptimo,27,89,9.91,0.873,14.83,-92.47,12
P025,Cacao,Mazatán,2016,Oct,10,21,6.09,80.1,30,18.4,147.1,1.29,26.7,0,0,0,0,Óptimo,26.5,80.2,6.96,0.801,14.83,-92.47,12
P025,Cacao,Mazatán,2016,Nov,11,22,6.08,72,28.6,16.9,150.4,1.23,26.6,0,0,0,0,Óptimo,26.7,80.5,2.82,0.72,14.83,-92.47,12
P025,Cacao,Mazatán,2016,Dic,12,23,6.1,54.5,30.4,17.5,149.7,1.3,26.6,0,0,0,0,Óptimo,26.8,73.4,0.91,0.545,14.83,-92.47,12
P025,Cacao,Mazatán,2017,Ene,1,24,6.27,46.3,37,21.8,156.1,1.39,26.3,8,4,6,0.15,Óptimo,27.5,70.1,0.5,0.463,14.83,-92.47,12
P025,Cacao,Mazatán,2017,Feb,2,25,6.08,42.5,29.5,18.1,145.3,1.29,27.5,0,0,0,0,Óptimo,27.7,73.1,0.57,0.425,14.83,-92.47,12
P025,Cacao,Mazatán,2017,Mar,3,26,6.05,36.3,29.6,16.5,137.3,1.35,28.2,0,0,0,0,Óptimo,29.4,71.3,0.46,0.363,14.83,-92.47,12
P025,Cacao,Mazatán,2017,Abr,4,27,6.01,36.2,30.4,17.6,144.2,1.28,29.2,0,0,0,0,Óptimo,29.3,69.9,0.95,0.362,14.83,-92.47,12
P025,Cacao,Mazatán,2017,May,5,28,6.03,65.2,29.4,18.7,145.1,1.35,28.9,0,0,0,0,Óptimo,29.1,75.1,4.35,0.652,14.83,-92.47,12
P025,Cacao,Mazatán,2017,Jun,6,29,6.08,86.3,31.2,18.1,147.6,1.31,27.8,0,0,0,0,Óptimo,27.9,86.4,7.77,0.863,14.83,-92.47,12
P025,Cacao,Mazatán,2017,Jul,7,30,6.01,86.8,36.8,16.9,149.4,1.31,27.3,8,0,6,0,Óptimo,26.7,90,7.56,0.868,14.83,-92.47,12
P025,Cacao,Mazatán,2017,Ago,8,31,6.04,84.1,30.1,17.6,145.5,1.32,26.7,0,0,0,0,Óptimo,27.7,86.1,7.63,0.841,14.83,-92.47,12
P025,Cacao,Mazatán,2017,Sep,9,32,5.98,86.8,29,15.7,146.6,1.33,26.9,0,0,0,0,Precaución,27.2,83.8,9.75,0.868,14.83,-92.47,12
P025,Cacao,Mazatán,2017,Oct,10,33,5.98,82,29.2,17.5,145.1,1.33,26.3,0,0,0,0,Precaución,27.2,84.7,7.47,0.82,14.83,-92.47,12
P025,Cacao,Mazatán,2017,Nov,11,34,6.04,71,28.4,17.5,144.7,1.4,27,0,0,0,0,Óptimo,26.3,82.8,1.42,0.71,14.83,-92.47,12
P025,Cacao,Mazatán,2017,Dic,12,35,6.05,49.4,28.5,16.5,146.3,1.35,26.2,0,0,0,0,Óptimo,26.9,75,0.14,0.494,14.83,-92.47,12
P025,Cacao,Mazatán,2018,Ene,1,36,5.98,49.9,38.6,20.8,155.8,1.37,26.6,8,4,6,0,Precaución,27.2,73.1,0,0.499,14.83,-92.47,12
P025,Cacao,Mazatán,2018,Feb,2,37,6.04,36.1,29.8,18.7,142.1,1.31,27.2,0,0,0,0,Óptimo,28.1,72,0.45,0.361,14.83,-92.47,12
P025,Cacao,Mazatán,2018,Mar,3,38,6.04,31,30.4,17.7,146,1.4,28.8,0,0,0,0,Precaución,29.5,69.1,0.29,0.31,14.83,-92.47,12
P025,Cacao,Mazatán,2018,Abr,4,39,5.93,39.9,29.6,17.1,144,1.45,29.4,0,0,0,0,Precaución,29.5,69.8,0.3,0.399,14.83,-92.47,12
P025,Cacao,Mazatán,2018,May,5,40,6.02,71.6,31.4,16.4,147.6,1.3,29,0,0,0,0,Óptimo,29.3,77.1,3.74,0.716,14.83,-92.47,12
P025,Cacao,Mazatán,2018,Jun,6,41,5.99,83.5,29.1,17.7,144.8,1.3,27.5,0,0,0,0,Precaución,27.5,86.1,8.07,0.835,14.83,-92.47,12
P025,Cacao,Mazatán,2018,Jul,7,42,5.92,84.8,37.7,16.4,148.1,1.35,26.8,8,0,6,0,Precaución,26.7,86.6,7.59,0.848,14.83,-92.47,12
P025,Cacao,Mazatán,2018,Ago,8,43,5.87,77.2,30.6,17.4,150.1,1.37,27,0,0,0,0,Precaución,27.3,85.1,7.6,0.772,14.83,-92.47,12
P025,Cacao,Mazatán,2018,Sep,9,44,6,84.3,28.7,17.6,140.2,1.32,27,0,0,0,0,Óptimo,27.5,85.9,9.99,0.843,14.83,-92.47,12
P025,Cacao,Mazatán,2018,Oct,10,45,5.96,81,30.1,18.8,138.5,1.38,26.9,0,0,0,0,Precaución,27.6,89.6,7.5,0.81,14.83,-92.47,12
P025,Cacao,Mazatán,2018,Nov,11,46,5.93,61.7,28.9,17.2,148.4,1.39,26.9,0,0,0,0,Precaución,27.2,81.3,2.74,0.617,14.83,-92.47,12
P025,Cacao,Mazatán,2018,Dic,12,47,5.97,44.3,28.9,18.5,144,1.42,26.8,0,0,0,0,Precaución,27.3,76.1,0,0.443,14.83,-92.47,12
P025,Cacao,Mazatán,2019,Ene,1,48,6.08,43.7,37.4,21.4,150.7,1.47,26.7,8,4,6,0.15,Óptimo,26.7,73.3,0.17,0.437,14.83,-92.47,12
P025,Cacao,Mazatán,2019,Feb,2,49,5.91,33.7,30.1,17.2,146.1,1.42,27.5,0,0,0,0,Precaución,28,69.3,0.39,0.337,14.83,-92.47,12
P025,Cacao,Mazatán,2019,Mar,3,50,5.88,31.4,29.7,17.5,144.8,1.41,28.8,0,0,0,0,Precaución,29.1,72.3,0.09,0.314,14.83,-92.47,12
P025,Cacao,Mazatán,2019,Abr,4,51,5.92,39.6,29,17.2,148.1,1.34,29.1,0,0,0,0,Precaución,29.8,69.1,1,0.396,14.83,-92.47,12
P025,Cacao,Mazatán,2019,May,5,52,5.87,67,29.8,16.3,140.9,1.39,28.5,0,0,0,0,Precaución,29,78.9,4.5,0.67,14.83,-92.47,12
P025,Cacao,Mazatán,2019,Jun,6,53,5.91,90.4,29.8,18.4,137.8,1.41,27.6,0,0,0,0,Precaución,28.2,84.5,8.19,0.904,14.83,-92.47,12
P025,Cacao,Mazatán,2019,Jul,7,54,5.82,76.8,37.9,16.8,158.5,1.4,26.8,8,0,6,0,Precaución,27.4,85.8,7.15,0.768,14.83,-92.47,12
P025,Cacao,Mazatán,2019,Ago,8,55,5.94,89.1,26.5,18.4,145.1,1.44,27,0,0,0,0,Precaución,27.5,86.7,7.78,0.891,14.83,-92.47,12
P025,Cacao,Mazatán,2019,Sep,9,56,5.92,93,28.7,16.6,147.6,1.42,26.8,0,0,0,0,Precaución,27.8,86.9,9.64,0.93,14.83,-92.47,12
P025,Cacao,Mazatán,2019,Oct,10,57,5.88,81.6,29.6,17.2,146.4,1.38,27,0,0,0,0,Precaución,26.9,85.9,7.89,0.816,14.83,-92.47,12
P025,Cacao,Mazatán,2019,Nov,11,58,5.88,63.8,28.6,17.5,148,1.48,26.6,0,0,0,0,Precaución,27.1,84.4,1.65,0.638,14.83,-92.47,12
P025,Cacao,Mazatán,2019,Dic,12,59,5.83,47.8,29.3,17.2,132.1,1.42,26.5,0,0,0,0,Precaución,27.3,78.7,0.99,0.478,14.83,-92.47,12
P025,Cacao,Mazatán,2020,Ene,1,60,5.85,42.3,36.8,20,155.1,1.39,26.6,8,4,6,0,Precaución,26.6,72.5,1.36,0.423,14.83,-92.47,12
P025,Cacao,Mazatán,2020,Feb,2,61,5.82,39.4,28.6,16.3,146.5,1.44,27.5,0,0,0,0,Precaución,28.4,70.4,0,0.394,14.83,-92.47,12
P025,Cacao,Mazatán,2020,Mar,3,62,5.89,31.3,28.1,15.9,148.2,1.51,28.6,0,0,0,0,Atención,28.9,70.1,1.09,0.313,14.83,-92.47,12
P025,Cacao,Mazatán,2020,Abr,4,63,5.84,37,29.4,17.8,142.6,1.42,29.1,0,0,0,0,Precaución,29.3,71.2,0.61,0.37,14.83,-92.47,12
P025,Cacao,Mazatán,2020,May,5,64,5.91,65.7,30.6,16.3,147.2,1.46,28.5,0,0,0,0,Precaución,29.4,80.8,3.94,0.657,14.83,-92.47,12
P025,Cacao,Mazatán,2020,Jun,6,65,5.85,84.2,28.2,15.5,143.5,1.52,27.6,0,0,0,0,Precaución,27.8,82.4,7.81,0.842,14.83,-92.47,12
P025,Cacao,Mazatán,2020,Jul,7,66,5.82,84.4,37.4,16.1,149.2,1.46,27.2,8,0,6,0,Precaución,27,84.9,7.39,0.844,14.83,-92.47,12
P025,Cacao,Mazatán,2020,Ago,8,67,5.85,81.8,28.7,16.5,152.3,1.44,26.6,0,0,0,0,Precaución,27.6,84.2,7.29,0.818,14.83,-92.47,12
P025,Cacao,Mazatán,2020,Sep,9,68,5.82,88.4,28.7,16.7,140.7,1.5,26.5,0,0,0,0,Precaución,27.3,88.7,9.28,0.884,14.83,-92.47,12
P025,Cacao,Mazatán,2020,Oct,10,69,5.81,84.9,28,16.4,137.7,1.46,27,0,0,0,0,Precaución,27.2,84.9,7.16,0.849,14.83,-92.47,12
P025,Cacao,Mazatán,2020,Nov,11,70,5.78,56,28.4,14.7,145.2,1.49,26.3,0,0,0,0,Precaución,27,83,2.11,0.56,14.83,-92.47,12
P025,Cacao,Mazatán,2020,Dic,12,71,5.79,46.5,27.9,17.2,144,1.53,26.6,0,0,0,0,Precaución,27,73.8,0.2,0.465,14.83,-92.47,12
P025,Cacao,Mazatán,2021,Ene,1,72,5.98,40.8,37.6,20.7,145.4,1.49,27.2,8,4,6,0.15,Precaución,27,75,0,0.408,14.83,-92.47,12
P025,Cacao,Mazatán,2021,Feb,2,73,5.81,41.3,27.9,15.8,141.9,1.48,27.6,0,0,0,0,Precaución,28.1,73.3,0.86,0.413,14.83,-92.47,12
P025,Cacao,Mazatán,2021,Mar,3,74,5.75,34.3,26.7,17.1,141.7,1.5,28.6,0,0,0,0,Precaución,28.8,68.3,0,0.343,14.83,-92.47,12
P025,Cacao,Mazatán,2021,Abr,4,75,5.8,42.8,29.1,14.7,146.1,1.53,29.3,0,0,0,0,Atención,29.5,70.1,0.96,0.428,14.83,-92.47,12
P025,Cacao,Mazatán,2021,May,5,76,5.75,67.1,27.7,15.9,141.9,1.45,29,0,0,0,0,Precaución,29.6,76.1,3.92,0.671,14.83,-92.47,12
P025,Cacao,Mazatán,2021,Jun,6,77,5.78,82.6,26.6,17.8,143.6,1.51,27.7,0,0,0,0,Precaución,28.1,88.9,7.62,0.826,14.83,-92.47,12
P025,Cacao,Mazatán,2021,Jul,7,78,5.71,83.6,36.4,17.6,149.9,1.53,27.1,8,0,6,0,Precaución,27.1,84.6,7.16,0.836,14.83,-92.47,12
P025,Cacao,Mazatán,2021,Ago,8,79,5.72,86.5,28.8,17.4,147.5,1.48,26.9,0,0,0,0,Precaución,26.9,81.2,7.9,0.865,14.83,-92.47,12
P025,Cacao,Mazatán,2021,Sep,9,80,5.71,87.6,26.3,17.1,139.4,1.5,26.4,0,0,0,0,Precaución,27.2,82.7,8.75,0.876,14.83,-92.47,12
P025,Cacao,Mazatán,2021,Oct,10,81,5.73,85.8,29.6,16,140.2,1.54,26.9,0,0,0,0,Precaución,26.7,82.6,7.33,0.858,14.83,-92.47,12
P025,Cacao,Mazatán,2021,Nov,11,82,5.74,65.1,27.3,14.8,139.3,1.53,27.1,0,0,0,0,Atención,27.6,81.1,1.69,0.651,14.83,-92.47,12
P025,Cacao,Mazatán,2021,Dic,12,83,5.62,48.2,25.7,17.5,144.8,1.59,27,0,0,0,0,Precaución,27.2,79.4,1,0.482,14.83,-92.47,12
P025,Cacao,Mazatán,2022,Ene,1,84,5.69,41.1,33.9,20.5,151.2,1.57,26.9,8,4,6,0,Precaución,27.3,77.3,0.64,0.411,14.83,-92.47,12
P025,Cacao,Mazatán,2022,Feb,2,85,5.7,38.9,27.3,17,134.6,1.57,27.7,0,0,0,0,Precaución,27.8,73.2,0.2,0.389,14.83,-92.47,12
P025,Cacao,Mazatán,2022,Mar,3,86,5.7,36.1,26.9,16.7,143.1,1.54,28.7,0,0,0,0,Precaución,29.4,67.2,0.11,0.361,14.83,-92.47,12
P025,Cacao,Mazatán,2022,Abr,4,87,5.67,41.1,28,16.7,145.1,1.53,29.2,0,0,0,0,Precaución,29,68.8,0.33,0.411,14.83,-92.47,12
P025,Cacao,Mazatán,2022,May,5,88,5.64,68.8,27.7,16.6,145.4,1.56,28.9,0,0,0,0,Precaución,28.9,80.3,4.39,0.688,14.83,-92.47,12
P025,Cacao,Mazatán,2022,Jun,6,89,5.64,88.9,27.2,15,149.2,1.58,27.4,0,0,0,0,Atención,27.8,88.5,7.5,0.889,14.83,-92.47,12
P025,Cacao,Mazatán,2022,Jul,7,90,5.65,77.4,34,16.9,142,1.55,26.8,8,0,6,0,Precaución,27.4,83.5,7.34,0.774,14.83,-92.47,12
P025,Cacao,Mazatán,2022,Ago,8,91,5.7,83.9,26.4,17.9,139.2,1.62,26.9,0,0,0,0,Precaución,27.8,89.6,8.41,0.839,14.83,-92.47,12
P025,Cacao,Mazatán,2022,Sep,9,92,5.66,89.1,29,17.1,144.4,1.6,26.3,0,0,0,0,Atención,26.9,89,9.91,0.891,14.83,-92.47,12
P025,Cacao,Mazatán,2022,Oct,10,93,5.57,79.3,28.7,16.2,145.5,1.61,26.8,0,0,0,0,Precaución,27,89.5,6.71,0.793,14.83,-92.47,12
P025,Cacao,Mazatán,2022,Nov,11,94,5.65,56.9,29.2,16.6,145.9,1.64,26.9,0,0,0,0,Precaución,26.5,83.2,1.13,0.569,14.83,-92.47,12
P025,Cacao,Mazatán,2022,Dic,12,95,5.68,52.2,28.2,15.5,143.4,1.64,27,0,0,0,0,Precaución,27.4,77.1,0.71,0.522,14.83,-92.47,12
P025,Cacao,Mazatán,2023,Ene,1,96,5.89,34.6,35.5,21.4,157.5,1.64,27.3,8,4,6,0.15,Atención,27.2,71.2,0.67,0.346,14.83,-92.47,12
P025,Cacao,Mazatán,2023,Feb,2,97,5.72,39.2,28,16.8,142.4,1.58,27.8,0,0,0,0,Precaución,28.2,73.1,0,0.392,14.83,-92.47,12
P025,Cacao,Mazatán,2023,Mar,3,98,5.63,33.5,26.6,15.3,140.4,1.61,29.3,0,0,0,0,Atención,28.8,66.8,0.65,0.335,14.83,-92.47,12
P025,Cacao,Mazatán,2023,Abr,4,99,5.6,38.5,27.9,17.3,144.5,1.58,29.4,0,0,0,0,Precaución,29.6,73,2,0.385,14.83,-92.47,12
P025,Cacao,Mazatán,2023,May,5,100,5.68,68.3,28.3,16.9,138.8,1.53,29.2,0,0,0,0,Precaución,28.5,78.1,4.29,0.683,14.83,-92.47,12
P025,Cacao,Mazatán,2023,Jun,6,101,5.62,81.6,25.6,17.1,143.9,1.65,27.7,0,0,0,0,Precaución,28.1,85,7.84,0.816,14.83,-92.47,12
P025,Cacao,Mazatán,2023,Jul,7,102,5.57,85.7,36.5,16.8,150.3,1.59,26.6,8,0,6,0,Precaución,27.1,84.2,6.99,0.857,14.83,-92.47,12
P025,Cacao,Mazatán,2023,Ago,8,103,5.7,84,27.1,16.2,138.1,1.66,27.3,0,0,0,0,Precaución,26.7,83.9,7.91,0.84,14.83,-92.47,12
P025,Cacao,Mazatán,2023,Sep,9,104,5.61,93.4,30.2,15.8,145.5,1.6,26.8,0,0,0,0,Atención,27.3,86.8,8.49,0.934,14.83,-92.47,12
P025,Cacao,Mazatán,2023,Oct,10,105,5.54,71.8,26.7,16.5,144.7,1.7,27.4,0,0,0,0,Precaución,27.4,86.1,7.71,0.718,14.83,-92.47,12
P025,Cacao,Mazatán,2023,Nov,11,106,5.58,60.7,26.8,15.3,141.2,1.66,26.8,0,0,0,0,Precaución,27.1,81.7,2.01,0.607,14.83,-92.47,12
P025,Cacao,Mazatán,2023,Dic,12,107,5.56,50.4,28,16.4,146.2,1.6,26.7,0,0,0,0,Precaución,26.9,76.8,0.51,0.504,14.83,-92.47,12
P025,Cacao,Mazatán,2024,Ene,1,108,5.57,39.4,34,20.5,150.3,1.6,26.6,8,4,6,0,Precaución,26.8,77.3,0.2,0.394,14.83,-92.47,12
P025,Cacao,Mazatán,2024,Feb,2,109,5.57,32.9,28,16.6,146,1.66,27.4,0,0,0,0,Atención,28.4,69.3,0.39,0.329,14.83,-92.47,12
P025,Cacao,Mazatán,2024,Mar,3,110,5.57,26.8,26.6,17.4,140.8,1.65,28.6,0,0,0,0,Atención,29.2,70,1.14,0.268,14.83,-92.47,12
P025,Cacao,Mazatán,2024,Abr,4,111,5.63,45,29.4,16.3,146.7,1.65,29.5,0,0,0,0,Precaución,29.9,70.8,0.61,0.45,14.83,-92.47,12
P025,Cacao,Mazatán,2024,May,5,112,5.64,68.3,28.2,15.9,147.4,1.7,28.8,0,0,0,0,Precaución,28.7,77.8,4.7,0.683,14.83,-92.47,12
P025,Cacao,Mazatán,2024,Jun,6,113,5.59,87.1,28,16.3,146.1,1.71,27.9,0,0,0,0,Precaución,28,89.4,8.12,0.871,14.83,-92.47,12
P025,Cacao,Mazatán,2024,Jul,7,114,5.54,78.6,34.2,14.9,146.3,1.68,26.8,8,0,6,0,Atención,27.9,82.8,8.26,0.786,14.83,-92.47,12
P025,Cacao,Mazatán,2024,Ago,8,115,5.51,80,27.9,14.5,144.3,1.62,27.3,0,0,0,0,Atención,26.8,85.4,7.07,0.8,14.83,-92.47,12
P025,Cacao,Mazatán,2024,Sep,9,116,5.61,90.9,26,15.3,147.1,1.58,26.9,0,0,0,0,Atención,27.3,87.5,8.83,0.909,14.83,-92.47,12
P025,Cacao,Mazatán,2024,Oct,10,117,5.48,85.2,29,15.8,147.9,1.66,27,0,0,0,0,Atención,27.4,86.3,7.01,0.852,14.83,-92.47,12
P025,Cacao,Mazatán,2024,Nov,11,118,5.47,70.2,27,16.6,149.7,1.75,27.1,0,0,0,0,Atención,27.5,82.1,2.95,0.702,14.83,-92.47,12
P025,Cacao,Mazatán,2024,Dic,12,119,5.49,48.3,29,16,142.9,1.66,27,0,0,0,0,Atención,27,78.4,0.98,0.483,14.83,-92.47,12